t,y_obs,abs_y,bpf_ess,bpf_max_w,bpf_entropy,bpf_rel_entropy,bpf_ll_inc,bpf_filtered_mean,apf_ess,apf_max_w,apf_entropy,apf_rel_entropy,apf_ll_inc,apf_filtered_mean
0,-0.69295745,0.69295745,963.0817882973125,0.0011392152030908953,6.8839486697325,0.9965536403233519,-1.1824924389488842,-0.9457847138927397,990.1169539593749,0.0020370181980797677,6.902861505562628,0.9992915537360741,-0.006851554832900675,-0.9470241686021394
1,0.66113097,0.66113097,924.4340612336268,0.001235944168468435,6.854534092270679,0.9922954440969571,-1.0867229553827045,-0.9120151776460439,994.6913817119598,0.001817987143714817,6.905224483119498,0.9996336297740107,0.0034106344266291444,-0.9041557762906596
2,-0.78722523,0.78722523,859.5264613203134,0.00141392826434747,6.798598722721996,0.9841979699842197,-1.3159837092985036,-0.842656748378585,990.2351923017328,0.0022208355568464674,6.903065479121852,0.9993210819331493,0.00048221528472591757,-0.8396567524945379
3,-0.19304354,0.19304354,877.9088372062073,0.0016042250199217209,6.817524891594889,0.9869378135525751,-0.519051190141889,-0.9521375576601316,990.7029638505711,0.0013543698984735664,6.903087672380282,0.9993242947363732,-0.003327367220116173,-0.9417974509612608
4,-0.51996678,0.51996678,859.079349647411,0.0017117799985148095,6.803019931061582,0.984838005445962,-0.8304565938665043,-0.9760196636660521,998.3054148191588,0.001161582865144559,6.9069069989543035,0.9998771988882678,0.00013525872277231343,-0.9561396877334801
5,0.50634546,0.50634546,838.1951961453551,0.0017961084358505915,6.78648777413731,0.9824447306039052,-0.8051674743250823,-1.0048469782115361,998.2348155267625,0.001231637797566086,6.906872404668958,0.9998721908525241,-0.0009570102814393522,-0.9898476091376872
6,0.73591758,0.73591758,811.7480791429288,0.0018807333735367067,6.758789583293268,0.9784350067898151,-1.222815520663465,-0.9576249126138571,991.3075884648468,0.0025186002233090476,6.903722391657765,0.9994161797629626,0.0004854812470966863,-0.9469711339581586
7,-0.57972535,0.57972535,794.3965567318924,0.001959778345741889,6.741832270497367,0.9759801843314261,-0.9180986615281821,-0.960851356892013,998.3238760789467,0.0012891410770447989,6.9069085935601375,0.9998774297311059,-0.003095940865811997,-0.9508869745134496
8,-0.66293485,0.66293485,772.8991595048532,0.0020161822266912327,6.7191238088957554,0.9726927978093954,-1.0638556695663954,-0.9459840591472782,996.837744656363,0.0014070021671551659,6.9061575725370155,0.9997687083023942,-0.003062917190824521,-0.9397935661094703
9,-0.03672305,0.03672305,756.9642346891872,0.0022241109831868957,6.709702335838628,0.9713288998893586,-0.4203752335583486,-1.0453039863352704,989.131771630593,0.0014257041151624118,6.902321584225767,0.9992133921169873,-0.0029918747820341096,-1.0345746045170523
10,-0.49111231,0.49111231,737.2846528876709,0.00235965784366824,6.691826183195692,0.9687410617391962,-0.7711308650880007,-1.067079025685645,998.2785241295956,0.0012101371793513472,6.906893066811056,0.9998751820039566,0.00018107170209624712,-1.0578517991619985
11,-0.12152173,0.12152173,687.1618193733144,0.0032091535742669,6.651948837309719,0.9629682246487877,-0.38489095586175637,-1.161500774669534,990.7381377400194,0.0013585254619113596,6.90310956631193,0.9993274642076071,-0.0007419708837739236,-1.1577503582207649
12,-0.26608155,0.26608155,627.2132510173166,0.004203185589620343,6.598317794830759,0.9552043360463439,-0.4522263904072643,-1.2277508642197263,993.9019995402778,0.0012608811916651828,6.904700320107986,0.9995577494061717,-0.004408260213530468,-1.2212302452247679
13,0.28549799,0.28549799,565.0428272594135,0.005187590672515859,6.53480764692552,0.9460103004529756,-0.4506500084628495,-1.282810186516701,994.6931995202442,0.001218326359283371,6.905092853718693,0.9996145744665355,-0.001509843347706763,-1.2867461197962728
14,0.34452813,0.34452813,515.3943731980024,0.0059493953442565865,6.4753697852738386,0.9374057886758242,-0.5084256266862761,-1.3281643322047736,996.8023850054644,0.0012281137675451237,6.906154295964111,0.9997682339698835,-0.0015127416643538893,-1.3283386830352701
15,-0.37848899,0.37848899,1000.0,0.0010000000000000002,6.907755278982141,1.0000000000000007,-0.5521713153640455,-1.338336890244138,997.4481400829075,0.0012512276169362342,6.906478404194177,0.9998151534418358,-0.003170731248184566,-1.3480689520462714
16,-0.71997082,0.71997082,951.2552096591088,0.0012331556025694816,6.878127024533843,0.9957108708615601,-1.299974610883698,-1.2230989336228308,984.109494888035,0.001686041592716214,6.899695985745926,0.9988332978064912,0.005684952329169768,-1.240681758029059
17,1.03428449,1.03428449,699.4814119322112,0.002348223345256617,6.668370151746293,0.9653454533972551,-2.120332324674819,-1.0043959026526807,928.330367209257,0.00311486565724509,6.872483979517365,0.9948939564242975,0.02320903357046511,-1.0368420212203027
18,-0.75375861,0.75375861,636.1404608170444,0.002551632388727211,6.591532541068982,0.9542220699573262,-1.2423244629241283,-0.9411934860967031,991.8108050813117,0.0015015192207909064,6.903665892387439,0.9994080006558512,0.008350122831851436,-0.9828785454231908
19,0.54228263,0.54228263,648.2311130943427,0.0025634562136689527,6.599069219107012,0.9553131158519255,-0.8546585554672017,-0.9577311363682077,998.6159022358567,0.0012687722597695445,6.907067261399628,0.999900399253488,-0.0007899059770632988,-0.9949916997234483
20,0.47414052,0.47414052,668.5834918759713,0.002714629048583493,6.619039932725183,0.9582041727599394,-0.7538842419459986,-0.988124972116609,998.236919539751,0.0011937724349410804,6.906873204630383,0.9998723066588017,-0.0006576067375689831,-1.0232214194877434
21,0.19070091,0.19070091,705.0792180158599,0.0028258842791467095,6.663361989666222,0.9646204476786377,-0.4602177201298252,-1.063543662901395,991.4782995182838,0.001339928845473633,6.903468074847609,0.9993793636338606,-0.0030138708259261904,-1.0969877705546036
22,0.17957193,0.17957193,708.287570005687,0.0039678385062162265,6.680029306464851,0.9670332889165637,-0.42466156323485205,-1.1310568050504641,991.7739984485513,0.0014040271828061454,6.903618185033227,0.9994010943089576,-0.00605753306321688,-1.162553764947789
23,0.19422848,0.19422848,681.80684528374,0.004901821022968855,6.670380521686184,0.9656364842544146,-0.4042038649122821,-1.197843232395004,992.0309650354768,0.0012767711959816228,6.903741603421206,0.9994189609505792,-0.005482942063317786,-1.2220204653829505
24,0.06110767,0.06110767,624.4508054106464,0.0052550435504744334,6.630521144730189,0.9598662484330512,-0.3088187135037277,-1.278254096826494,988.9602380275854,0.001375872120272863,6.9022004738714715,0.9991958595974634,-0.004257234354243522,-1.2941237751031784
25,0.576402,0.576402,629.2307401418354,0.005367881576018901,6.628794726376837,0.9596163237782789,-0.927514514222354,-1.2414257911823374,996.5409758339847,0.0013515199918338896,6.9060241089130185,0.9997493874639153,0.00026265350650778174,-1.2549136968441967
26,-0.25846954,0.25846954,582.2269529895688,0.005465081676710984,6.585541824914165,0.9533548249677642,-0.41542000540650115,-1.2983809802042452,994.0804832144471,0.00126300363308317,6.9047739296423245,0.9995684054776979,-0.0018276259918366122,-1.3065375687785599
27,-0.49437563,0.49437563,573.6137756781155,0.005722140315738545,6.572484282455636,0.9514645520887788,-0.7604849419127246,-1.3018574088081256,998.2616475797716,0.0012272431085791078,6.906887235931798,0.9998743378977277,-0.0010111289772414267,-1.3129057419771073
28,1.124936,1.124936,573.2878237143387,0.006171049710899557,6.5473457154315335,0.9478253717749379,-2.5108815982405934,-1.019096350965405,893.1568191585111,0.0033281613543906085,6.8513813735900975,0.9918390413216338,-0.0014218866769439842,-1.0367265204216596
29,0.67841031,0.67841031,554.8389502921897,0.006511378632650544,6.519732554663943,0.9438279573251805,-1.0949379079661314,-0.9910689534759434,995.0346756996474,0.0015346404229117964,6.905294604140783,0.9996437808315474,0.004415604482828961,-1.009895768469128
30,-0.20591794,0.20591794,559.4540379152986,0.005604052066190727,6.530000486853252,0.9453143927553052,-0.467407770958709,-1.0663309764700477,992.4354010497472,0.0013232492375627306,6.903954175707801,0.9994497339409372,-0.004338148861126712,-1.0826327746510387
31,0.36474022,0.36474022,551.1807459042085,0.005400491175986812,6.521951334063079,0.9441491585417157,-0.5889874444220391,-1.1095589365457221,996.3344174746916,0.00120747574691159,6.905908845212082,0.9997327013341551,-0.0013381593799222102,-1.117500695825873
32,0.5202579,0.5202579,540.7500635065594,0.005599197781639686,6.508109920963861,0.9421454087648045,-0.8082060005651286,-1.119380382155974,998.6195844075568,0.0011728701942577977,6.907065444556453,0.9999001362384996,-0.0004925853798773971,-1.12383963918816
33,-0.294681,0.294681,519.3662752334676,0.006108352764094807,6.486743330622284,0.939052278003993,-0.49374954236840285,-1.1723253445511785,994.8606350086925,0.0013541656987306264,6.905183624710834,0.9996277149135367,-0.0017427875120237246,-1.1802090322195147
34,-0.12983884,0.12983884,1000.0,0.0010000000000000002,6.907755278982141,1.0000000000000007,-0.34914376569906924,-1.2470223096596902,990.6130104232732,0.001329368445186624,6.903039840550605,0.9993173703698104,-0.002149481197753822,-1.255999904234668
35,-0.69663174,0.69663174,974.4159649859192,0.00114724380945903,6.892878036114353,0.997846298505529,-1.194803478455147,-1.1780443869168842,988.8890912971061,0.0018160168339287834,6.902282310954508,0.999207706728656,0.002708589876137424,-1.182995268094964
36,0.28512632,0.28512632,985.3189479818059,0.001286616433659892,6.899520493291857,0.9988078926716852,-0.46312131446659865,-1.2337693772885419,994.5997065691181,0.001267181922579073,6.905049325859341,0.9996082731634937,0.00010983198371761205,-1.2426072833279302
37,0.40092526,0.40092526,972.8268317264368,0.001411766038042062,6.892561014191221,0.9978004048815762,-0.6000173988190074,-1.2608230335186508,997.574054452284,0.0012185772028663825,6.9065408499673815,0.9998241933934096,-0.0008472693801664377,-1.263611921395308
38,0.08926861,0.08926861,917.4966758437777,0.001841364074326424,6.8602881642734195,0.9931284313367118,-0.28153365951964027,-1.349609577972204,990.2535700933742,0.0013687264882883995,6.902849474577849,0.9992898120726403,0.0028701834685760375,-1.3590703516690823
39,-0.18295806,0.18295806,828.7692582811364,0.0024456344895210772,6.801965084278711,0.9846853007336105,-0.30294509657830204,-1.4179249345235065,992.5883261892868,0.0013219291755762939,6.904038154508999,0.9994618911175897,-0.005535143315182012,-1.4306366079476245
40,-0.40543591,0.40543591,795.1236085508608,0.0025351529417984397,6.773805289426814,0.9806087528950418,-0.581239719976419,-1.4417794349072688,998.2785269966863,0.0011824717966737014,6.906894572917252,0.99987540003516,0.0003351433104965551,-1.4482885512261343
41,-0.22747038,0.22747038,707.331121266427,0.003279195845208431,6.699577011781553,0.9698631091008686,-0.3081852783049941,-1.502166385915155,993.7133506278037,0.0013404161839688465,6.904601168858966,0.9995433957927307,-0.0022314920922390513,-1.5158487853823455
42,0.26542621,0.26542621,629.1369385956557,0.004118983475019053,6.622299627067123,0.9586760618484046,-0.3369516762377387,-1.549844097766345,995.4333316190125,0.0012682910085400551,6.905464568173034,0.9996683856453236,-0.0012670779182739622,-1.560551471521464
43,0.0065955,0.0065955,1000.0,0.0010000000000000002,6.907755278982141,1.0000000000000007,-0.1305411793883895,-1.6272478098297247,989.3159264105428,0.0015422463503715783,6.902387476374752,0.9992229309825557,-0.0056454496182087865,-1.6297969417854707
44,0.24539313,0.24539313,979.628131407007,0.0012908189014030342,6.897191886852268,0.9984707923626059,-0.2693445279747131,-1.6765107421347507,995.3606006187136,0.0012786429551625463,6.905436790125261,0.9996643643610349,0.0004347104078208375,-1.678675958054484
45,-0.05706122,0.05706122,882.8827248151911,0.0025144575970706125,6.843924109382263,0.9907594917564481,-0.07390191433116566,-1.7598309621847763,989.5915264346053,0.0013050440291346923,6.9025087709106705,0.9992404901651004,-0.0020301422665411906,-1.758941968423533
46,-0.0448059,0.0448059,726.7260788493828,0.004659776962514401,6.744146335632814,0.9763151795711225,-0.03068125489462492,-1.8419343838953077,988.9640871948064,0.001356186902437156,6.902191380861483,0.9991945432494427,0.001343337998528149,-1.8465143635736818
47,-0.71831048,0.71831048,916.8765314869455,0.0020915152093412435,6.859851957044569,0.9930652838725598,-1.6346909368793971,-1.622648040620736,952.1656540863686,0.002530748525872787,6.8830033170316645,0.9964167865028769,-0.0062962090737688214,-1.618465206061784
48,-0.45096286,0.45096286,905.3299805684135,0.0021567689753819517,6.850937002714623,0.9917747120485881,-0.6659854983679763,-1.606762615626014,997.9887362966687,0.001458427092521713,6.9067635945482015,0.9998564389741842,0.00017300327208680244,-1.5966838090000484
49,-0.42566059,0.42566059,890.9821143322022,0.002246094077400351,6.84014843366136,0.9902129067127667,-0.6054307549549263,-1.5943056293246123,998.141134499557,0.0015871547621333542,6.906847706426822,0.9998686154157667,0.0009325522762599903,-1.5847852328799146
50,0.59823662,0.59823662,870.0786176874274,0.0023445903584259037,6.823917568318629,0.9878632482944791,-1.0550261029100065,-1.509209905674235,988.351848816154,0.002242155179177751,6.902231891689738,0.9992004077924989,0.00479123569452522,-1.4985713590372094
51,0.33338374,0.33338374,859.0468406765638,0.0023313119116950796,6.815063221313472,0.9865814502794136,-0.43745713859349156,-1.526063831698203,997.3814269682233,0.0012089124784526398,6.906444255991328,0.9998102099831478,-0.0019093553939377728,-1.5208179460189017
52,-0.08735215,0.08735215,824.995478821689,0.00247048938889973,6.789790285916174,0.9829228181512324,-0.1580634059205357,-1.6015171448627548,990.1850140914507,0.0013674862929954012,6.902823614589119,0.9992860684558379,-0.0003083467806570539,-1.600588856458555
53,-0.1356811,0.1356811,762.033155981244,0.003515792791153964,6.741179053682624,0.9758856215120496,-0.1546904087559433,-1.6701404171355378,990.6441535708909,0.0013736432814799458,6.903074698274218,0.9993224165421494,0.00180030117245078,-1.6645919125265318
54,-0.74548355,0.74548355,799.6174687687659,0.002883118935235633,6.7671097340070245,0.9796394719710111,-1.5803703065759809,-1.4969787854332528,950.654305968574,0.0041967772694057786,6.884029962289038,0.99656540862626,0.006392540757800269,-1.4947374935557893
55,0.10708856,0.10708856,774.9669408822623,0.002837037111468125,6.7451941559085125,0.9764668670923765,-0.18532064586608588,-1.561126018372279,990.6108466215986,0.0013705209492939413,6.903035285471654,0.9993167109545927,-0.0032562521685184365,-1.556701691105844
56,-0.62857622,0.62857622,769.5308050785598,0.0029758356304615697,6.739151795740183,0.9755921458661173,-1.1277786486428365,-1.475073900663514,984.9134311451807,0.0019826326137236073,6.900389884703819,0.998933749969295,0.004303216215175709,-1.4676913250296237
57,-0.23373411,0.23373411,749.3703274666541,0.0029334512634809633,6.720007503394951,0.9728207256909585,-0.3035654159461476,-1.5239995182160109,993.6765118597317,0.0012925090049695043,6.904579403340788,0.9995402449112505,-0.0016071517604014929,-1.5173887063084237
58,0.00991002,0.00991002,701.6178363566421,0.0036598850280932576,6.67675990705218,0.96655999487521,-0.1456929681710406,-1.5888520504178474,989.3773437766403,0.0013419618727161106,6.90241625066904,0.9992270964882989,-0.003346036119047824,-1.5866289994339606
59,-0.12347688,0.12347688,636.2305919614602,0.00465515739710266,6.61377381397573,0.9574418239886278,-0.15467524237212693,-1.6508609453228376,991.3162041298255,0.0014130857188278095,6.903394866200573,0.9993687655967155,-0.0023872853026452034,-1.6638532240117387
60,0.0860667,0.0860667,553.1501029268703,0.0053177500190992755,6.523715377490056,0.9444045299837737,-0.1005239221774179,-1.7236067774070207,989.8964401576717,0.0014000642992336772,6.902677490279591,0.9992649147954046,-0.004827312431448405,-1.7449276501370823
61,0.66804421,0.66804421,626.8358752081607,0.005636854252199699,6.597239321344448,0.9550482110183492,-1.3498131591814184,-1.5789718277059923,965.5923437059892,0.0026813257798867186,6.890590603654351,0.9975151587404939,0.003177232979539646,-1.5789810195462457
62,0.18792228,0.18792228,579.1569523858601,0.0053499360148785615,6.541300334045962,0.9469502131826865,-0.21655629033528534,-1.6285337580860146,992.9436072899474,0.0012802470706517381,6.904209605196806,0.9994867111468007,-0.003143278895894497,-1.6438512633102964
63,-0.70156293,0.70156293,614.5450319522397,0.00509024782677499,6.581095796379571,0.9527111964147781,-1.4080901367236054,-1.4981638873424101,961.4796418953412,0.0032933019548050833,6.889147309516648,0.9973062205139047,0.0020739986690507806,-1.502315922814459
64,-0.52163984,0.52163984,604.8209770699232,0.005075996862502553,6.569576882870645,0.9510436628899622,-0.8245609676814469,-1.4688736772777409,996.3584346826201,0.0015269673750164803,6.905959602995111,0.9997400492758495,0.00323284173027627,-1.4640469097641884
65,-0.75439474,0.75439474,573.5314571035992,0.005604214941207928,6.538348492233552,0.9465228903124927,-1.454007154918135,-1.336264132902696,972.2193726784753,0.002955716423166875,6.894360508613374,0.9980609083808284,0.01318823112165024,-1.3370943906214356
66,-0.12810409,0.12810409,575.7198198684289,0.004960316030395568,6.536453064385347,0.9462484990273856,-0.2795510716891281,-1.3833901323603655,990.4283032380456,0.0013957991437277494,6.902937375617812,0.9993025370515102,-0.007942712378838479,-1.3963742508487604
67,-0.52510171,0.52510171,565.8450970055187,0.005197196059533986,6.523035803267528,0.9443061515388111,-0.8218295155741746,-1.3586797737523462,997.3515132446272,0.0014244646195818236,6.906427260593004,0.9998077496472445,-0.0003880098373425511,-1.3698353656506932
68,0.44579048,0.44579048,557.0227315657219,0.005197843972647153,6.510453208135875,0.9424846343275779,-0.6594064901559369,-1.3655204130168657,998.2306840561572,0.001339074746057044,6.906866291057019,0.9998713058165476,-0.0014699271213034493,-1.3724791033314854
69,1.80733587,1.80733587,1000.0,0.0010000000000000002,6.907755278982141,1.0000000000000007,-5.26753792738768,-0.7611175073514449,601.4467617744795,0.01190857869151775,6.669640691475131,0.9655293828616794,-0.04464417014435362,-0.7757486255878621
70,-0.63271629,0.63271629,998.4956243509891,0.0010314657329468294,6.90698303147951,0.9998882057236486,-0.9921862205274827,-0.774297416740624,998.7610209501734,0.0012649483580112707,6.907137798254524,0.9999106105091055,-0.0009982501771439445,-0.7822333300677015
71,0.14565002,0.14565002,967.5890415254763,0.0014714466433869617,6.890484545375822,0.9974998052321188,-0.5351507148201247,-0.8489363219913761,989.8153669112727,0.0014651519568038476,6.902645041708223,0.9992602173835743,0.000490820674025727,-0.8577919156045388
72,-0.21330571,0.21330571,900.4556553157473,0.002207491173139794,6.851762820554331,0.9918942614255356,-0.5344659607036162,-0.9161311987372143,991.6763933562167,0.0013706279857992288,6.903569481722325,0.999394043782566,-0.0034506076547593523,-0.9270023221128407
73,-0.06940426,0.06940426,791.8170903116743,0.0036340099412371036,6.781951946705615,0.9817881023290884,-0.4506893503148781,-0.9849026944453344,989.7551900845264,0.0013434586503701677,6.902607009658291,0.999254711680434,-0.0046388886860908585,-1.0064551850961148
74,0.08438553,0.08438553,663.0453358646324,0.005525454148768556,6.686265253188473,0.9679360346670677,-0.42242395155168655,-1.0500598640224124,989.5347808432432,0.001516289578304968,6.902492320897656,0.9992381087818072,-0.003035850733029477,-1.0891943210845167
75,-0.55189959,0.55189959,664.2115855853241,0.005206448684112128,6.6760353386225075,0.9664551028516208,-0.8633580612454068,-1.0585209475911943,997.2794786556574,0.001619604570303623,6.906439027302749,0.9998094530529487,0.002180733883403896,-1.085012351936496
76,-0.22945373,0.22945373,563.2806037977131,0.006459157768565073,6.579311102737856,0.9524528355479499,-0.4586295598814756,-1.1223281347001914,992.7077640180298,0.0013545569348280247,6.9040923522999,0.9994697370514294,-0.0014914880572582945,-1.1549207237106431
77,0.8370841,0.8370841,670.9207949553427,0.004755616238812171,6.67285540822182,0.9659947607763358,-1.4855441938819514,-1.0326255016308303,968.149189546254,0.0034410556254763362,6.893210011775321,0.9978943569047571,0.006205546171985432,-1.0537358250465332
78,0.47338255,0.47338255,643.0165693921826,0.005070303710303322,6.642474320787892,0.9615966479007441,-0.7384739529112014,-1.0626018060007394,998.2111454505125,0.001235966203683261,6.906863162386746,0.9998708528951359,-0.0006191945761608864,-1.0793209897031064
79,-0.55361881,0.55361881,631.1653794863878,0.00526601703161969,6.628091790596228,0.9595145634013952,-0.8667084558408131,-1.062556941893333,998.1461991141663,0.0014936739370875979,6.906842009751061,0.999867790737484,-0.0012185391958290381,-1.0803220659776396
80,-0.31765144,0.31765144,583.8472571369533,0.006027929607131908,6.572756917997189,0.9515040201258679,-0.5390384115817488,-1.111151286184531,994.8578154010885,0.0012968406225416988,6.905180439246213,0.999627253770301,-0.001847963934530128,-1.127017218070495
81,-0.42618193,0.42618193,552.6577693157352,0.0065422914317246365,6.531737643234451,0.9455658718988244,-0.6600211584730333,-1.1443902301553184,997.9934725509831,0.001173077018687408,6.906753467161359,0.9998549728847769,0.00010594817480846785,-1.1594596485854058
82,-0.50123987,0.50123987,536.3076974539518,0.0068602387513243285,6.507866045756994,0.9421101042125992,-0.7764486288161336,-1.1446381114219604,998.1438398438232,0.001386099865664513,6.906837148011204,0.9998670869285531,-0.0009543651975132406,-1.1674624177011403
83,0.22977108,0.22977108,1000.0,0.0010000000000000002,6.907755278982141,1.0000000000000007,-0.4205320477818981,-1.2185059210076994,993.3255072709974,0.0013140409554600273,6.9044071011515395,0.9995153016145802,-0.002160211402725487,-1.237423095400537
84,-0.02405791,0.02405791,957.4361811006492,0.002220708773039871,6.885662129440334,0.9968016890220439,-0.28878464044241614,-1.3068230666410403,988.5569910671431,0.0013899450727559751,6.901983090179952,0.9991643900849024,-0.0009416657433334308,-1.3290517074257684
85,0.2508591,0.2508591,882.6023940297954,0.003143270215613,6.842531717892366,0.9905579224428777,-0.384267098078932,-1.3632755988008265,993.9802921430434,0.0012842211555254945,6.904733580495206,0.9995625643403835,-0.0036092626076218437,-1.3809091832843834
86,-0.66763726,0.66763726,939.2144342772212,0.0016717575635898038,6.872741564309136,0.9949312456421936,-1.1684280857903255,-1.285207954719979,986.3201572241734,0.0022196822567965534,6.901178733365139,0.9990479475095176,0.004150234035671829,-1.299486889116743
87,0.08569884,0.08569884,866.2099348566247,0.0020168431158647557,6.824636043526329,0.9879672582338419,-0.27318740156617327,-1.3640757303150557,989.5281666487494,0.0013551239776287496,6.9024976993747575,0.999238887396116,-0.004833522479207097,-1.3687701223021533
88,0.08997104,0.08997104,758.1795135519224,0.003135570531154616,6.745881750316716,0.9765664065781333,-0.24090475609784345,-1.4351261072292725,990.5043908617139,0.0013548076673290904,6.9029866048003665,0.9993096637056209,-0.002038726345048758,-1.4362938824125815
89,0.15967193,0.15967193,642.432620386689,0.0046562564210985155,6.646971056100169,0.9622476170116445,-0.2457282202751001,-1.5085858372739533,991.7440923955925,0.001342678940502183,6.903619827946637,0.9994013321450338,0.0015268512099089193,-1.5112933684508705
90,0.1355001,0.1355001,512.4753935634548,0.006962121065660175,6.514002492144177,0.9429984458140822,-0.1917240286125388,-1.5969117740769843,990.942986018884,0.0013378550051806853,6.903196329562952,0.9993400244746574,-0.0024154073911235585,-1.5890138998769046
91,0.66219332,0.66219332,655.4816187720568,0.003465034289894479,6.641944513106788,0.9615199503832862,-1.266013585946582,-1.4580429911606831,975.0684562674132,0.002942815863549249,6.896213376091879,0.998329138421366,0.0017130278590995474,-1.476818465076283
92,0.94967743,0.94967743,699.673444490157,0.004164550542780156,6.69935483991108,0.9698309464284084,-2.0968441472361894,-1.2325181810446315,928.3002731491175,0.0029810013500623906,6.871277290393717,0.9947192702817065,0.006322827533538522,-1.2363136025280226
93,-0.76721661,0.76721661,668.1846615437282,0.003840218422752504,6.6683986621411755,0.9653495806996465,-1.3614067077905974,-1.156148408486652,982.9482487046212,0.0016652467990153502,6.8992233825862215,0.9987648814916946,0.0031255292349197106,-1.1455007664703292
94,0.93263345,0.93263345,596.2259771883253,0.005018398207417055,6.588240111383852,0.9537454419425574,-1.7607423058367289,-1.035453157531376,963.3161779497894,0.00232226694567875,6.88923654893704,0.9973191392431862,0.0052884186377379905,-1.0032542361062222
95,-0.1156547,0.1156547,616.3543180236406,0.004631492759159662,6.609852542789734,0.9568741618425864,-0.4037379988233729,-1.1062581649855128,989.5330283327108,0.0014391062195347147,6.902509258824862,0.9992405607979141,-0.001806202326132933,-1.0771339922533572
96,0.9132032,0.9132032,550.974651261882,0.005496061355687015,6.529584627102796,0.9452541908903489,-1.6708323696774237,-0.996323788150616,972.098131035924,0.002122701690179471,6.8933915499388085,0.9979206372456431,-0.0018795176390762336,-0.9710179322972383
97,-0.51407792,0.51407792,552.0398071396268,0.0054636210075793504,6.528020994695974,0.9450278319150129,-0.8032599952473545,-1.0186603536538623,998.5699826691431,0.0011517858966894404,6.907038892606211,0.9998962924500083,0.00029760679555135283,-0.9976566266253395
98,-0.2383203,0.2383203,563.025199302951,0.005520765438181053,6.542688714697955,0.9471512018680004,-0.4794502700514558,-1.0856412861791809,992.4324733276845,0.0012950919998169766,6.9039384836087265,0.9994474622769247,-0.0005320153912800052,-1.0659439966506559
99,-0.09868546,0.09868546,553.7626144307585,0.006202016963812099,6.537453208972939,0.9463932847858846,-0.3724428236440831,-1.1647485611601018,989.57166006517,0.001421562618317392,6.902506068300201,0.9992400989221626,-0.001188142001430137,-1.1337009330426997
100,0.87173485,0.87173485,530.208894588987,0.005634489660064871,6.499502759767994,0.9408993945607321,-1.6051836585339805,-1.0503720215276096,974.6370908431303,0.0023554406390655022,6.895156654578271,0.9981761623139431,-0.0066057846789338015,-1.0206149351892946
101,0.40129529,0.40129529,526.039892406091,0.006321880936873322,6.496118354353553,0.9404094516953937,-0.6367872277131656,-1.0936052779481136,996.7788888380883,0.0013795174751613925,6.906148274653359,0.9997673622958724,-0.0012600937115907485,-1.0698318610698057
102,-0.02601244,0.02601244,517.9869862560386,0.0077106997934383885,6.48966770347819,0.9394756243354423,-0.356038783631055,-1.167644810091732,988.8932350354585,0.0013665132285383883,6.902175071437644,0.9991921822185172,-0.0013253385987574973,-1.1456607802772656
103,-0.61322572,0.61322572,509.2284574230029,0.007894185635852952,6.476806552429972,0.9376137820250537,-0.9858445399992313,-1.1457253137378003,996.8832981664206,0.0013291346596595766,6.906193755440739,0.999773946314203,0.001872222752346886,-1.1208523588496278
104,-0.15827854,0.15827854,1000.0,0.0010000000000000002,6.907755278982141,1.0000000000000007,-0.3733460300982099,-1.2171144154000284,990.7928105323557,0.001479864287823704,6.90314252332989,0.9993322352246204,-0.0032825956705533343,-1.2014980716828259
105,-0.67801642,0.67801642,979.5820308620621,0.0011173025234696315,6.895906036083292,0.9982846463981001,-1.1412723029306724,-1.157800576299961,992.1227014888251,0.0016366162628733353,6.903782245037026,0.9994248444270747,0.00032401756076883004,-1.1435212235459766
106,-0.24933987,0.24933987,986.0844026379222,0.0012523554169009878,6.9001922979693475,0.9989051463598022,-0.4349469545855875,-1.220717224790354,993.2716237649062,0.0012938709847068921,6.90436559080618,0.9995092923766031,-0.00047719834917714365,-1.2118505913220157
107,0.50634808,0.50634808,975.2962426704152,0.0012885540469495178,6.893728599515608,0.9979694301694203,-0.7807859676459357,-1.2137387212029327,997.9760235614611,0.0016446210115594235,6.90677566251332,0.9998581859910705,0.0011877189516935616,-1.211231322193943
108,0.70701617,0.70701617,950.8310563033738,0.0013348712894783313,6.876341528620731,0.9954523938540517,-1.2092652388111569,-1.1455877396579486,990.0534291750535,0.0016187247865731766,6.902732629719396,0.9992728970468854,0.004221878158176651,-1.1410816142234836
109,-0.36517415,0.36517415,945.6370417315924,0.0013720047490018426,6.873748526143591,0.9950770182982572,-0.5676489152846935,-1.1877684210417754,996.423265647499,0.0012243802005768765,6.905964984216032,0.9997408282873669,-0.0012651791418649694,-1.1849764988889653
110,0.12566919,0.12566919,913.2670599091249,0.0019004044786325872,6.854857574908074,0.9923422730050945,-0.34124765858975614,-1.2534523932025334,991.1163488142573,0.0013267343542175565,6.903287658567684,0.9993532457022549,-0.006908448324543848,-1.2495923900896417
111,-0.57214858,0.57214858,905.1520189235109,0.0017673606082405982,6.847355125458851,0.9912561822062426,-0.9141415433034181,-1.2262105011941582,996.8728378762257,0.0013714151207685772,6.9061921157780155,0.999773708948712,-0.00035302255445035513,-1.2217532650348761
112,0.12174663,0.12174663,846.6271523501705,0.0021882099098819853,6.807366889969897,0.9854672922016091,-0.3144917620157939,-1.3094700893886277,990.4525158625572,0.0014529802358459413,6.9029812173657685,0.9993088837945817,-0.0014918050565100316,-1.2985308210272835
113,1.21391436,1.21391436,766.8785871281339,0.0026591036518924783,6.7326917795528365,0.974656962738394,-2.8192913559183905,-0.9794270613990381,861.7637133728613,0.004439490731176181,6.838208058018088,0.9899320085678691,0.028682878681609125,-0.9688703178228741
114,-0.17401722,0.17401722,798.9084552124536,0.002402192921470389,6.761510463610245,0.9788288945590091,-0.45569229183092563,-1.0512358619290294,990.5411454559684,0.0013601645777284494,6.903010559888327,0.9993131315597924,-0.002367618511143199,-1.0531573984292084
115,-0.32052141,0.32052141,800.6462880481348,0.0024921005083429547,6.76482087898431,0.9793081262689305,-0.5435254021955025,-1.105902734947025,995.4330420500369,0.0012775891112756727,6.905459710821882,0.9996676824717228,-0.0004097024663094473,-1.1121599212496753
116,0.67221849,0.67221849,776.7195066553743,0.0024922519031432035,6.74102910572208,0.9758639143214373,-1.1001893950762112,-1.0651529762634198,994.8988711475225,0.0015778687695965589,6.90523346026367,0.9996349293487364,0.003920381575309051,-1.0700383016098787
117,-0.34613233,0.34613233,772.3245387927378,0.0025719824307625294,6.739114725262818,0.9755867793648636,-0.5693887154808879,-1.1082565489535652,995.5380264383458,0.001272818820278206,6.905517654493847,0.9996760706773881,-0.00389504840596544,-1.123692722463098
118,-0.07356998,0.07356998,743.5622629252729,0.0031407779643303005,6.720859861302605,0.9729441171362586,-0.3541000366972309,-1.1896292487973712,989.7609094737963,0.0014751229556243728,6.902589902482276,0.9992522351630526,-0.0020994349748892915,-1.2082678022708735
119,-0.22306876,0.22306876,692.4748273282323,0.003884614841427417,6.681106401729168,0.9671892144264894,-0.40219582052817415,-1.25512981194548,992.891937184998,0.0013528322537725759,6.904185991410447,0.9994832927010965,-0.005670669370650749,-1.2718749900653035
120,-0.0375965,0.0375965,607.7881467590826,0.005662942697867685,6.608162791949109,0.9566295453539615,-0.27645629556848483,-1.337455176209294,989.3686043534852,0.0014311940020595528,6.902408394303887,0.9992259591629543,-0.003625706604335477,-1.361217690349409
121,-0.51935004,0.51935004,611.1555145244735,0.004651907292400391,6.602821251146591,0.9558562781221633,-0.8165053645163214,-1.321695504229792,997.5784737700059,0.0014006570118685704,6.9065527006942045,0.9998259089618314,0.0004219210018643338,-1.3437043039850678
122,-0.54338405,0.54338405,611.4765843396359,0.004568228354447184,6.59690859801867,0.9550003339132086,-0.8624200902318284,-1.2993833879539674,995.3768580389948,0.0021893771291655127,6.9056353177889775,0.9996931041839873,0.00292939247066748,-1.316177877495755
123,0.72189476,0.72189476,626.9523232971419,0.004456760242568294,6.60779091931884,0.9565757112768626,-1.2798125156944407,-1.2050215310222305,983.3011843448571,0.002316545802808246,6.8998021570916315,0.9988486676830165,0.008430965268660273,-1.2360580015335891
124,-0.58000307,0.58000307,616.091815084225,0.004540838754693856,6.593363766882114,0.9544871670459136,-0.9222050450619914,-1.1850546271201337,997.0176805285686,0.0015602949944448295,6.9062774630627315,0.9997860642336445,0.001924040150496964,-1.2130548430066268
125,0.1654915,0.1654915,588.7885129573687,0.005031328905664797,6.560698721243441,0.9497584173552491,-0.3628269089531386,-1.2462023915585547,991.0759734932,0.0013309019140167878,6.903273156716863,0.9993511463443253,-0.004653725135012721,-1.2870086269693246
126,-0.54802712,0.54802712,578.1555795385177,0.005189614333894046,6.546267763171001,0.9476693222021031,-0.8604452388231127,-1.2344932145726828,997.2816437926167,0.0015925624441328135,6.906419564530424,0.9998066355280743,0.001987236665533132,-1.2756614878223922
127,0.42493,0.42493,560.2590498793818,0.005268012849570603,6.521908890005998,0.9441430141351224,-0.6358437889505097,-1.2536523751551023,998.1287621558291,0.0012431127598731418,6.906820785158117,0.9998647181629519,-0.001264933110690869,-1.2894400939008943
128,-0.2131039,0.2131039,528.3154511491979,0.005151046647862803,6.478042850495013,0.9377927545009321,-0.36931207591655557,-1.308126526347121,992.8056958054219,0.0013454863899448747,6.90416301736829,0.9994799668678512,-0.0052674719947640725,-1.353464887106386
129,-0.77272168,0.77272168,540.7275729482977,0.004818696769832083,6.494204558109635,0.9401324013126535,-1.4169831553722565,-1.201998019312776,977.5398727530007,0.0023214591932737803,6.896396217482111,0.9983556074236464,-0.0021784091231875635,-1.2400755943950745
130,-0.14740164,0.14740164,518.2542273843346,0.005669544147807083,6.459828931718692,0.9351560196948021,-0.3418676498361757,-1.2699207737847156,990.3031454848858,0.00133380367828788,6.902882651205607,0.9992946148814281,-0.0008653176119910455,-1.3106813360328413
131,-0.31354193,0.31354193,1000.0,0.0010000000000000002,6.907755278982141,1.0000000000000007,-0.47120267951882955,-1.3010383707531845,996.0917691640416,0.0012396445099246008,6.905800502256737,0.9997170170849353,-0.0034525185476184106,-1.3476042813603084
132,0.59364448,0.59364448,990.9719212586485,0.0010685692402975758,6.902769839916603,0.9992782837746579,-0.9637844988923829,-1.2631671977736247,994.6945087137997,0.0015584391258599824,6.905107399056247,0.9996166801198145,-0.0009629343361234888,-1.3040472603723352
133,0.20882762,0.20882762,984.5799858939444,0.0013128988579455738,6.899608854246582,0.9988206842300361,-0.36096943657187985,-1.3201547412007868,992.8075060684206,0.001276546747922045,6.904142373688629,0.9994769783891301,-0.005210656854817586,-1.3710652262058627
134,5.033e-05,5.033e-05,915.5660345206933,0.0020737163680443903,6.860598468366931,0.9931733524552199,-0.2442600260253771,-1.394736868680911,988.2198130358576,0.001383473412724647,6.901830887618152,0.9991423565073286,-0.005516596716265809,-1.4538611977881017
135,0.17891163,0.17891163,812.4377370183429,0.0032765899750794416,6.795067352832465,0.9836867518320255,-0.2767147273034096,-1.4724465271334815,991.6400684075086,0.0013454953047161583,6.903575577032634,0.9993949261691102,0.0003577294107266482,-1.523359802098681
136,1.1771328,1.1771328,821.6454032634889,0.00285697309522371,6.782198566779045,0.9818238042414276,-2.94108299731698,-1.0970249621637214,852.6571448599697,0.003764798220065853,6.826893848577091,0.988294108992095,0.0020158582432392436,-1.134007224385456
137,0.24471936,0.24471936,853.2980028307534,0.002421413628646857,6.8080391617327365,0.9855646135072559,-0.45807453459931846,-1.1496647989764779,993.6283467153085,0.0012870866590227051,6.904563431109683,0.9995379326939728,-0.007147827829226294,-1.1888099509497732
138,-0.66539996,0.66539996,819.9759548320777,0.0025499092282199897,6.777962447542117,0.9812105631716668,-1.0934430220812477,-1.1041252561918236,991.7046007370672,0.002067243839126611,6.903805442698593,0.9994282026325452,0.0008354976607414244,-1.144901136751121
139,0.17192452,0.17192452,834.8160728062194,0.0024335512779310453,6.793466528071258,0.98345500871193,-0.3999659994929097,-1.1740002184721972,991.1762651963427,0.0013129320365986763,6.903309139951276,0.9993563554510407,-0.0016480346552985026,-1.2147862741836921
140,-1.18070045,1.18070045,658.6840082652675,0.003966464445497057,6.609284737509464,0.9567919636092475,-2.5250234251050516,-0.9380196343078686,893.2955627770469,0.004676929732842573,6.854606209714008,0.992305884166186,0.007685609432110496,-0.9341364048597662
141,0.32861386,0.32861386,689.9705589288968,0.003824550194686561,6.643104258812677,0.9616878407701125,-0.5873764450850443,-0.9910091517112889,994.9753093388946,0.0012850449517057077,6.905239045018465,0.9996357378248,0.0003381312745274201,-1.0010909152516474
142,-0.31208461,0.31208461,707.8296235231729,0.0036903214836395263,6.664767673936007,0.964823941319193,-0.5538449072110634,-1.045942611095963,994.6905644442008,0.0012564432934514243,6.905094634627124,0.999614832279437,-0.000627143437978539,-1.0559627986448692
143,0.03532684,0.03532684,711.8344703261024,0.0032464110671297664,6.677725472361683,0.9666997747704882,-0.37848038884448787,-1.121767232220217,989.3335083299819,0.0013910741980643836,6.902386742149999,0.9992228246926361,-0.0035449671491809553,-1.127979648062726
144,-0.06795691,0.06795691,685.2387934295041,0.003901041372604397,6.664803981280839,0.9648291973456974,-0.35159584065956473,-1.1903107565015514,989.9093243035102,0.0013481249960024195,6.902652335455914,0.9992612732616992,-0.007607141489428315,-1.2042047473645776
145,0.09807272,0.09807272,634.0495098453255,0.005179370856189957,6.628098515280601,0.9595155368991671,-0.3251776220734168,-1.2613769189478528,989.5381254165944,0.001507887811343062,6.902511997565735,0.9992409572712637,0.0004895507200428639,-1.3049643364317003
146,-1.8392494,1.8392494,1000.0,0.0010000000000000002,6.907755278982141,1.0000000000000007,-5.105409079613574,-0.7034673785228014,694.2333911843542,0.005053387338272768,6.722681659334203,0.9732078494136803,-0.02651747629857759,-0.6594997338862095
147,0.12364043,0.12364043,971.0288256275084,0.0017429405079787306,6.892905517184035,0.9978502767978356,-0.5647282850225102,-0.7733652180270378,989.8990171875987,0.001398858412143456,6.902691467818569,0.9992669382514208,-0.0014454347388097588,-0.734525949163778
148,-0.26521227,0.26521227,905.4884990017438,0.0026057211867704403,6.85676224848163,0.9926180027460352,-0.5976838704494645,-0.8408414916775644,992.5440155461832,0.0012607777645297481,6.904007338768677,0.9994574300822637,-0.002069672335898609,-0.80310920843694
149,0.20402776,0.20402776,803.2742696598777,0.004147295696381653,6.793715695379898,0.9834910793743344,-0.5338511423358572,-0.910967615195694,991.3685145341706,0.0013976879324081562,6.9034308986877235,0.999373981833495,-0.001994024825009433,-0.8842728377826437
150,-1.08528012,1.08528012,923.9154175563176,0.0022554711301893756,6.866261405823854,0.9939931466181882,-1.970627885586011,-0.7748341642933063,961.836809149159,0.002361433753782243,6.888836751171883,0.9972612625887579,0.0047162702275933555,-0.7542027349698395
151,-0.24686188,0.24686188,887.8708375586261,0.0023058466175478074,6.842549947011831,0.9905605613782088,-0.5886266682248511,-0.839535037364927,992.0998590880475,0.0013300810672466847,6.903784043757145,0.9994251048184821,-0.008526400371871468,-0.8196143330432482
152,-0.78249828,0.78249828,887.9745946246163,0.002463443844622386,6.842161831470675,0.9905043758989206,-1.2592588515167922,-0.8030827180568434,993.5200843454822,0.0016418957804963,6.904537080203075,0.9995341180095285,0.0016555835649576522,-0.7845755412337705
153,0.93651313,0.93651313,867.5349689386702,0.0026819905084581514,6.825941470366052,0.9881562381248485,-1.5514906243600581,-0.7338021520827174,978.916577545735,0.003452837782319199,6.898419038412373,0.9986484407462768,0.006252995905242642,-0.723355022748656
154,1.2969369,1.2969369,741.7939956803366,0.003705343643717321,6.71541145789061,0.9721553799572545,-2.329377842644547,-0.5829340026629738,935.785601422301,0.002861686791416859,6.87578605238659,0.9953719804329464,0.007061180027038816,-0.5734213571058632
155,0.3568212,0.3568212,770.0980247220193,0.003365161427898217,6.741573513587591,0.9759427254320693,-0.735202385183551,-0.6475608722782364,994.0238241297932,0.0013137564208265283,6.904766419878815,0.9995673183280803,-0.001827547200456081,-0.6440478696368572
156,0.403042,0.403042,779.3580409330326,0.003365440512727519,6.75166927754349,0.9774042369576176,-0.7513276743513586,-0.7050011729984957,995.4481989011767,0.001290659986071148,6.905474934920415,0.9996698863857177,-0.0016166277097315884,-0.7066413125154408
157,-0.28614705,0.28614705,771.0282527640907,0.004037896888897586,6.749851178357427,0.9771410401429309,-0.6429395265552964,-0.7701267139119338,993.2534382685468,0.0013213728263452482,6.904364816612771,0.999509180300628,-0.008041833295577838,-0.7649504850466223
158,-0.6669246,0.6669246,758.1717252399612,0.004037585814730195,6.737674555062313,0.9753782933745033,-1.0537247289473068,-0.774411369449913,997.7566517606696,0.001365037002767105,6.906649234994454,0.9998398837331357,0.0009046321502985677,-0.7702726994739845
159,-1.19712133,1.19712133,698.9256572664766,0.0036206892367621184,6.670207414021396,0.9656114243532172,-2.1204265342790203,-0.6311272915087157,955.123877453997,0.00235723505915499,6.884521194704539,0.9966365218020548,0.004198925538963394,-0.6180609609771124
160,-0.20224701,0.20224701,713.3562330637776,0.0036358074976669996,6.688039384825444,0.9681928665271031,-0.6247646607863793,-0.709756181639211,990.6613010184642,0.0013672002249098655,6.903069704882298,0.9993216936746304,-0.007873179002113595,-0.6977216765765224
161,0.85521108,0.85521108,690.0066439672715,0.0037609262966655003,6.660555850113319,0.964214217370879,-1.361798216810353,-0.6832610021633431,993.036513937386,0.001677140815522678,6.904322272337281,0.999503021385934,0.0006699316674207978,-0.664786288371271
162,0.9362357,0.9362357,654.1761347537764,0.0038568097435931785,6.616719797768935,0.957868298823683,-1.5049000224468454,-0.6324891797562993,988.7287234179237,0.0019296708981205524,6.9022260446136325,0.9991995613415363,0.0028336519731233523,-0.6086545234365357
163,-0.07454624,0.07454624,665.6842585781443,0.00412968431282881,6.633978951877309,0.9603668172875446,-0.5828087353946563,-0.7238505447688377,989.555664062286,0.0013226489215268746,6.90247874126665,0.99923614292887,-0.004809679223362728,-0.6930065160735506
164,-0.51895553,0.51895553,654.7522408326215,0.004505840897510932,6.625016926737363,0.9590694312658923,-0.8536906334709853,-0.7636516211148152,997.7967612319039,0.0012037756511280378,6.9066510034021995,0.9998401397363775,-0.0026273466263955214,-0.7378476524842283
165,0.70430621,0.70430621,643.4916797107901,0.004492789797903182,6.610913999545381,0.9570278234465052,-1.1124871331735173,-0.7472451766833899,997.9148730246299,0.0012786214251210536,6.906713891688924,0.9998492437483446,2.715455451784976e-05,-0.7265979314958051
166,-1.04375218,1.04375218,609.8719533631428,0.004146924382318764,6.563500021491119,0.9501639471018227,-1.7576413099213068,-0.6615096762853219,977.0944659267357,0.0018455533449030588,6.896210060808097,0.9983286584848818,-0.000893664354260082,-0.6338174698722061
167,-1.23591056,1.23591056,521.7043740530178,0.005493542782536158,6.4426923891903405,0.9326752510751476,-2.114117104444145,-0.5341287688520872,958.3151028899844,0.0030025550360593877,6.887172200455794,0.9970202941918093,0.009499679475891476,-0.5039680516531699
168,0.2967842,0.2967842,545.9030223830107,0.004494623616346755,6.476050117544484,0.9375042768594917,-0.7165529036702409,-0.6028477084713295,992.6715163800459,0.001307499765944784,6.904076967450283,0.9994675098663316,-0.00560686301500013,-0.5737823648685334
169,0.62300061,0.62300061,543.8725965019498,0.004445447886619532,6.472880320842695,0.9370454017873775,-0.9984020374175895,-0.6350302491656831,998.6539614051736,0.001164478449488292,6.907080503569935,0.9999023162539855,-0.0029154344633717244,-0.6035194021056544
170,0.25822052,0.25822052,538.4593434763697,0.005773055895993749,6.475830214862368,0.9374724426856921,-0.6529874744386834,-0.7102784830057449,992.4263435488639,0.0012822766775646157,6.903948033695777,0.9994488447936272,-0.007649047780671658,-0.6748528234215802
171,0.34950458,0.34950458,515.1371468331616,0.0072984911581439335,6.457875849043765,0.9348732820186615,-0.6832018206008863,-0.7828787229683503,994.1465248580562,0.0012806004915393845,6.904817206032394,0.9995746703768326,-0.004110012604053637,-0.7464413901811109
172,-1.9473719,1.9473719,1000.0,0.0010000000000000002,6.907755278982141,1.0000000000000007,-4.160783488276738,-0.36118301855468304,773.0201376857348,0.005233856035223058,6.779749410210896,0.9814692525138061,0.013319771623565124,-0.32336936097832736
173,0.52650594,0.52650594,989.3578466201857,0.0011766263099490203,6.902254840988084,0.9992037300437105,-0.9401040719055,-0.41911221318692937,996.4832823248411,0.0012277154329095878,6.905997963817163,0.999745602573629,-3.616337477829745e-05,-0.3966120350433981
174,1.15459379,1.15459379,977.4596386573623,0.0012502283659310892,6.894685741304501,0.9981079906351921,-1.7814947870686124,-0.3575102661427719,982.6830136013781,0.0024829961095912,6.8993585340049925,0.9987844466634924,0.008339407260582021,-0.3457575629701109
175,0.67563306,0.67563306,976.080676228169,0.001247999796138294,6.893819736476448,0.9979826235958171,-1.088363134672524,-0.38596372860496725,998.4762328286038,0.001149998956057179,6.906990568289217,0.9998892967886042,-0.0029272487777323164,-0.3679682792252016
176,0.61711582,0.61711582,968.8432728927785,0.001352704291055628,6.8897638947914706,0.9973954803747307,-1.0223079585724228,-0.42704162655247,997.9040124671685,0.0012069724464422596,6.9067070493548774,0.9998482532190379,-0.0029507707309850417,-0.4146381821672819
177,0.19005914,0.19005914,934.1812126523519,0.00182139617959507,6.870006322630978,0.9945352788530283,-0.712804158044607,-0.5110597991684449,990.651479684212,0.001376698822236344,6.903059168235972,0.9993201683388446,-0.005289223885888816,-0.5029115087717965
178,0.22255813,0.22255813,860.1264747241422,0.0028347867720600215,6.823429022807747,0.9877925240879675,-0.6852538935585608,-0.6000348550367802,990.8424590084402,0.0013434314864238426,6.903155925869298,0.9993341754409232,-0.0038539180217194158,-0.5870636087397129
179,-0.11279847,0.11279847,744.6634231637757,0.004463437491053213,6.742299491453609,0.9760478214924679,-0.607816914852771,-0.6935654332212893,990.0956561602194,0.0013172912987545354,6.902757485615613,0.9992764953064086,-0.007396066066008622,-0.6764689285121274
180,0.28779729,0.28779729,631.8650573703163,0.0061149400607995,6.647700654907911,0.9623532372570465,-0.644565325758454,-0.7786545339707169,993.1459619848775,0.0013006966320417113,6.904315698055126,0.9995020696611132,-0.00206253897807418,-0.7590682435189531
181,-0.85101244,0.85101244,721.0308569277635,0.0033295049202966115,6.711174294875013,0.9715419877850551,-1.3968944853050793,-0.7248447068980965,986.665310971211,0.0023623003074713473,6.9015820960554155,0.9991063402397152,0.0036619247511824327,-0.7206479055169022
182,1.16997273,1.16997273,779.1030838844928,0.0030937395762694474,6.762695625814698,0.9790004643608605,-2.019628266803668,-0.575167975158407,957.1219101730285,0.0025469195963782965,6.886011069854586,0.9968522033208514,0.009215432792570866,-0.5795414489766963
183,-0.60930081,0.60930081,763.6854762541927,0.0032910646860547874,6.747872977592249,0.9768546662507931,-0.9853451931919102,-0.6057924964357846,998.383665017508,0.0011646115392242853,6.906946839948622,0.9998829664629298,0.0010630256634396318,-0.6135845232184058
184,0.63146423,0.63146423,747.4321460919296,0.00339403531626095,6.732327485133626,0.9746042257197102,-1.0108433328141242,-0.6344919868431901,998.5053181226981,0.0012429424063446638,6.907004506730859,0.9998913145847013,-0.0024031252979508366,-0.6454508131335008
185,0.9884706,0.9884706,729.7810126431457,0.0032110709779407972,6.717969543924099,0.9725257008401138,-1.5863342784240624,-0.565385056286839,986.5525156164719,0.0017058832715576725,6.9010029301973885,0.9990224973942993,0.001416777652121226,-0.5730022951569936
186,0.66362162,0.66362162,716.7131857924195,0.003340261205605993,6.704661612966474,0.9705991805132985,-1.0550548698169013,-0.5931554229553178,998.6312445742209,0.0011893177184433966,6.907068073294895,0.9999005167873661,-0.0010208357870924445,-0.6038752322219632
187,1.89781024,1.89781024,1000.0,0.0010000000000000002,6.907755278982141,1.0000000000000007,-3.6421986723283606,-0.25931729368113615,825.4260281630284,0.0061402501133656015,6.813903705659774,0.9864135931960532,-0.0005624241612585124,-0.2590657489618445
188,-1.59437954,1.59437954,866.26840709564,0.00179724850399875,6.823265400567068,0.9877688373425529,-2.476728348118707,-0.13626638985199097,941.4433624021333,0.002728450948911054,6.878362693662329,0.9957449874622457,0.006743262279092832,-0.13933670449082547
189,-0.40746797,0.40746797,920.6742720898352,0.0015914410165350202,6.859174241167471,0.9929671744506525,-0.9309467268867433,-0.21564010059261,993.4119296384974,0.0012746944683238754,6.90444863063681,0.9995213136233433,-0.003005093337343112,-0.22788479549208623
190,1.16184848,1.16184848,858.0257626361649,0.0017182403639612947,6.812024986737953,0.9861416207757884,-1.7075397814328213,-0.18255961334055348,989.197632320417,0.0015819089651923355,6.902299614617805,0.9992102116904849,-0.0005056530036533502,-0.2009949233305519
191,-0.973565,0.973565,833.0201608278646,0.0018021296645066456,6.7893014084580114,0.9828520458904301,-1.440244024348221,-0.1880742487680596,996.2039022663777,0.0014887414616429502,6.905864079906714,0.9997262208924546,0.0013735496627376165,-0.21107098218987685
192,-0.54372611,0.54372611,859.2478052711878,0.0018758435743049613,6.8107524000119275,0.9859573949781697,-1.0030504625196777,-0.25590762092922537,996.135598553832,0.0012313597329192815,6.905820043275094,0.9997198459370831,-0.0012091821370727729,-0.2735077086927814
193,0.36958386,0.36958386,870.6264717221424,0.0021276034955785257,6.8238793129165725,0.987857710257807,-0.8637991046433191,-0.34389111446671095,993.5726334069119,0.0012727632397330972,6.904517205166231,0.9995312408032522,-0.0034221368824249865,-0.36400201342765587
194,-1.01235744,1.01235744,846.6135040239168,0.0020570073569743143,6.801577047038214,0.9846291265895036,-1.5277878093522759,-0.32001361843027065,992.8538007101537,0.0015354419679891316,6.904147098337056,0.9994776623520437,0.0004971658464176798,-0.3393028390603602
195,0.03258927,0.03258927,844.847418806478,0.002420039959748917,6.806692556066142,0.9853696723704888,-0.7315659617910972,-0.4155670101460502,989.2122368244173,0.0013539502397775188,6.902322874367059,0.9992135788840686,-0.005277668149492598,-0.44806910227472785
196,0.26595457,0.26595457,806.5934069266964,0.003247228502168997,6.785214278409933,0.9822603732148629,-0.7470366574696126,-0.5041782191920874,991.9095236679416,0.0013031845832732287,6.90368280884854,0.999410449564421,-0.0029834107728490267,-0.5272036129618518
197,0.08447709,0.08447709,724.6679101013277,0.005154872117038385,6.731864394024885,0.9745371864153286,-0.6446724915670625,-0.6072260210204885,988.910285141515,0.0013829747164575328,6.902179854651774,0.9991928746596848,-0.0012992753847127503,-0.6230116958549897
198,0.14825131,0.14825131,611.969647445987,0.008184611040528008,6.645931883676518,0.9620971813951986,-0.6085801750996671,-0.7147552750295616,990.6819831611556,0.0013699363156520251,6.903079465565134,0.9993231066781955,-0.0010223428874249763,-0.7202751303109973
199,-0.47334545,0.47334545,555.3912248888251,0.009096430177367693,6.586871569618059,0.953547325230178,-0.8053325353323038,-0.7781462875922196,997.1678325466002,0.001240901445562543,6.906334502920858,0.9997943215988555,-0.0018247417816379397,-0.781644526092313
200,0.13001166,0.13001166,1000.0,0.0010000000000000002,6.907755278982141,1.0000000000000007,-0.5235106185157834,-0.8839318657653503,989.8205994646278,0.0013840553668752246,6.902637590383005,0.9992591386937659,-0.0018977204524270874,-0.879934891415329
201,-0.27595127,0.27595127,968.724786727275,0.0015388772231488437,6.891581374285925,0.9976585874798688,-0.5631284472724207,-0.9676915393218548,993.0393779666853,0.0012836515098239183,6.904254422621513,0.9994931991335484,-0.004229274730765731,-0.9636609881397507
202,-0.19290006,0.19290006,868.0837447598433,0.0026994493232374525,6.835280314516146,0.9895081742854286,-0.4662528828130137,-1.0702314511806765,991.315839662745,0.0012972612512329527,6.90338193417173,0.9993668934937934,0.00081100176324167,-1.0663702557491443
203,0.5934388,0.5934388,885.0847124668489,0.002059718385449289,6.84032889391324,0.9902390310099648,-0.9544485972873451,-1.048885488367727,997.1531234951776,0.0014259809740954084,6.906344180269166,0.9997957225385119,0.0016408934876146475,-1.0551458376329317
204,-0.79477426,0.79477426,921.6238920738142,0.0019635688656804437,6.861924069818209,0.9933652529203841,-1.3593091296239237,-0.9520685940291691,986.7491354380649,0.0018734565689212713,6.901044235273493,0.9990284769165081,0.003641335193073303,-0.9639003620096841
205,-1.27965604,1.27965604,799.8684664868042,0.0030220445132644303,6.764064785055541,0.9791986704619089,-2.531210909838477,-0.7091428057521972,784.4066548118989,0.01372171507512069,6.833411644307031,0.9892376565653234,0.01722328970542364,-0.7203350959066651
206,0.39175843,0.39175843,826.701288795954,0.002532848656187304,6.78629367305946,0.9824166315948915,-0.7188387685134625,-0.7775694358446947,995.3293218966664,0.0012355457700261056,6.905413212010122,0.9996609510792687,-0.001658028492483865,-0.7890466076744517
207,0.10165934,0.10165934,837.2818182420181,0.0028404408754763993,6.799135111356909,0.9842756201923192,-0.5172101913404017,-0.8710564722609393,990.014881645967,0.0014218013897563306,6.902751461228236,0.9992756231870105,-0.0021086584092699923,-0.8794700697129727
208,0.74417244,0.74417244,818.1231766890587,0.0028289445616771687,6.781294431818718,0.9816929173000388,-1.2014966251317496,-0.8476674016641523,994.0217610471416,0.0017123572452537289,6.904795529098018,0.9995715323191711,0.0007124867577079641,-0.8523183089579099
209,0.75655456,0.75655456,792.5452177404974,0.0025479771110422105,6.757233501815001,0.9782097409233474,-1.2174468205201752,-0.8218382330623368,994.6978939551844,0.0014549975005042628,6.905060246205627,0.9996098540455378,-0.0009658324994399337,-0.8187261623742326
210,-0.472446,0.472446,788.1118556672521,0.002732261136285694,6.755287250768937,0.9779279922267794,-0.7814800839955511,-0.8491584468549008,997.3924218257871,0.0012074153415633471,6.906447060654178,0.9998106159996809,-0.003854866790442557,-0.8502058878604868
211,-0.80061069,0.80061069,761.7710802578913,0.0027876245380651058,6.728909779743512,0.9741094621891444,-1.2986382870129782,-0.8078017005827157,994.7197699293869,0.0014256624730985496,6.905117324729606,0.9996181170082041,0.00386311348245183,-0.7984283628971875
212,-0.18174927,0.18174927,756.5973784063991,0.0030755735238437373,6.729152404773032,0.9741445857596417,-0.5357312669515295,-0.8858524909318194,991.5076651204494,0.001368883291186498,6.90348921603993,0.999382424134916,-0.005083266076744586,-0.8694349172319296
213,0.93279268,0.93279268,727.6845197637731,0.003172132702141727,6.695735640925628,0.9693070137123112,-1.588692026715969,-0.8052002431308644,977.766286263748,0.002551390715167591,6.896800643100762,0.9984141540284864,0.0017105941425255011,-0.7980743205483203
214,0.19262266,0.19262266,724.65748047176,0.0034530639042566454,6.6970343526707445,0.9694950214938068,-0.541148681857428,-0.8847199010208324,991.4827755271997,0.001338923445418638,6.903458113057127,0.9993779215169818,-0.002963216872745811,-0.8725914287257985
215,0.21667052,0.21667052,698.81787325777,0.0035968340372552737,6.677220332269424,0.9666266482522695,-0.518835676293973,-0.964969022600553,991.2794961535283,0.001333185160220938,6.9033532018429,0.9993627340631723,-0.0012388757705066311,-0.959060662455266
216,-0.83460999,0.83460999,690.8041801817772,0.003902730006240822,6.666075638031195,0.9650132885155489,-1.410442422075345,-0.8969780750168204,985.6459330467353,0.0021091986228038615,6.900649262401971,0.9989712987369737,-0.0017132851257004589,-0.8803256570973419
217,-0.2982161,0.2982161,675.521186159436,0.003870988803644088,6.652274252182156,0.9630153332765973,-0.5746443908982304,-0.9640151899155575,993.9512861509305,0.0013039496051424789,6.904727550256618,0.9995616913739358,-0.005456090181120032,-0.9553259881099407
218,-0.50976563,0.50976563,658.1492824763284,0.0039696970484497515,6.634575464231645,0.9604531712955029,-0.8066388249938772,-0.9844242513657717,998.1450206804267,0.001170103114847945,6.90682641688956,0.9998655334395816,-0.00287848884558084,-0.9685072777758374
219,0.19554714,0.19554714,614.7409018298054,0.004935720491972604,6.592995887858883,0.9544339111026477,-0.46479220343874417,-1.0630632227404444,991.937409900708,0.0013091885719490894,6.903697415341638,0.9994125640708718,-0.003185629642143084,-1.0508097434024404
220,0.14934556,0.14934556,551.5568438228491,0.006128026811722103,6.5271561375595075,0.9449026310210122,-0.4060526748344193,-1.140601849626218,990.7677730879494,0.0013589411223063502,6.903118991669803,0.9993288286679118,-0.003848114145840853,-1.1420467998046198
221,0.62199261,0.62199261,561.9954263669416,0.0058656041019633535,6.532077033287949,0.9456150036413068,-1.0095955418314597,-1.1152072219086748,996.5003752907421,0.001374747079695393,6.9059845748793585,0.99974366432636,0.0004567656604379522,-1.112899264997444
222,-0.68306629,0.68306629,568.7387835321501,0.005995417397279594,6.5366837814473255,0.9462818987430185,-1.1302467496598743,-1.069305520381755,994.1631395422238,0.0015882173614266877,6.904892337446256,0.9995855467629852,0.0009507742650605167,-1.0599556351647204
223,-0.16745022,0.16745022,528.946776361883,0.006229450219408623,6.484937642658464,0.938790877897751,-0.4120882137451565,-1.1444364588760396,990.8072816277971,0.0014121095708787136,6.903144796929514,0.9993325643618772,-0.003649734295353646,-1.1308530846773779
224,0.2117052,0.2117052,1000.0,0.0010000000000000002,6.907755278982141,1.0000000000000007,-0.40783308055486955,-1.215214478320069,992.3288176001836,0.0013104069934495356,6.903906351001474,0.999442810605585,-0.0007781152850583339,-1.2060601516232792
225,0.1912506,0.1912506,966.8034685437904,0.0016146326072247767,6.89059335169864,0.9975155565606508,-0.3646820499658441,-1.2879242596737603,991.8209316661305,0.001324773674158002,6.903628296666175,0.9994025581177551,-0.0037891266016432112,-1.279787818792927
226,1.32236458,1.32236458,683.4875810610263,0.002694014607498728,6.655628267496971,0.9635008767244116,-3.1725892215899147,-0.907103121825442,852.3267473603503,0.004537984827149407,6.828308956178825,0.9884989667996724,-0.017907937933356877,-0.8933373078162342
227,0.10237259,0.10237259,772.3621437405617,0.0020879262916068445,6.735950234885687,0.9751286724619223,-0.4610319819949602,-0.9818239949779969,989.860805653938,0.0014031737014181952,6.902636101764345,0.9992589231941427,-0.006328356336519292,-0.9670087463661805
228,-0.58494843,0.58494843,767.8666153238179,0.0021138835759723367,6.728508021009278,0.9740513016553662,-0.9227044236492725,-0.9826757586148183,998.6009472454929,0.0013366388363522102,6.907053196122874,0.9998983630961278,-0.0022721423364799875,-0.9675774209911715
229,-0.01826982,0.01826982,808.3219296886301,0.00245909028342881,6.769576152073997,0.9799965225565286,-0.4084218031043676,-1.0633037861373142,988.5556891259414,0.0015329611483022583,6.902019085137352,0.9991696008886942,-0.0062455942941994635,-1.038720788591093
230,-0.59997579,0.59997579,793.678703207058,0.0025683263959872067,6.755988018246668,0.9780294387096712,-0.9535637854146639,-1.0515058677870897,998.0471128283389,0.0013186238112540723,6.906781669539973,0.9998590555972465,0.001304800230986558,-1.0277855477427726
231,-1.3179031,1.3179031,554.0327235967953,0.00349951620516483,6.468409270602344,0.9363981509714787,-2.776444347985893,-0.7733338890300131,876.019798800349,0.004706024878106623,6.847489057186015,0.9912755708095957,0.01241218278869205,-0.7684525668472142
232,-0.26778387,0.26778387,601.1886393227052,0.0034413458293906787,6.530791890712647,0.9454289601983359,-0.5972464373982183,-0.8465471181188878,992.7795118845531,0.0013118838053153832,6.904128537834763,0.9994749754441348,-0.0050058420375487245,-0.8352815648258558
233,1.10766355,1.10766355,1000.0,0.0010000000000000002,6.907755278982141,1.0000000000000007,-1.9563111882918802,-0.7121829188635578,956.7130388858667,0.002433813827876421,6.886162436551254,0.9968741158945538,0.009129688353944232,-0.7052253206721562
234,-0.59873676,0.59873676,996.6985354266828,0.0010485332339042481,6.906037238993865,0.9997512882378015,-0.9533976855738606,-0.7469894112087467,998.6282365145842,0.0011683880974392366,6.907069009797893,0.9999006523600609,0.0006200851805555629,-0.7402774851336937
235,-0.25982934,0.25982934,960.671125103068,0.0014460168384554945,6.8863511292015245,0.9969014319534831,-0.6063947089195096,-0.8185723847504749,992.3920389813801,0.0013356293828490817,6.90393639962671,0.999447160589628,-0.004201571754739675,-0.8008488225569568
236,0.11561622,0.11561622,868.7686964131127,0.0023237361677964563,6.831893181286602,0.9890178365284079,-0.5032329703394636,-0.9067071234979787,989.8611169123458,0.0014271769975251595,6.9026684240684855,0.9992636023269196,-0.0027031588945041207,-0.8951945229500831
237,-0.22152092,0.22152092,755.5867969111379,0.0035354523496129763,6.754234456320541,0.9777755846202737,-0.5159464667152251,-0.9820135374325344,991.9972316502851,0.0014544435232227762,6.9037244209528765,0.9994164735335189,-0.0024694354061320922,-0.9628525488300819
238,-0.80578201,0.80578201,840.2904080724084,0.002184980455462707,6.807688734518646,0.9855138839721265,-1.3557369255891611,-0.9111526642990048,987.8541580818477,0.0020049674595179214,6.901826767884861,0.9991417601148503,0.0054586861693479705,-0.9027248248405016
239,1.82555268,1.82555268,650.794340169135,0.0036431496018054683,6.624398709010703,0.9589799350834578,-4.103146238397385,-0.49252282210221665,669.535608966037,0.011654673758888259,6.74217761482803,0.9760301780438139,0.06463431598273228,-0.498193198569654
240,1.01969062,1.01969062,588.0980436536923,0.004102932079718904,6.5443019573313155,0.9473847426592136,-1.579759102053357,-0.4614496298345857,989.2815598613406,0.0017079373198116386,6.902434189154375,0.9992296933500305,0.0033929284884415267,-0.4634995831275176
241,0.41406505,0.41406505,624.4242405272684,0.0035689568435553066,6.587730539737894,0.9536716738912328,-0.8194825364227079,-0.528935281914265,994.9596334332473,0.001287216848741486,6.90522529898775,0.9996337478830374,-0.0009891768628129682,-0.5320242418977874
242,-0.12039052,0.12039052,652.192645414968,0.004916932824302012,6.627268999569026,0.9593954522004374,-0.6449138723082868,-0.6142207877993027,990.060965970133,0.0013916964914306095,6.902748127739344,0.9992751406150667,-0.004477610093510442,-0.6082687580190679
243,0.28542972,0.28542972,645.3164300553866,0.006125910904335199,6.634098467977217,0.9603841190151073,-0.6734996040543502,-0.697793492576159,992.8900622546361,0.0013197133340812526,6.9041894947018,0.9994837998544641,-0.0023644589823597073,-0.6917030484997027
244,0.41307375,0.41307375,621.4579084580911,0.00719352196401492,6.62109865098399,0.9585022027531372,-0.7448224950843061,-0.7674128511235521,995.3155367644944,0.0012062325045810876,6.905390064567154,0.999657600143685,-0.003212522485290137,-0.7445045890525767
245,0.24659601,0.24659601,570.0580064347989,0.008977714417825924,6.584240480696018,0.9531664360967651,-0.5873642739524847,-0.8539511965638446,991.8306249435849,0.0012893137538615115,6.903656306356404,0.999406612935724,-5.9118229348342766e-05,-0.8274249406033427
246,0.29800489,0.29800489,509.40815259169716,0.010540833007138135,6.527933147901335,0.945015114788958,-0.5916921029582136,-0.9306926675065323,993.776816786434,0.0012760383414145754,6.904630163733804,0.9995475932307791,-0.0022965828815619815,-0.8976913702827802
247,0.59866184,0.59866184,501.1938424489612,0.010699697706333217,6.514553871012313,0.9430782660807054,-0.9531506877882494,-0.934494842288695,998.0694313190588,0.001558928156360003,6.9068064744684285,0.9998626464784305,-0.0009841757104647186,-0.8948000268581678
248,-0.18689461,0.18689461,1000.0,0.0010000000000000002,6.907755278982141,1.0000000000000007,-0.4819767393243177,-1.0188893549408644,991.7633463863431,0.0013371269369257292,6.903598335934556,0.9993982208576165,-0.0015348989645245226,-0.9839701999423809
249,-0.71893874,0.71893874,982.5258391449619,0.001106413151292831,6.897878651921086,0.9985702117891898,-1.190082866211763,-0.9804417540595491,994.434298578476,0.0015365586796531644,6.905004503704639,0.9996017844920089,0.0023817389517795107,-0.9541724484656838
250,0.48016914,0.48016914,982.665853755629,0.001173293088832513,6.897947621016263,0.9985801960883421,-0.7626491005111342,-1.008887471312919,997.965902605857,0.0011894160694574459,6.906736187521421,0.9998524714006854,-0.000797712196577649,-0.9800152828589781
251,-0.76641342,0.76641342,946.0744415745711,0.0012841170167298738,6.87369645496416,0.9950694802229596,-1.2806862197556361,-0.9444749524941981,992.3582251293583,0.0017230861576813506,6.9039649219220305,0.9994512896147842,0.0019311949500728787,-0.9241304461549155
252,-0.22312018,0.22312018,952.5614509571491,0.0013997156526089807,6.879287019495379,0.995878797331837,-0.5010621802111466,-1.0195770302496678,991.6991494897243,0.0013114490631300092,6.9035823397622105,0.9993959051744894,-0.0037729526350958054,-0.992286915089893
253,0.21659072,0.21659072,918.5505010276048,0.001991129307001734,6.859062344884071,0.9929509758045105,-0.463643993383724,-1.098122366521495,991.4925502952843,0.0013075332983821808,6.903471814152593,0.9993799049537009,-0.0008649327497929349,-1.0732817925157552
254,0.22342675,0.22342675,848.7656507293947,0.002670792521680819,6.8134324163456625,0.986345367079887,-0.43491776446819763,-1.1802451869771926,992.5469894863077,0.0013477227580942397,6.9040088189934705,0.9994576443667503,-0.002541762216728749,-1.1528935023783355
255,-0.12794698,0.12794698,734.2118098568557,0.003727985101258715,6.729937406155461,0.9742582263492001,-0.3355999044471414,-1.2772260799833073,990.5524453295769,0.0013386118759752417,6.90301091572476,0.9993131830723923,-0.0012343331125581614,-1.2527452556203034
256,-0.03771544,0.03771544,587.3996250621194,0.0062073947581298815,6.6023265288817345,0.9557846597389293,-0.2569111963492263,-1.3839793935687685,989.8594902152141,0.0013647866783640212,6.902661726860761,0.9992626328067999,-0.0011869397004957705,-1.346142349261505
257,0.16176457,0.16176457,1000.0,0.0010000000000000002,6.907755278982141,1.0000000000000007,-0.26397317295060674,-1.474566113959593,991.7428642146034,0.001353493026772505,6.903601040131486,0.9993986123302181,0.0005252137395554968,-1.4276893988289125
258,-0.34232889,0.34232889,988.2106915901445,0.0011235949581646844,6.901512661266726,0.9990962885245219,-0.4634885619382141,-1.5146759079737904,997.2716397115553,0.0012220624740266394,6.906388615133606,0.9998021551439888,0.001457632621238325,-1.4798575482754317
259,0.87167611,0.87167611,868.9247799974681,0.0016355427730163966,6.816701468772374,0.986818610889878,-1.897229199921373,-1.2767124390534277,922.9181675260049,0.006546763074710719,6.874726020503288,0.9952185251004265,0.0017359158574876687,-1.2541696538535967
260,-0.44335053,0.44335053,877.337841850518,0.0015885035601397937,6.820768950413823,0.9874074391672527,-0.6656286920971262,-1.296095382230174,998.4701758052777,0.0011723514083618004,6.9069897866509145,0.9998891836348703,-0.002023598004475602,-1.2724735025195884
261,-0.1062523,0.1062523,906.6098723759858,0.001776709126739669,6.845696232179339,0.9910160328071231,-0.27679266594767693,-1.3753375569307722,989.779987797401,0.0014987126335150747,6.9026410144056785,0.999259634371817,-0.0012127923128559814,-1.3521449814821955
262,-0.27374557,0.27374557,892.7811760561048,0.002161287585646293,6.839795665500219,0.9901618382908417,-0.38656824079483343,-1.429625617221134,995.0016172276356,0.0012275311094248839,6.905237692816011,0.9996355420734453,-0.0014450805928474253,-1.4022937568246054
263,0.09065989,0.09065989,834.022412724807,0.003496755657726474,6.8061540423144695,0.9852917145202286,-0.20629755478991996,-1.5119734649417702,990.4875593914015,0.0013518425270754905,6.902971198453934,0.9993074334085402,-0.0052739689890586305,-1.4794732943010866
264,1.09575357,1.09575357,735.1356570125224,0.0026872553799752235,6.694431000164437,0.9691181476178274,-2.7019426046960646,-1.1623310301284497,841.2660561956906,0.008197111241050319,6.834296659177923,0.9893657755902671,0.0066236131608814475,-1.1579953920090316
265,-0.63865518,0.63865518,701.3112299457522,0.0028171186717305128,6.6557806134179245,0.9635229310553484,-1.0396002383244713,-1.1337446424678737,995.5204955543542,0.0015743823831762336,6.905539250769146,0.9996791970584521,0.003714464178043997,-1.1314019611811625
266,0.2958053,0.2958053,727.6155024745294,0.002823531392159968,6.682439485308505,0.96738219804063,-0.489250963281993,-1.1899093560771363,994.9821896924017,0.0012794948035987903,6.9052350762546775,0.9996351632873957,-0.002426099139663407,-1.1847404595663888
267,0.36985055,0.36985055,732.568834422966,0.0027679826095047427,6.6894164375617855,0.968392215328664,-0.5665678445235107,-1.2199668391673952,996.952770030864,0.0012240576435414898,6.90622784496188,0.9997788812778438,-0.003249207559041345,-1.214896639094471
268,0.64042255,0.64042255,710.2000949482638,0.0030021802639566735,6.662594473546541,0.9645093383401213,-1.0583396767534046,-1.1748915684890322,991.6159290935461,0.0018294599087570291,6.903730619585195,0.9994173708774561,0.003837506144977354,-1.1746208197534724
269,-0.36764809,0.36764809,710.3662855301146,0.0031033198346020405,6.665790619596219,0.964972027871032,-0.567407403215106,-1.2071686187430268,996.5658947240796,0.0012308291855917704,6.906030530688758,0.9997503171111712,-0.0038714075206023324,-1.1994915625595184
270,-0.34297371,0.34297371,698.3320050303377,0.003205655640261052,6.659374580627624,0.9640432110977863,-0.5241606496834121,-1.2509330836206947,996.118691710804,0.0012695313579218202,6.905807740508402,0.9997180649291876,-0.002282448145595417,-1.2509481639854103
271,-0.07666029,0.07666029,659.3444639384928,0.0037886294260414113,6.633085829360427,0.9602375245606294,-0.29016993069275987,-1.3236557410675147,989.8902301651962,0.0013728417834614239,6.90267320587614,0.999264294564479,-0.00626838773915761,-1.3279740094209698
272,-0.06750986,0.06750986,592.7474042401482,0.004658827525404977,6.576467967247666,0.952041249529719,-0.24794822922555593,-1.40537267828885,989.4007877977115,0.0014875203716104544,6.90243074049174,0.9992291941049797,-0.002568245146437498,-1.4176778099669844
273,-0.4389785,0.4389785,574.2468326748668,0.00455450208518632,6.553640736371359,0.9487366693941485,-0.6448321618225394,-1.4041054046968444,998.6526455289268,0.0011981529059490385,6.90708199241088,0.9999025317857879,-0.0018500405529842112,-1.4151332251973425
274,0.30718011,0.30718011,528.2237731026867,0.005422028661655271,6.502044485709728,0.941267347077734,-0.42064022102171794,-1.4508067462593193,995.7922727350035,0.0012337417739524906,6.9056445211602515,0.9996944365084404,-0.0036024196988257984,-1.4639281777773618
275,0.26769102,0.26769102,1000.0,0.0010000000000000002,6.907755278982141,1.0000000000000007,-0.3583750863707369,-1.4870490793252182,995.3288997212308,0.0012544545032589314,6.905409942513202,0.9996604777711118,-0.0031522773018393124,-1.5009060539807053
276,1.00785686,1.00785686,726.991618395601,0.002508055577669865,6.707833863061158,0.9710584107504112,-2.3465291798222427,-1.2014726586620217,915.7990551280286,0.0031183779913719926,6.8630015291798845,0.993521231138801,-0.006750519685001066,-1.20939730351248
277,-0.15201242,0.15201242,821.2110230395779,0.0019475652204703313,6.783470861592204,0.9820079877803306,-0.346537642069233,-1.2713123094637147,990.9973273819708,0.0013060943859073454,6.9032067982449234,0.999341539971595,-0.006562075422564817,-1.2795400487545492
278,-0.48586558,0.48586558,821.8128575810758,0.0020137522626840596,6.781436521515467,0.98171348689045,-0.7410738277552804,-1.2768869710920532,998.7892250021553,0.0011894968221204815,6.9071497928807055,0.9999123469090931,0.0004680823367140263,-1.279775594396452
279,-0.3839701,0.3839701,837.6758659946925,0.002034399557704624,6.794597749181442,0.9836187697405852,-0.5651766653683952,-1.3082536523082005,997.4702376027282,0.0012261185026251693,6.906492869674853,0.9998172475346478,-0.0008502714511724463,-1.3034106864215866
280,0.14512534,0.14512534,848.795450731689,0.0023422444052347835,6.809473106434683,0.9857721982643926,-0.2900269291762285,-1.3861844444696323,990.7458775480005,0.0013668403077324062,6.903097295042276,0.9993256877593748,0.0022063662252289618,-1.370157549685051
281,-0.33697789,0.33697789,832.7652363330988,0.0024176313041013695,6.8013867667803725,0.9846015807008384,-0.4711598649553759,-1.421782245335317,996.960756866708,0.0012283696050074218,6.906232059611023,0.999779491410799,-0.0025754403968250017,-1.4050024270656358
282,0.35157701,0.35157701,807.3365876956195,0.0027077883197015123,6.785077220477324,0.9822405320469184,-0.4878146491703861,-1.447652525583274,997.435943806594,0.0011852948279718614,6.906468681454445,0.9998137459310977,-0.00410692571755078,-1.4298627427692099
283,-0.30900285,0.30900285,768.8267724636664,0.0031773801407734906,6.757992431070809,0.9783196071859981,-0.41613300170951817,-1.4831564399488175,996.3988632528653,0.0012259463766818748,6.905950414796191,0.9997387191478196,-0.0027258278559187943,-1.4682834133583902
284,0.09338944,0.09338944,684.4860862437174,0.004423810891070317,6.693450318213012,0.9689761793644921,-0.17988811524541504,-1.5695194806621355,990.288121007706,0.0013424465910366504,6.902872126998016,0.9992930913463338,-0.0005448000516183882,-1.5604877627008804
285,-0.03047999,0.03047999,573.1750795219936,0.0057512350041173605,6.592362800751361,0.9543422623568608,-0.1206260296262629,-1.652085759941075,989.1323128593444,0.0013515046683849263,6.902285979645255,0.9992082378260383,-0.001249917907547804,-1.6391443143448172
286,-0.41514409,0.41514409,571.5034779090229,0.005838230965685622,6.580070797136651,0.9525628125763931,-0.5918901440344628,-1.6399092318290651,998.0207846309513,0.001325479754354227,6.906757422932605,0.9998555455413182,-0.0015017712197238353,-1.6214170168671873
287,-0.68653033,0.68653033,656.0904257307483,0.004706176561479436,6.657047266016539,0.9637062978000374,-1.3680338368691007,-1.494485529946158,972.5609458828717,0.0021659170489428115,6.894333459954712,0.9980569926864284,0.00805073927652522,-1.4841685386226322
288,0.65590262,0.65590262,657.4763250800985,0.005411466609748943,6.65656631778876,0.9636366734129022,-1.1840109988281542,-1.3974123702753587,987.3559226417987,0.0016027808357160812,6.901425034834245,0.9990836032991568,0.0013725322631383818,-1.3921926201162045
289,0.18824929,0.18824929,630.3110979817782,0.005148615394214625,6.627166103836143,0.9593805565174366,-0.2865201749307129,-1.4604872024457278,992.3304786746049,0.001303116890738595,6.903898114565758,0.9994416182593909,-0.0007295598293772798,-1.451254630566791
290,-0.50226487,0.50226487,620.7219676668858,0.0053246231743529675,6.615193315161124,0.9576473178325852,-0.7786240455311253,-1.437766526388467,997.5641341824136,0.0014237358763865837,6.906536461978959,0.9998235581670234,0.0007774575551504626,-1.4310059626798388
291,-0.46012339,0.46012339,608.3388606352012,0.005136139325691049,6.599746433839058,0.9554111527256558,-0.6850708937323882,-1.4307730371623093,998.5629893266779,0.0013133749976873893,6.907042598905093,0.9998968289917258,0.001410356909067545,-1.4239385034493275
292,0.91378575,0.91378575,558.2818553833181,0.008292463851427248,6.551772273145937,0.9484661816380018,-1.9516724852933862,-1.2301716053933145,938.8880991703868,0.0026273307951747388,6.876771145710616,0.9955145872978745,0.006711946740006525,-1.2454867342005853
293,-0.35376626,0.35376626,561.3567419839875,0.008461610584694844,6.552308977771494,0.9485438775904322,-0.5292708377135504,-1.2753879736205858,996.5696931120476,0.0012182466109021588,6.9060350109931505,0.9997509657016628,-0.0031066140483364535,-1.2671883582295647
294,0.70026034,0.70026034,530.5670166657468,0.00899940700723558,6.513198359545979,0.9428820356973769,-1.2118876278421187,-1.203460161643306,990.0724353044816,0.0015359593638322993,6.902767548740178,0.9992779520928984,0.002589797397549276,-1.2022704319399786
295,0.09975194,0.09975194,538.277005553512,0.009120400860772848,6.521465319950529,0.9440788007926465,-0.31888031640517855,-1.2771569383007129,990.0933246059332,0.001320492759450737,6.902782208553678,0.9992800743182679,-0.00011649209454756004,-1.27110728545237
296,-0.7679537,0.7679537,509.2619803986353,0.009639478461843801,6.482761418782848,0.938475837224229,-1.3949179512811245,-1.194695455627374,982.9063142245242,0.0018852861362011648,6.8991039740597495,0.9987475953369815,-0.00048528268098113614,-1.177554404760971
297,-0.18033826,0.18033826,509.0024980401119,0.010275234642586036,6.484579390310951,0.938739015558533,-0.36443059855205817,-1.2601497795011256,991.2952783954834,0.0013700409122023912,6.90337303640222,0.9993656054097269,-0.0031555857028147116,-1.2393031608320366
298,0.33624655,0.33624655,500.4863455657457,0.010676170003601488,6.472870536332482,0.9370439853344463,-0.5016603626950538,-1.2881355919097093,996.2991078030515,0.00124253686048738,6.90589999832058,0.9997314206154346,-0.0014587216164452244,-1.276723730239727
299,-0.75652439,0.75652439,1000.0,0.0010000000000000002,6.907755278982141,1.0000000000000007,-1.362571948883109,-1.1948095837779198,983.068815590395,0.0017020463470326767,6.8990538585008565,0.9987403403667533,-0.0017220855422106496,-1.1820104935812037
300,-0.25858281,0.25858281,978.206779183041,0.0014267074978897992,6.896485827912771,0.9983685798621653,-0.431736720011501,-1.2483016257557922,993.1322882112748,0.001374406423065611,6.904317115195156,0.9995022748131449,-0.0028650869341717566,-1.238479158112674
301,-0.31200328,0.31200328,932.2671333657327,0.0017741684324825808,6.870784017428482,0.994647861706082,-0.4724089053963363,-1.2935240410727065,995.7444113184293,0.0012482373190618996,6.905623315967842,0.9996913667424234,-0.0011289989000546896,-1.2828595939238134
302,0.25801378,0.25801378,855.2913595049728,0.0024244822599370666,6.823499995100027,0.9878027983796026,-0.3964278214455712,-1.3461043768905723,994.2529924061995,0.001305121927332078,6.904879489891398,0.9995836868889248,-0.0019037756794055838,-1.3360072295971428
303,0.22787665,0.22787665,754.4145663451254,0.0035696716185309313,6.753098659844463,0.9776111612395652,-0.3467775102326627,-1.4017701294862839,993.53507870264,0.0012710410157254005,6.904511465692846,0.9995304099293789,-0.003169337826609997,-1.3899368860792172
304,0.24239741,0.24239741,650.0387915535433,0.004961016878806993,6.666459231166544,0.9650688193095417,-0.34172013135003176,-1.4577690652642916,994.4062359024458,0.0012306948623311627,6.9049448259622626,0.99959314525394,-0.0031906148908831256,-1.442525423923716
305,0.09896467,0.09896467,509.09654206667716,0.00794235604742881,6.525889029979882,0.9447191984110759,-0.1952326902597914,-1.5429371555331894,989.7449180471398,0.0013801501674746677,6.902604583699382,0.9992543604869115,-0.0013975733029143456,-1.5253153852412176
306,0.17058676,0.17058676,1000.0,0.0010000000000000002,6.907755278982141,1.0000000000000007,-0.21209190017052748,-1.6176052145663102,992.3513501387287,0.001369832914468994,6.903923234222201,0.999445254702118,-0.0015333492241920155,-1.5966372929556663
307,-0.46789016,0.46789016,992.817479065413,0.0010592708645457988,6.903746336908176,0.999419646193003,-0.7169976296665936,-1.5846046004654748,997.40547408469,0.0012854220759207478,6.906444281155743,0.9998102136260699,0.0005396898168275044,-1.5678379637984783
308,0.09442628,0.09442628,967.3460436105981,0.0014253538630028381,6.889761459632384,0.9973951278493461,-0.1355675915293295,-1.6636426885548738,990.6203364007692,0.0013091310055445087,6.903029681136436,0.9993158996439728,-0.003910405133807693,-1.6384883156881858
309,0.54873979,0.54873979,969.1399746084876,0.0013256087076210232,6.889713104812722,0.9973881277722285,-0.9418550837263497,-1.5796038972908264,991.4479574840902,0.0019930036788736367,6.90361822200968,0.9994010996618475,0.001985353107883725,-1.5717570316640597
310,0.011914,0.011914,924.383513022829,0.0015960432868026109,6.862208589404778,0.9934064413491976,-0.11048224447828758,-1.6664572664642991,988.6573345110688,0.0013914992268420818,6.9020385986996065,0.9991724257661639,0.0010062489493147808,-1.6467253564592461
311,-0.23810448,0.23810448,863.6267885457285,0.001922112321428448,6.820978795349937,0.9874378173331892,-0.24623029574938027,-1.7131839570266374,994.899943130296,0.0014049743981489364,6.9052128395392565,0.999631944193128,-0.0009990249472080492,-1.6907695799571418
312,-0.21527756,0.21527756,784.6894183366298,0.0024331824520976613,6.761185445837619,0.9787818434172851,-0.19601470741097327,-1.7698003644713627,994.1188914125045,0.001313291758886156,6.904818657046772,0.9995748804326784,0.00223136053590256,-1.7382522681266948
313,0.53974133,0.53974133,829.909278402286,0.00225679023866746,6.7921816553088945,0.9832690043283826,-0.9519310236880401,-1.6823240925200207,988.7498936848905,0.001828189854279376,6.9021405999725935,0.9991871919628325,-0.002730963013041432,-1.6664693006096307
314,-0.89532126,0.89532126,787.2164045647038,0.0027298702870135324,6.760702988789221,0.9787120006059937,-2.165652181569719,-1.4102016524791936,905.0958607209452,0.0037123341447306258,6.860990576481234,0.9932301159186702,0.02211327959332543,-1.4206199627157399
315,1.08332845,1.08332845,567.4068528205042,0.004467220094016301,6.510929462026129,0.942553579139752,-2.511635914078721,-1.147574484804447,831.6848866754752,0.009531565784048663,6.835309254804441,0.9895123638212657,0.03158923490147636,-1.1731942199144443
316,-0.80698011,0.80698011,1000.0,0.0010000000000000002,6.907755278982141,1.0000000000000007,-1.415607360741678,-1.0692705582148538,979.2965990686697,0.002264569213728754,6.897752008480266,0.9985518782733507,0.008573887912159073,-1.0928719391622537
317,-0.11782932,0.11782932,968.2671370738394,0.0017800946432171224,6.891516613036405,0.9976492123287661,-0.38787446487396515,-1.1412386923234457,990.0746401416376,0.0013291354652494659,6.902758165088709,0.9992765936702142,-0.0006333491863657059,-1.1644906001679995
318,-0.45714962,0.45714962,947.2120870241707,0.0017278360601537272,6.8792346376829485,0.9958712142878069,-0.6999943842227694,-1.1616179852075033,998.4751921163632,0.0012095436622571838,6.906992699172777,0.9998896052655948,-0.0013664548398315546,-1.1804805445657367
319,0.22757479,0.22757479,869.6972668434496,0.0024626085693440587,6.832771073243279,0.9891449244059053,-0.4167042718116809,-1.2214876748621823,992.6558664005398,0.0013133846715197982,6.9040789836511305,0.9994678017412991,-0.0025288077421778965,-1.2292473698977426
320,0.27394315,0.27394315,781.3128739894634,0.0032661946440103676,6.772142725680659,0.9803680721414526,-0.4387223125167825,-1.2748298651688352,994.7338563167607,0.0012288206977743659,6.90510329961622,0.9996160866650871,-0.004451220314936499,-1.2776614971800038
321,0.07962388,0.07962388,636.1193045565348,0.005535460812946458,6.6581233789408625,0.9638620811016835,-0.273768482132958,-1.3636792496016445,989.3572656305802,0.0013898617197675713,6.902404113077042,0.9992253393918895,-0.001204121417489823,-1.349572375523415
322,-0.06463131,0.06463131,1000.0,0.0010000000000000002,6.907755278982141,1.0000000000000007,-0.2224588143664361,-1.4673400835688504,989.7173060728262,0.0013805272369118164,6.902592514748742,0.9992526133273564,-0.003066838864656418,-1.4341821846820164
323,-0.83203364,0.83203364,870.4052187300742,0.0016044935926962068,6.8209080079389235,0.9874275698058588,-1.7078680798299004,-1.2737992039599688,947.4795042736095,0.004366406613564583,6.8832595677642985,0.9964538825959324,0.003602152241349188,-1.2632700269595984
324,-0.1913769,0.1913769,927.2773240790112,0.0014867496928249035,6.8598375335646,0.993063195859973,-0.33710707666318385,-1.348929081992309,992.3548597670497,0.0013332846308638064,6.903906213137539,0.9994427906477362,-0.00016583486767096645,-1.3398855059686081
325,-0.09868532,0.09868532,940.0633483035899,0.0017402826782210218,6.871899859580861,0.9948093964025664,-0.25074431907148753,-1.4236271895465353,990.2751036290786,0.00129952865075088,6.902848241614208,0.9992896335828718,-0.0046671676559242314,-1.4128921054431256
326,-0.71015549,0.71015549,895.3966947162708,0.0018086495613817844,6.8340142584718,0.9893248939008155,-1.3130460396875838,-1.312934062787102,983.6682447906368,0.0022623394478683647,6.899606971928778,0.9988204117366243,0.0007438686281684426,-1.3078011358603312
327,0.21437834,0.21437834,903.0250299840519,0.0018289306996259655,6.8429935416406815,0.9906247782780461,-0.3450772722557982,-1.3745304398937324,993.0556853002022,0.0012912727944001602,6.90426671249322,0.9994949782747036,-0.002158224184559465,-1.378543161950423
328,0.11121498,0.11121498,874.0702258411923,0.0021884375121154413,6.828141277917998,0.9884746928852017,-0.24738384072925967,-1.4419248894497363,990.6911141942136,0.0013312053669685825,6.903068458747134,0.9993215132780886,-0.006403276593490048,-1.4509714449642885
329,-0.2220998,0.2220998,820.1488823715242,0.002536418166971036,6.792497791429113,0.9833147697192297,-0.3054429311405915,-1.4951540022412275,993.7614552784062,0.0013015808986192325,6.904611068638213,0.9995448289325637,-0.0033028872245415286,-1.4938428650626816
330,-0.01057215,0.01057215,729.1635649157573,0.003615943087166407,6.72406571866747,0.9734082125240352,-0.15573428682503376,-1.573665194228745,989.0629136538242,0.0014705201663241878,6.902255795555816,0.9992038682315435,0.0005628795389815977,-1.5849198374596212
331,-0.19263374,0.19263374,645.4773220350886,0.004989985508618805,6.647312182144699,0.9622970000645688,-0.22164038220822668,-1.6312118570921976,992.741267864511,0.0013333710232933441,6.904118707594253,0.9994735523710649,-0.0020849875790505124,-1.648294741885206
332,-0.95605724,0.95605724,741.7653027682308,0.004379996556648294,6.72931788067749,0.9741685408503731,-2.347851640364663,-1.3432493926639772,909.7050777685796,0.0032463527280994528,6.860530724477803,0.9931635455228095,-0.005140813877417827,-1.3408306426553362
333,0.23994024,0.23994024,726.8326623033732,0.004261499063641232,6.7148393409753675,0.9720725575508234,-0.3586421764279919,-1.3964855267857827,993.7156366627345,0.0012732352394333325,6.904609789635099,0.9995446437778988,-0.0041160859894748825,-1.3885460239580416
334,-1.23477998,1.23477998,551.4429766438341,0.006395617976440211,6.518981674744092,0.9437192563232595,-3.039878001801198,-1.046269657363616,849.2620024677466,0.003549555489875771,6.823930939122166,0.9878651839165439,0.0014438814129125177,-1.0415137046031435
335,0.14004822,0.14004822,586.6882877312642,0.005915147734090895,6.560895300191311,0.9497868750726886,-0.4115764601720233,-1.108167333954401,990.2150549322653,0.001436098831797142,6.902838906224091,0.9992882821467338,-0.006526819712743048,-1.1041297876077711
336,-0.6449828,0.6449828,565.7954445366295,0.00625763448080997,6.531413107075558,0.9455188904778292,-1.0367410642371864,-1.0781092583199454,997.1705080899997,0.001307542870083458,6.906335248878354,0.9997944295872635,-0.0005461443595233817,-1.0766438811266728
337,0.18335338,0.18335338,586.6164534302649,0.006248410104810498,6.557104355822568,0.9492380796658393,-0.4243654492780822,-1.1307379122849848,991.1952769991723,0.001353538323861905,6.903341745318572,0.9993610755614065,-0.006658441844758833,-1.1365633594090836
338,0.2648273,0.2648273,588.2028962983877,0.006315175921019995,6.561621723592557,0.9498920356309173,-0.46465550423511903,-1.18094708643542,993.5757705688668,0.0013403479522106612,6.9045413381488725,0.9995347344103166,-0.0030432871185475108,-1.1984474423547962
339,-0.10818718,0.10818718,565.5259573896941,0.006495699444829528,6.543994536531022,0.9473402389401503,-0.33148033117472675,-1.2599740743345333,990.4198077145101,0.0013616047698860807,6.902948530738905,0.9993041519206887,-0.004847182811425377,-1.2658664392242507
340,0.42985927,0.42985927,548.1015232612025,0.006953074054939378,6.524562507236463,0.9445271645752139,-0.6457435541554455,-1.2708346751849953,998.2350149347494,0.0011871983943141315,6.906868566339849,0.9998716351974736,-0.0017508807517998548,-1.289007555305443
341,-0.39230981,0.39230981,526.1805520325872,0.007631305008077905,6.500007500129712,0.9409724632120281,-0.5813394780424073,-1.2991707914014952,997.9034155607325,0.001187766904901155,6.906704165265088,0.9998478357042777,-0.000609076665041286,-1.3182336495488842
342,-0.34670426,0.34670426,1000.0,0.0010000000000000002,6.907755278982141,1.0000000000000007,-0.5066651260658306,-1.3382302472753844,996.8481221105887,0.001291959719248384,6.906176352404843,0.9997714269667171,-0.0004360289859777211,-1.3564234387248408
343,1.14448005,1.14448005,701.6765969125602,0.0028253036010771155,6.6765456021913945,0.9665289710690488,-2.6205632613021095,-1.0531663739675676,862.8584056617962,0.005308063366392292,6.839206286275142,0.9900765169091087,0.0014496053836126066,-1.0654993955987218
344,-0.31131215,0.31131215,763.66547809969,0.002200881175489441,6.728899315374113,0.9741079473165154,-0.5333190175503111,-1.0973711164411666,994.7404426458961,0.0012575456060078532,6.905116191598731,0.9996179529707088,-0.0018534513914554296,-1.1237372186292034
345,-0.18336517,0.18336517,819.4616201230849,0.0021986059541254056,6.776453447725974,0.9809921130738855,-0.4123456924232931,-1.1560532103124281,991.6393603083188,0.0013331021111033878,6.903545311284084,0.9993905447532483,-0.006419942118425226,-1.1780483345691146
346,-1.7932478,1.7932478,1000.0,0.0010000000000000002,6.907755278982141,1.0000000000000007,-4.691899389310757,-0.7159051665293126,687.582358808858,0.006501264851443335,6.717601554979044,0.9724724289840343,0.0197522698068342,-0.6537692993783164
347,-0.58086794,0.58086794,997.2750851779275,0.0010483636484746193,6.906347145547016,0.9997961518064478,-0.9229372065455124,-0.7407813306793953,998.4064818362749,0.0011981548836471599,6.906958556380703,0.9998846625901965,-0.0019793156853022964,-0.685008987066424
348,-0.5975045,0.5975045,990.9065431860266,0.0010925100769396932,6.902903088001153,0.999297573410606,-0.9451962544754808,-0.7600942957678967,998.6242855718164,0.001225638975027093,6.907065837989908,0.9999001931938257,-0.0020000450007833237,-0.7080503836768413
349,-0.11634652,0.11634652,943.8405574221754,0.0016277468544157818,6.876570057484187,0.9954854767955033,-0.5357170587742219,-0.8309961935153597,989.6572948379213,0.001354038415752129,6.902541748271295,0.9992452641270161,-0.002567100966651026,-0.7916161309928762
350,-0.15433774,0.15433774,858.6367131490128,0.0026603510164670114,6.825283705941478,0.9880610169715204,-0.5113676821500661,-0.9092679594417028,990.4726864414678,0.001319204514508679,6.902950429017497,0.9993044267246612,-0.003633353573469833,-0.8803940372499239
351,-0.03316353,0.03316353,730.0854612712333,0.0050412191864586805,6.740345787233142,0.9757649938383945,-0.44720374420180686,-0.9851179435853126,989.0601831537463,0.001377160065012143,6.902242534597114,0.9992019485111472,0.0016906221103134556,-0.9782648305823571
352,-0.61555846,0.61555846,753.8704833983422,0.0033650244074415778,6.748252326696457,0.9769095826583506,-0.9769768080963646,-0.9725146842731078,997.4755967757061,0.0014003527435781976,6.906515253126361,0.9998204878711398,0.0003025987465283819,-0.9720702951677699
353,0.32864739,0.32864739,674.3069675321403,0.004411720498655357,6.6826360851476725,0.9674106587823945,-0.5773141858953874,-1.0297132968707365,994.6582058858469,0.0013409345220532379,6.90508030057029,0.9996127572121749,0.00025055467699264256,-1.041987340189558
354,0.37504041,0.37504041,608.6735283533725,0.005256759604378524,6.620050617227053,0.9583504843273084,-0.6136131169258752,-1.0728178886098299,996.4378833583603,0.0012575527781758299,6.905966150349716,0.9997409971025082,0.001411702645325974,-1.0957053768799085
355,0.40656796,0.40656796,557.0667512129145,0.005816138632969363,6.562082205438351,0.949958697205799,-0.6425695615436506,-1.1170576901275073,997.2663021841463,0.0012223154598079693,6.906381947380786,0.9998011898879033,0.00016207806956547444,-1.134786754095287
356,-0.00648812,0.00648812,1000.0,0.0010000000000000002,6.907755278982141,1.0000000000000007,-0.3387054916521812,-1.2116861086189719,989.6155057667934,0.0013204656714275005,6.9025227775076905,0.9992425178276991,-0.006493045671679631,-1.2148756278940138
357,-0.64492026,0.64492026,983.0062506620229,0.001094864729817423,6.897604757196682,0.9985305614667127,-1.0709409626066888,-1.1583717331372454,993.1905655739151,0.001543832440224984,6.904341778748153,0.9995058452281351,-0.0005316039364373637,-1.1658442905970987
358,0.32478661,0.32478661,984.7248554472609,0.001222254244387358,6.898902892785264,0.9987184858410072,-0.517304352584004,-1.203477372079411,995.7712563256684,0.0012368145334943545,6.905637536227609,0.9996934253358726,-0.005113319656540938,-1.2068062419631849
359,-0.47511007,0.47511007,972.5490896766112,0.0012550638016474369,6.891647549857293,0.9976681673750293,-0.7273620146408,-1.21311373905864,998.4047763327129,0.0012515582171957122,6.906956557815641,0.9998843732682705,-0.001714108846885054,-1.2198867889288203
360,0.5246585,0.5246585,959.7490327563304,0.001300486821603642,6.883580134632947,0.9965002894033107,-0.8190054101587725,-1.2102585821625151,997.7192931840872,0.001442222597564908,6.906625524772028,0.9998364513268808,0.0015837000819685088,-1.223981286534645
361,-0.59135423,0.59135423,943.5616751175488,0.0013667241625305762,6.87264626489673,0.9949174496392148,-0.9531345837072722,-1.1795951467465309,996.1794042633913,0.0014686553875006805,6.905793343817443,0.9997159807947071,0.0014895682342501715,-1.2011244719624008
362,0.54570439,0.54570439,925.8168797532902,0.001413480952428268,6.860085650422931,0.9930991144541198,-0.8578809196429482,-1.1668637950413654,998.3266759511988,0.001181671002529022,6.906914249015679,0.9998782484421507,0.0004949591125322783,-1.1842373204496668
363,0.29699657,0.29699657,901.8128068819134,0.00164968957633953,6.844032532120838,0.9907751875554734,-0.48137125113795953,-1.2259352344772239,994.561553100664,0.001214121580550971,6.905024814972687,0.9996047248492201,-0.0022870982490239555,-1.2343945347829939
364,-0.4032082,0.4032082,873.0502070098413,0.0018007350726307512,6.822969830601692,0.9877260492075599,-0.6090610887254568,-1.2530333605593085,997.7249616429098,0.001174412523976155,6.906615589942655,0.9998350131130225,-0.0004273744670060253,-1.2497962785079197
365,0.02204681,0.02204681,798.2290993898406,0.00248620163388425,6.767630632230417,0.9797148797123619,-0.27075831605833667,-1.347053022110848,988.993298861142,0.0013425164766387773,6.9022082818615935,0.999196989919805,0.0016412781141994515,-1.3423940306170294
366,-0.07503928,0.07503928,695.3487748287895,0.0034318510065529844,6.6825056137611965,0.9673917711146636,-0.2359284319660908,-1.4398414627304281,989.0993831125488,0.0013585019849000337,6.902266913190362,0.9992054776739885,0.0015561257156928576,-1.432039549117535
367,0.06536787,0.06536787,579.6088545225183,0.005145301649560803,6.568847233605933,0.9509380353401659,-0.19293668657112129,-1.5202926610004939,989.6292656154437,0.0014127744644413913,6.902542396104643,0.9992453579104988,-0.00399843391357102,-1.5101027310031572
368,0.35775503,0.35775503,537.0275479265945,0.0056220460216378255,6.5123793826827026,0.9427634766532011,-0.4805619907515686,-1.536835452902194,997.8298541469651,0.0012506434780418319,6.906671146475695,0.9998430557449335,-0.0008630211198639159,-1.5262512402122828
369,-0.89060365,0.89060365,672.9957529839172,0.004229783667516137,6.658766050946888,0.9639551174036469,-1.9802855509807618,-1.3055566222694943,912.3782076739881,0.004302539164604954,6.868161678071736,0.9942682392019778,0.018456313055247975,-1.2938827540485347
370,0.51394786,0.51394786,659.832614004885,0.004410758348203546,6.643600325186323,0.9617596537330233,-0.7958179127859069,-1.3013110517396709,997.8051813582709,0.0014215360434003197,6.90667926083165,0.999844230418272,0.002190053540710224,-1.2823692967872766
371,-0.75306647,0.75306647,648.2444549527937,0.004409176441523479,6.636245944244522,0.960694998046077,-1.363781798010364,-1.204715080792249,980.4928892312348,0.002253041326402395,6.898282855403135,0.998628726236463,0.010666086985770207,-1.1923642043225808
372,0.38434709,0.38434709,635.6125264540233,0.004645754996097697,6.619073673121848,0.9582090571826357,-0.5830283885952801,-1.2250204161672862,997.3329546682398,0.0011681545518437534,6.906417404708927,0.9998063228618882,-0.0013752687337094116,-1.2316772829696105
373,0.24678058,0.24678058,614.887243403462,0.005124530875052673,6.592277782237136,0.9543299546663316,-0.4083293023306638,-1.2848409116571144,993.5650063292649,0.0013121193818034789,6.904531228445903,0.999533270880912,0.0005597259234111363,-1.2878145105991665
374,-0.41813983,0.41813983,595.8471036952966,0.005456527963808328,6.568622833528671,0.9509055501017348,-0.6204523666571333,-1.300201957646074,998.2051153607118,0.001230604757114248,6.906858989705585,0.9998702488376682,-0.0011371383859550832,-1.3066315285051966
375,-0.14132156,0.14132156,555.3174198168841,0.005321519816428663,6.517974712626458,0.9435734836262014,-0.2937468771470595,-1.3750207966183332,991.2728807378279,0.0013465870510897477,6.903374179317455,0.9993657708636534,-9.437275601875683e-05,-1.376896954080467
376,0.90331915,0.90331915,566.900871153497,0.006560345236323307,6.536056786496133,0.9461911319271905,-1.8611726793974839,-1.1836975479987966,950.7556975642761,0.002826023008872013,6.882949346039338,0.9964089734014934,-0.006501420827945026,-1.2092930859986137
377,0.57816222,0.57816222,552.0000061672264,0.006841661253257733,6.516065479936535,0.9432970938855672,-0.9158409332335742,-1.175641715758057,997.539497492234,0.0013646282452636524,6.906550155879063,0.9998255405621069,0.004161775528370271,-1.1824886667660126
378,0.40824481,0.40824481,542.221999292289,0.006840810348005455,6.501883517241781,0.9412440445052708,-0.6226174180336663,-1.1936233869446178,997.5837611136991,0.0012450282881793626,6.906547456490381,0.9998251497855707,-0.0015489081729356258,-1.2044276053875596
379,0.22328215,0.22328215,526.9527676697456,0.006454159618161925,6.480194825324554,0.9381042847654869,-0.3981256023541784,-1.2600642327031868,992.3597468772098,0.0013712641232687787,6.90391983573875,0.999444762721248,-0.0027928246184183436,-1.2613171536190468
380,0.35401882,0.35401882,504.38559347184855,0.006777767684599261,6.4498671551258795,0.9337139048267316,-0.5221171137192568,-1.3142347172666655,996.7460813148493,0.001273641917032359,6.9061231389882085,0.9997637235356478,-0.0002176302350536119,-1.3017823726253661
381,0.3760831,0.3760831,1000.0,0.0010000000000000002,6.907755278982141,1.0000000000000007,-0.5485294366423723,-1.3377292627507011,997.3557541882329,0.001240359392096532,6.906432207387898,0.9998084657691529,-0.0019861291744929233,-1.3277748263025115
382,-1.08132957,1.08132957,754.8658609979186,0.002448423052699123,6.727193282090262,0.9738609737028089,-2.392636568471884,-1.077453052116496,911.1418547431614,0.0030569096237663684,6.862399679189034,0.9934341044288144,0.007187382941893361,-1.066371180915543
383,-0.33932212,0.33932212,811.6440432061884,0.0020563235746592352,6.770330156572779,0.980105675887579,-0.5565161712819409,-1.1184486834294107,995.2702495262652,0.0012570455296999257,6.905383836421191,0.9996566985272102,-0.0011696143356019206,-1.1186476188962091
384,0.93197223,0.93197223,660.9950642117388,0.002648975614078907,6.619960404221562,0.9583374246571483,-1.7263108963701592,-0.9895275916619813,964.8553989627915,0.002845063754177729,6.890431056054263,0.9974920618597208,0.005667509245252944,-0.990287640168091
385,0.85982114,0.85982114,566.7539516203292,0.0032180794315590333,6.499658909251503,0.9409219995137454,-1.4729823205966648,-0.9171433928244722,983.534368927911,0.0021967628667581805,6.899531834429545,0.9988095344695239,-0.0007527020169595389,-0.9253230867351216
386,0.86979692,0.86979692,1000.0,0.0010000000000000002,6.907755278982141,1.0000000000000007,-1.4652866089964567,-0.8530596099010637,985.0991398544568,0.0017359182167990233,6.9003389101743515,0.9989263706503398,0.0030190492408168623,-0.8707959787767275
387,0.13048388,0.13048388,969.2306797256693,0.001605584768025919,6.891973024530197,0.9977152846598432,-0.4946569880706706,-0.9261032107036202,989.9143414216426,0.0014393389110140646,6.902673567806197,0.9992643469592211,-0.004411779891520418,-0.9404414825463978
388,0.23490368,0.23490368,896.0406657984654,0.0024074702352420234,6.851265430278133,0.9918222568081005,-0.5181308517039822,-0.9886095388270111,992.277323412864,0.0013130054064739202,6.903879920908985,0.9994389844578103,-0.0013829170167083404,-1.0100293851316646
389,-0.7748658,0.7748658,942.4291342207837,0.0017627399088612306,6.876027551595968,0.9954069410242854,-1.2830842658903867,-0.9358919144504294,990.6761833514845,0.001747595963288857,6.903163201343256,0.9993352286736542,0.004905376217524626,-0.9461139754571738
390,-0.04727195,0.04727195,865.7988746805844,0.002321195770629568,6.827787892012213,0.9884235350355801,-0.43696228972042217,-1.0094060149713873,988.940234986475,0.0013837983938035279,6.9021996222638835,0.999195736314638,-0.005173490127946323,-1.027402583876741
391,0.60711589,0.60711589,866.3529103073073,0.002258992382077466,6.825802739248698,0.9881361547386035,-0.9610816373676236,-0.9999798564462323,997.4895655057477,0.0013000197383288411,6.906500036052341,0.9998182849740472,0.0003415542782789771,-1.017936233391988
392,0.16848536,0.16848536,780.1326732193882,0.00278546342415247,6.7625047059887535,0.9789728258852294,-0.44663665868720415,-1.0686269087219555,991.3658764298766,0.0013403371984377491,6.903428310924822,0.9993736072164455,-0.004198265981124827,-1.0875309144791656
393,-0.13741988,0.13741988,669.9727421165861,0.0038846305554054938,6.670461292036726,0.965648176960262,-0.39756383617989677,-1.145184208501154,990.7937739403947,0.0013425654491340477,6.903112391537275,0.9993278732008661,-0.004764590772586175,-1.1582589398164231
394,-0.09400918,0.09400918,543.9816887172532,0.00586733820116912,6.544464706080151,0.9474083029537322,-0.3410315683127294,-1.231941021260377,989.6017900172991,0.0013230571213946783,6.902533883663359,0.9992441256084065,0.0007815015568466421,-1.260623294009558
395,-0.73523478,0.73523478,639.1850027805162,0.004161422565347282,6.631530430863972,0.9600123575659056,-1.2906943244327538,-1.14115856612236,985.2298213493079,0.002264843449716365,6.900497038674483,0.9989492620953527,0.0004136558896581377,-1.1651167117219083
396,0.2392941,0.2392941,562.9464845186639,0.004888728803790199,6.544954965166653,0.9474792752257224,-0.43346087218030416,-1.2104538715298296,992.8759353600683,0.0013333677114286864,6.904176625225272,0.9994819368069171,-0.004767524108651777,-1.2259298894918478
397,-0.06560644,0.06560644,1000.0,0.0010000000000000002,6.907755278982141,1.0000000000000007,-0.30084049107423816,-1.3018173293734043,989.1272997697008,0.0014541335508196352,6.902272740287458,0.9992063212326933,-0.002822776447574782,-1.3116686947795704
398,0.61265642,0.61265642,985.6049653316504,0.0010884284578741793,6.899395872633773,0.9987898519836396,-1.013722760288677,-1.24427472357264,993.1678627921532,0.0015950003868942162,6.904283924612243,0.9994974699841415,0.0014899076150545199,-1.255831703419303
399,0.02434213,0.02434213,976.67823154133,0.0013587155522510471,6.895041639130615,0.9981595121225263,-0.2786570162563704,-1.327791591238078,989.0587404888984,0.0014605655904614417,6.902249158793307,0.999202907461765,-0.005590757574909233,-1.334998561120908
400,-0.63568663,0.63568663,970.7439143013913,0.0013554744312106052,6.890259571293616,0.9974672368979611,-1.0734134307890715,-1.2664566015281693,990.9585781665268,0.0016523302621675392,6.903164737675833,0.9993354510805744,-0.0006475755499639746,-1.2673494805958947
401,0.22853594,0.22853594,946.2220050785908,0.0014268329142693627,6.875535391296667,0.9953356935235527,-0.3765993883807228,-1.3242157936582266,993.1032612564585,0.001354421628304147,6.904304204597171,0.9995004058126572,-0.004681561676234125,-1.3300684966124645
402,0.73012292,0.73012292,936.1892022636347,0.0015534526055067947,6.866811471653488,0.9940727768030193,-1.317258883858372,-1.2339244221104786,983.8330205642355,0.002133843941225499,6.899698758184115,0.9988336991580269,-0.0019794599712295025,-1.2228132157481726
403,-0.81549605,0.81549605,865.4284923326595,0.0018287261143908242,6.813065209265665,0.9862922084103674,-1.499197389506005,-1.1301298040161636,974.8021468350117,0.0031480982805037103,6.895713763655715,0.9982568121133273,-0.0035369474028943415,-1.1217817512857504
404,0.13869076,0.13869076,888.3087037575189,0.0016987939921419566,6.831262976417314,0.9889266050293412,-0.3729131680298394,-1.1970589080425151,991.1163844152295,0.001325607326611711,6.903273385492289,0.9993511794629604,-0.005531818334339356,-1.1879363775865395
405,-0.36284668,0.36284668,877.4802894050308,0.0018866732306817846,6.824343703178233,0.9879249376338366,-0.5495709498976735,-1.2499625222906576,996.5498978651542,0.0012509724450697347,6.906029096828304,0.9997501095386101,0.0005660120752084552,-1.2402194290744017
406,-0.32214792,0.32214792,853.2132507479629,0.002295903854345555,6.808029199580989,0.9855631713380787,-0.48528511391450646,-1.2951052738598485,995.9289565746554,0.0012091305901901462,6.905715835172834,0.999704760269156,-0.0004299340160249798,-1.3056044486300173
407,0.18963209,0.18963209,802.4010984941053,0.0030675343306790556,6.772084921352868,0.9803597041079226,-0.33075035963220145,-1.3613619026264243,991.6238505884328,0.0012803698843034436,6.903539729362839,0.9993897366873832,-0.004834802834947638,-1.369416376886997
408,0.14419539,0.14419539,721.024898266536,0.0038551149564987133,6.709470693132299,0.9712953661729812,-0.26820108981807333,-1.4358670792158752,991.0318576586964,0.0013432909447253186,6.903230808805091,0.9993450158561911,-0.0018457844160906234,-1.441728307452391
409,-0.68755302,0.68755302,771.3416474729705,0.0026506230816794106,6.743371769703387,0.9762030496681157,-1.254459717826192,-1.3332684886259594,982.9849064690975,0.002020235229087079,6.899296506030758,0.9987754671945146,-0.0006762701826019679,-1.3379163368203666
410,0.83695562,0.83695562,756.2483646801844,0.0025911187585685998,6.727002753345753,0.9738333918420141,-1.6136747461653052,-1.1942979044620086,964.3975367479113,0.002512765806727744,6.890036666275016,0.9974349680914388,0.004933287833423172,-1.192133097713139
411,-1.1306932,1.1306932,611.5923353504068,0.004479007826573067,6.576566117584116,0.9520554582462247,-2.4019737458578367,-0.9892392755704065,911.8326595434944,0.003476790118396406,6.861796005689973,0.9933467137389765,0.012494943091303057,-0.9533762851130534
412,0.01357522,0.01357522,647.4640493712694,0.003608842759551814,6.61548753704142,0.9576899108122744,-0.4040006956654274,-1.0655675616549336,989.8294688501677,0.001343478134274706,6.902640678969828,0.999259585812504,-0.002238044625688218,-1.0360387185476938
413,-0.0554095,0.0554095,658.1942791227615,0.0038271025276617105,6.629979956574638,0.9597879034231754,-0.3720724797104209,-1.1404336727171862,988.627382821337,0.001488365161324744,6.902085230904426,0.9991791764692414,-0.0006332829438226995,-1.129348338775149
414,-1.38978963,1.38978963,1000.0,0.0010000000000000002,6.907755278982141,1.0000000000000007,-3.162036503798345,-0.8314553995763371,821.8059222859132,0.005560901707922786,6.820347824502195,0.9873464749473839,0.01370501363488863,-0.7900159078818886
415,0.84024217,0.84024217,984.9637040209006,0.0011165919200301782,6.89946362771458,0.9987996605362113,-1.3551548724985434,-0.7912056102101468,991.7071839803447,0.001727277173644701,6.903702527387247,0.9994133041152715,0.0017425267392479071,-0.7447218685480215
416,-0.18848079,0.18848079,989.6991186371067,0.0012685740181164844,6.902405189319164,0.9992254951938944,-0.549523187599247,-0.8556163746669349,990.7252328827848,0.0013697357234284855,6.903080369912723,0.999323237595918,-0.0032607493863885395,-0.8225499039515488
417,-0.42198933,0.42198933,968.6725000923597,0.0014565596618948801,6.8908760246310345,0.9975564776588917,-0.7100551074258901,-0.8963388337020857,996.5119985099872,0.0012533286092748237,6.906004068519128,0.9997464863197547,-0.002076382846473379,-0.8648369772250474
418,0.66223509,0.66223509,966.3334317160841,0.0014304459511123582,6.889148971061244,0.9973064610471212,-1.0487205400687927,-0.8925160098677136,997.497363182581,0.0016567674823296926,6.9065243817085475,0.9998218093687635,-0.0016512343011694242,-0.8613451855404932
419,-0.18031886,0.18031886,912.9692296054162,0.0017972778895223437,6.856828857171834,0.9926276453415693,-0.49733795467386877,-0.9673783197563679,990.8994408288663,0.0012822932431326344,6.9031708273944545,0.999336332657639,-0.005531705774711071,-0.9421724312863278
420,0.02210993,0.02210993,813.6209808093739,0.0025672128043972126,6.790275409146158,0.9829930469318408,-0.4143884916508709,-1.0523767414702183,988.3908641911556,0.0014044908063350014,6.90190708435302,0.9991533871144928,0.0006748856595351072,-1.0306194460766336
421,-0.06608516,0.06608516,691.027146234727,0.004048198608517296,6.694370890787379,0.9691094458942384,-0.37861863515121996,-1.1369419504818898,989.1852671726847,0.001380905191875738,6.902316797295701,0.999212699137883,-0.004333161014754339,-1.1210507518239157
422,0.26021553,0.26021553,594.4076881349234,0.004970679684182596,6.600044668949971,0.9554543266799824,-0.4540721301652617,-1.1977539143268885,993.7801469169169,0.001294688492520855,6.904629264076346,0.9995474629920226,-0.00173177054802931,-1.1902362532904416
423,0.76560477,0.76560477,688.9984757493792,0.00423829271127974,6.681872561680522,0.9673001274395322,-1.3491973676711835,-1.1124719490825632,983.6027736331985,0.0021338025240119772,6.8994777237051,0.9988017011398447,6.709778181246406e-05,-1.09380067203723
424,0.81673807,0.81673807,736.1538801096483,0.003951432276845989,6.724928339813133,0.9735330897252135,-1.4359067083184556,-1.0293947012919271,977.0759300970328,0.003172530906355738,6.897116866430108,0.9984599320441478,0.010799925013849965,-1.014278098468869
425,-0.39779721,0.39779721,703.6162365627191,0.004423389230817512,6.6919942549147855,0.9687653926125849,-0.6398112805458069,-1.0681167108790923,996.79609849256,0.0012185932343217144,6.906149568974998,0.9997675496681209,-0.00025974973264109025,-1.0722318097655443
426,0.02679392,0.02679392,633.0180317670282,0.005664837960900837,6.61905068728974,0.9582057296426203,-0.35924011239879317,-1.1661490333763598,988.8874584258853,0.0014333768320864545,6.902181109911398,0.9991930563771274,-0.004517450433624504,-1.1581517922621893
427,0.01217984,0.01217984,538.8058238740723,0.00663935178908462,6.513297655398135,0.9428964102442661,-0.312298829478002,-1.2628845958853687,988.926748079068,0.0013987160719114015,6.902206793707606,0.9991967744874499,-0.001164324519177029,-1.2611786432475292
428,0.37547058,0.37547058,1000.0,0.0010000000000000002,6.907755278982141,1.0000000000000007,-0.5589826623638832,-1.3040805765709886,997.1112123242714,0.0012577495588324786,6.9063062474552686,0.9997902312012591,-0.0005556522201839442,-1.3045149460514731
429,0.50359013,0.50359013,995.3474082755786,0.0010514681861021147,6.905245634817562,0.9996366917959282,-0.7831354595699702,-1.3115426161430361,997.8694125369357,0.001282197793805563,6.9066816686901635,0.9998445789914938,-0.0020499977575179074,-1.3043756422408748
430,-1.00562791,1.00562791,799.9615903146101,0.001909566262175157,6.760674371247044,0.9787078577924426,-2.1377917288518624,-1.0860519045982198,936.6966661805051,0.002420764553850176,6.8751898406567875,0.9952856699448467,-0.004675970264967688,-1.0679271186694659
431,0.05805566,0.05805566,871.5239648165702,0.0016912497530297541,6.817475332221731,0.9869306390984788,-0.35941957331731444,-1.1707858126035793,989.445270627475,0.0013373124956660197,6.902440535130866,0.9992306120242214,-0.0029463937488447556,-1.1477973768085246
432,0.54323523,0.54323523,859.1450216469003,0.001754700429997789,6.806090361118349,0.9852824957228699,-0.8502137486273842,-1.1675907050289873,998.1628515305855,0.0013279569166297816,6.906845658544351,0.9998683189544144,0.001994442225250026,-1.1404589809593324
433,-0.24000024,0.24000024,872.2384573120595,0.002033763795479922,6.820212517116053,0.9873268871969965,-0.4227017928446646,-1.2349897592362422,992.7760745412108,0.0013994076123863318,6.904138482253153,0.9994764150461455,-0.003238116916036482,-1.2130842316951407
434,-0.02631839,0.02631839,845.1231767952886,0.0025971924866126377,6.809136956932683,0.9857235356397881,-0.2853940453284567,-1.3152972800916976,988.8700419214898,0.001395983825703212,6.902169136246591,0.9991913230116095,-0.003753663760508452,-1.2968866909085035
435,-0.58266027,0.58266027,842.7173794306896,0.002323276855269408,6.802005113641625,0.9846910955774197,-0.9501594230947861,-1.2801042997047634,995.8467346821982,0.0015277597404260098,6.90569720629699,0.9997020634631617,0.0004412070785013711,-1.2595400297328703
436,0.03851012,0.03851012,791.7929124073371,0.0028317144600954343,6.770508098689083,0.9801314356473153,-0.26665605721139496,-1.3568114469497288,989.3161274065397,0.001367191660405238,6.90237257776487,0.999220774187869,-0.007272072579977085,-1.3284627459019616
437,-1.03857104,1.03857104,751.4525249174903,0.0035766479382420787,6.719010496026101,0.972676394091389,-2.287582225196898,-1.0968852867645789,907.7817680184652,0.00440627122062742,6.863427067839041,0.9935828341693037,0.010587934145230626,-1.0787503725012022
438,-0.11753574,0.11753574,770.3234716160679,0.0032314130054683565,6.738715117723835,0.9755289302484946,-0.3752684183547874,-1.1731183788915778,989.6244073409747,0.0013452238584612305,6.902529161388548,0.999243441989109,-0.001841180844921908,-1.1633661547341347
439,-0.01482755,0.01482755,754.0192968074421,0.0040440951200740516,6.731237049336544,0.9744463689698627,-0.3115677002038115,-1.2590133702110418,988.4716013274457,0.001422253701634386,6.901938802560639,0.999157978795341,-0.002987053363121994,-1.246034894203245
440,0.51278869,0.51278869,740.0713526831752,0.004018402194224035,6.717574365725423,0.9724684929364295,-0.7943057456333049,-1.2498001686439295,998.2439062805344,0.0014318260241949013,6.906888817958306,0.999874566919522,-0.00021457875351682532,-1.2382201785547533
441,-0.58546858,0.58546858,727.6229792136255,0.003994394992068968,6.702918396257374,0.9703468240474573,-0.9439245924771322,-1.2247145594272344,996.8133229724269,0.0013506765829460637,6.906163651697355,0.9997695883509908,0.0002090794126861084,-1.2210490417840116
442,0.13374429,0.13374429,693.1544314370882,0.004742572312394634,6.67692305253934,0.9665836126034839,-0.3258431402900035,-1.2977871580502103,990.5122750981805,0.0014108825799122196,6.902972647989773,0.9993076432503456,-0.00721105451637527,-1.300534797797066
443,-0.2210003,0.2210003,643.6738421250609,0.005094612382842896,6.632911229579133,0.9602122486534435,-0.3585342483035934,-1.3589629773743765,993.0019696447551,0.0013016482450532807,6.90425021961649,0.9994925906862521,-0.0023094461167643132,-1.360965983828688
444,-0.7273681,0.7273681,670.8941410695419,0.004182472559759324,6.649233974024044,0.9625752079340909,-1.328670894866569,-1.2488247013084859,981.9833596124716,0.0018989355351160882,6.898738876563964,0.9986947420610562,0.005828943681587262,-1.2687651784240765
445,-0.22602312,0.22602312,637.5212393275841,0.004593793984464691,6.617274854763094,0.9579486515535847,-0.37943242198457217,-1.3145172174093767,992.7571957399739,0.0013314308694938098,6.904123606729115,0.9994742615934772,0.00029614323937643405,-1.3395331967579767
446,0.01534816,0.01534816,574.8323596486678,0.005341233893219869,6.554983338964359,0.948931031026658,-0.24063445745938683,-1.4050136415912247,988.5832929135759,0.0015119349566985944,6.902049274671837,0.9991739712714403,-0.0016660018170808755,-1.4225945390922123
447,0.41298885,0.41298885,553.0172507553428,0.005629663970768986,6.526385530853205,0.9447910742742573,-0.599395859821577,-1.4147778837390035,998.2344592834331,0.0012419872882785978,6.906872432792252,0.9998721949237879,-0.0014895481387702247,-1.4391229572739088
448,-0.32681751,0.32681751,512.8231942743337,0.006505767816309781,6.476318141005035,0.937543077229471,-0.452553267875758,-1.441786055013124,996.8493928326646,0.0011997669207606373,6.906170099100038,0.9997705217081267,-0.0021128873261409,-1.474594601745205
449,-0.61186034,0.61186034,537.1011784115217,0.006192215300234166,6.498070982214699,0.9406921235304959,-1.0482669343254347,-1.362763343037026,989.3763254550896,0.0019130155971728573,6.902623311338887,0.9992570715904102,0.006427729573900365,-1.3893299563926007
450,0.04260683,0.04260683,1000.0,0.0010000000000000002,6.907755278982141,1.0000000000000007,-0.22123467020533472,-1.4424364565749193,989.5200950464524,0.0013820816983454302,6.902473620775441,0.9992354016618443,-0.004113329794365406,-1.4657201953326378
451,0.66005977,0.66005977,962.5209384517515,0.0011884129127428798,6.88584081402196,0.9968275562646444,-1.176133940308854,-1.3428246664982142,989.0762784670786,0.0015276268923645495,6.9022291865872205,0.9992000161888,0.003424054511508956,-1.3553956252985697
452,0.82650713,0.82650713,823.9500962491917,0.0016902185029243938,6.781070644108052,0.9816605207107523,-1.5830456913353483,-1.1892882886734315,965.0402676387962,0.0022480195603813316,6.890434948508782,0.9974926253502271,0.017989272202839857,-1.217625546340729
453,-0.50998375,0.50998375,824.7589328570107,0.0016401228861301267,6.777827435264726,0.9811910181426468,-0.784841899321699,-1.190705104506451,998.2786804198771,0.001574833661074965,6.906915676867989,0.9998784551449438,0.00015433601436853905,-1.2150202378745254
454,-0.43751534,0.43751534,839.3052404050665,0.0016665788918962695,6.788044077129961,0.9826700285378646,-0.6637828349638193,-1.2050851509876068,998.3674173343659,0.0011897860488076961,6.9069411625294705,0.9998821445723268,-0.0005219598109498236,-1.2226798164745123
455,0.15439593,0.15439593,866.0987092695489,0.0019069148905389156,6.813554505961209,0.9863630413619967,-0.34477784075172213,-1.2745385108787446,991.3572598237367,0.0013724828419227674,6.903396455344818,0.9993689956489076,-0.0006972049262623514,-1.296798825437896
456,-0.2556255,0.2556255,852.8820202613355,0.002480923524105544,6.810723559137669,0.9859532198339884,-0.39895540681900243,-1.3366175403505984,993.799829514415,0.0013093025440522466,6.904644259608143,0.9995496338175935,-0.00234274409367341,-1.344484635497912
457,0.51815196,0.51815196,841.5932251971084,0.002252154790888585,6.800605014212049,0.9844884104252929,-0.8078950886732414,-1.3163828699887423,997.8546013211509,0.0016328967018246609,6.906720393435347,0.9998501849725426,0.0002287754176890644,-1.3269722386972158
458,0.26636006,0.26636006,807.9837433365951,0.0028043501901277236,6.780968813575923,0.9816457792313545,-0.3987313493047884,-1.3671202050408495,994.2613889161468,0.0012830351011527273,6.904870237531302,0.9995823474726134,-0.0018280239292325362,-1.3769827639938188
459,-1.05405068,1.05405068,735.839360189634,0.0026331539318220753,6.6954936154419915,0.96927197693497,-2.341635907177203,-1.1009913533824167,894.4469970487041,0.006255399618024101,6.858094863627402,0.9928109185474717,0.011466111700839221,-1.122533237475901
460,-0.4755718,0.4755718,735.5891395881481,0.0027040535714207554,6.695047978990777,0.969207464451071,-0.7335899317265895,-1.1251255419725168,998.412757253968,0.0011964418637029732,6.906959813181224,0.9998848445307069,-0.002089019985708873,-1.1479046777872846
461,-0.31722339,0.31722339,739.4991372740374,0.0027910232657546883,6.703506256592561,0.9704319255473579,-0.5142117005012299,-1.181819040454632,995.0731681076763,0.001250791465583415,6.905286336593257,0.9996425839814574,-0.0025268394633446434,-1.1937132914813495
462,1.03464026,1.03464026,631.9803742687606,0.00347652981563992,6.573886391900783,0.9516675282204627,-2.080310040970425,-0.9920281260371842,928.2629978649301,0.0032991723162961854,6.872487458987742,0.9948944601292257,0.004136404250203007,-1.0098325373856167
463,0.22525031,0.22525031,659.3740109674422,0.003331021139974649,6.607989142096457,0.9566044069630315,-0.48180077641234487,-1.0590526768439732,991.9703364601645,0.0012803744506247434,6.903721265984936,0.9994160168051299,-0.0017750347342841977,-1.0724473964248593
464,0.04063485,0.04063485,666.6570746723858,0.0033124097499620856,6.6250574343648765,0.9590752953455937,-0.3708624672719587,-1.1398898284461692,989.2114797349008,0.0014165932283520257,6.902336410806301,0.9992155384843577,-0.0017512000262742689,-1.151845353082937
465,0.24160637,0.24160637,649.4527217694244,0.0037495648167496253,6.6170053562806,0.9579096376523085,-0.43699298466022274,-1.1994990668678702,992.6884415899176,0.0012995959021157664,6.904080126486156,0.9994679671836142,-0.0025607240847902446,-1.2109636466850482
466,0.97232265,0.97232265,617.0062840136824,0.0040961752879739455,6.558907118523289,0.949499056296874,-1.908492190327073,-1.0281521019516244,946.4865691142272,0.0028382090077340026,6.88145433849132,0.9961925488919908,0.004145513987170446,-1.0536737945085652
467,0.35642769,0.35642769,621.5249904400213,0.00412173636590992,6.567492726590258,0.9507419503659637,-0.5907291769772858,-1.0710888645542112,996.0994448850423,0.001264144539607587,6.905796815719006,0.9997164834039373,-0.004355331428582687,-1.0990764124619599
468,-0.04873971,0.04873971,613.1452664695571,0.004085354273275114,6.567406368722098,0.9507294487840934,-0.3673306364768516,-1.152361192913922,989.7125489764487,0.0013463909066768875,6.902558630093992,0.9992477080211634,-0.003541631815968671,-1.1656915027228079
469,0.51677761,0.51677761,602.6014295529282,0.004199528413217378,6.555133444901634,0.9489527610867445,-0.8024093506688343,-1.1573221849029895,998.3557926324565,0.0014643263396432232,6.906950499065896,0.9998834961744101,0.001379608112995534,-1.1661015460740534
470,0.53769057,0.53769057,593.1124084859105,0.004246853557830357,6.543219908374269,0.9472281000288153,-0.8406036843831943,-1.1647248756163673,998.291895323164,0.0012424651536949356,6.906896551063658,0.9998756864011829,-0.0004340915037888138,-1.1698097823144653
471,0.7554077,0.7554077,582.6540387452078,0.004513506503371986,6.523652334900522,0.9443954036341871,-1.3067364037358455,-1.0891406042313732,985.4363108611599,0.002074252500029661,6.900617651109727,0.9989667225337111,0.007204943782710416,-1.0903725946196938
472,-0.22851519,0.22851519,571.8406592189888,0.004328077411988223,6.515253612980215,0.9431795641058441,-0.4455610510582888,-1.1537680636854244,992.7039420672845,0.0013862491864320165,6.904101771806128,0.9994711006646219,-0.001954046140461685,-1.1437607509558188
473,-1.92743003,1.92743003,1000.0,0.0010000000000000002,6.907755278982141,1.0000000000000007,-5.096613102978558,-0.5999409616310247,1000.0,0.0010000000000000002,6.907755278982141,1.0000000000000007,0.08010032101656783,-0.6379108149520392
474,-2.46344667,2.46344667,1000.0,0.0010000000000000002,6.907755278982141,1.0000000000000007,-5.409227043967671,-0.2175549310901833,1000.0,0.0010000000000000002,6.907755278982141,1.0000000000000007,0.09194511449149179,-0.2419978566913853
475,0.2671904,0.2671904,981.5754509534231,0.0014747681496324232,6.898405336237428,0.9986464571532871,-0.8367849322978946,-0.2820686430545648,990.5059906212178,0.001373652593385105,6.902979753478919,0.9993086718752547,-0.001969341102291189,-0.31344317491130375
476,-0.71310539,0.71310539,969.0911799654469,0.0015052571443938062,6.8914940232065875,0.9976459421159538,-1.1303914115396267,-0.3110164138905054,998.7400987822763,0.0011602949545053373,6.907123121909706,0.9999084858905823,-0.0023849454351534405,-0.3393881074710791
477,0.79677685,0.79677685,963.3906162093493,0.0014784667274412556,6.88791872199426,0.9971283642534019,-1.2219664850592435,-0.3254556943505459,998.7060529974083,0.0012493704836655135,6.9071122394780105,0.9999069104972373,0.0003856051011537076,-0.36216796779480454
478,1.25905555,1.25905555,964.3322809915437,0.0015902635337590712,6.887998398523969,0.9971398986124652,-1.9132811961208578,-0.27405195059644105,977.3937586008338,0.0021526079528548293,6.896529442104669,0.9983748936631232,0.004017467957496024,-0.2918032758444726
479,0.22954923,0.22954923,957.6154680017204,0.0015586895265007202,6.884346202111789,0.9966111890295863,-0.7960314563743127,-0.3517066623306151,990.5258556351978,0.001362343647457641,6.902996159908708,0.9993110469492298,-0.003534417498774367,-0.37162489310867747
480,0.08340337,0.08340337,908.7731229175685,0.0020071772063996155,6.854990770922055,0.9923615551030556,-0.722518503505067,-0.43780174897024327,988.8019606622748,0.00145784118845455,6.902121514979766,0.9991844291271417,-0.007051117824708797,-0.4591369470065061
481,-0.06469343,0.06469343,812.5436369612291,0.0029867638037628917,6.793567642422989,0.983469646513596,-0.6739953916050032,-0.5370523129586005,989.7814001908785,0.0013208796320301577,6.90262151068766,0.9992568109194463,0.001954095808999412,-0.5684475852866906
482,-0.80316477,0.80316477,832.4694042808759,0.002578354423628477,6.8023696380471215,0.9847438658900285,-1.2498045262048247,-0.5298433506379538,996.2387759058104,0.0015427030968802832,6.905909245837537,0.99973275933063,0.002726462928046125,-0.5634606844920125
483,-0.42887477,0.42887477,770.3087932023195,0.00282895336844443,6.755530081858266,0.9779631456274894,-0.8119033946301908,-0.5916767202816912,995.5469864440591,0.0012178640904969883,6.905517731476337,0.9996760818217449,-0.003265304404130198,-0.610486428428739
484,0.02146736,0.02146736,654.5731153051935,0.003940230792576768,6.659939311233075,0.9641249642263562,-0.5951283345143503,-0.6915580716262311,989.2338431456361,0.0014318759995137285,6.902348968756385,0.999217356433833,-0.0016082061061855057,-0.7069445717274412
485,-0.06443205,0.06443205,525.01633829775,0.0059070338510948004,6.529917621579813,0.9453023967783064,-0.5499641914809139,-0.7929459530699066,989.6885725707434,0.0013946490014167135,6.902547691850309,0.9992461245482056,-0.0059624588373301535,-0.8088525849231385
486,0.38059868,0.38059868,1000.0,0.0010000000000000002,6.907755278982141,1.0000000000000007,-0.6844134870598237,-0.8672120974245701,995.8772954164407,0.0012458552628720864,6.9056873978633675,0.9997006435469622,-0.0022853254928127953,-0.8781505163384986
487,-0.595967,0.595967,996.3029671844474,0.0010494369623018,6.905805362637741,0.999717720697152,-0.9496223705372282,-0.8789583949433623,998.2884971938946,0.0012663222417464567,6.906901447471615,0.9998763952288351,0.0007375387727588389,-0.9021714120494542
488,-0.25675568,0.25675568,964.5161344125949,0.001380740331737637,6.888406985289676,0.9971990476050403,-0.545170002016083,-0.9689432680404896,992.3572621417258,0.0013743768106621948,6.903925161073899,0.9994455336424712,-4.316320946706753e-05,-0.984486424233565
489,0.2482994,0.2482994,887.3271645141906,0.0020416274714701037,6.8424620256204385,0.9905478334531678,-0.5038755191641826,-1.0611493154359453,992.3973209829081,0.0012911683879149544,6.903937310380928,0.999447292434805,0.000634459913853469,-1.076507955952756
490,-0.88882359,0.88882359,942.8931451987005,0.001605553002954996,6.874394918194647,0.9951705931318972,-1.6022200141285197,-0.9376236672029424,974.4022957007804,0.0023926716196042957,6.895372951856608,0.9982074745520872,-0.0034011794293142827,-0.959372165456245
491,0.43510648,0.43510648,917.7733017157944,0.0017770275461631764,6.85781275757547,0.9927700795135832,-0.7113490685564168,-0.973677769287016,997.2221495886616,0.0012102536642390178,6.906361089714716,0.9997981704314768,-0.005156234418528527,-0.983065509085332
492,0.38475952,0.38475952,879.0474407503948,0.002043840021377998,6.830645371537822,0.9888371975656213,-0.6421958141839079,-1.015378999728922,996.1624586640035,0.0012264302822155633,6.90583237504754,0.9997216311439915,-0.0012489814083611606,-1.0358200011616399
493,0.18137472,0.18137472,801.9177531317239,0.0028035708314512256,6.7734792124078504,0.9805615484117046,-0.4407172235812986,-1.1049487960925481,992.0561209944677,0.001314736330635512,6.903773645107856,0.9994235994598136,-0.003539760581977802,-1.1151678856081044
494,-0.25937149,0.25937149,713.9012543135727,0.00393857956235747,6.700818841291909,0.9700428823354726,-0.46349800459046,-1.1852514517626134,993.3650286163761,0.0013032180570685798,6.904440043479896,0.9995200705050558,-0.00021474186109493587,-1.1916782550828209
495,0.85143026,0.85143026,794.3333186323144,0.0024702136705630024,6.762981141477381,0.9790417969864607,-1.5694043420818966,-1.0493511414885632,969.6640707966177,0.0021753952129767245,6.892554596087628,0.9977994757659179,0.0030968209283681603,-1.0512425191795278
496,0.86714466,0.86714466,786.2954243055299,0.0026942577113175633,6.757650701504872,0.9782701367644016,-1.5231571723984345,-0.9494937928083684,980.4410591939285,0.002182352673331909,6.898037587807458,0.9985932201153324,0.004357602345031353,-0.9526542697708187
497,0.23014099,0.23014099,765.9584664720404,0.002680092962885781,6.7370633743700346,0.9752898159071359,-0.5034482097260726,-1.018775100502034,992.4391955592611,0.001319163749950342,6.903939357564393,0.9994475887949658,-0.00637664011568706,-1.0298444995375293
498,0.0835628,0.0835628,717.7629487359616,0.0030592204388870626,6.6925779458134,0.96884989052472,-0.40013024773941375,-1.1000540070506042,989.1767820651728,0.0014228255890387305,6.902317370774986,0.9992127821575126,-0.0019520670336827806,-1.1210448402553892
499,0.57144393,0.57144393,708.1739186230507,0.0031275806961145185,6.680492946057347,0.9671004076221014,-0.9031836194318297,-1.0937067325978553,998.1247111832078,0.0012824402967389448,6.90681381068234,0.9998637085041704,0.0015268804617170062,-1.1091074191465262
500,-0.50164248,0.50164248,688.4173073696891,0.0032864132728160416,6.6586885110981315,0.9639438923608328,-0.781100762646437,-1.104650383830868,998.1784459724677,0.0016400482603727124,6.906878135825012,0.9998730205223405,-0.0005880860490714568,-1.122820993913699
501,0.42109898,0.42109898,659.5220863213416,0.0034079805592668296,6.626768386413518,0.9593229810234357,-0.6568531445262105,-1.1321746099250083,997.609531349458,0.001210352460839391,6.90656009459804,0.9998269793390433,-0.0025960423998512283,-1.141691338875535
502,0.2254321,0.2254321,605.4468994383217,0.003972107220754514,6.566662479577254,0.9506217598005089,-0.4270742269171697,-1.1973150039061236,992.383419186107,0.0013943634684368332,6.903929393529916,0.9994461463532355,-0.0021229709033052657,-1.2078487572083878
503,-0.26048921,0.26048921,543.89281791552,0.004866072026609522,6.493796898670068,0.9400733865642869,-0.4312339519974069,-1.2648571636884598,994.2681927512365,0.0013339945230162002,6.90488461562566,0.99958442891496,0.0002908116325484045,-1.2777230710431604
504,0.27749862,0.27749862,1000.0,0.0010000000000000002,6.907755278982141,1.0000000000000007,-0.42423123830641885,-1.3424771820364372,994.9163555102449,0.0012681228171561964,6.905199448389251,0.99963000562561,-0.0014931873108716687,-1.3301992258344204
505,0.9575912,0.9575912,815.339220507557,0.0018778149850728885,6.7799135545071545,0.9814930148345065,-2.0061755383993685,-1.1224300671519858,930.5802084285264,0.003961551536022753,6.874997032853691,0.9952577581565292,0.004281423985128541,-1.12030699068091
506,-1.05549871,1.05549871,570.06222126939,0.0034148717312868933,6.515250599859369,0.9431791279119252,-2.0764762100307754,-0.9433674274983896,943.8966184879016,0.0025211448142889174,6.8790209572440455,0.9958402808759714,-0.005135618512619011,-0.9333801064262599
507,-0.60115565,0.60115565,568.9428924324149,0.003236632813939623,6.503634139342951,0.9414974730114161,-0.9456578313883073,-0.9430803159538241,998.4619057838579,0.0012223151834980898,6.906984693195017,0.999888446281607,0.0005613024690589441,-0.9501571160982684
508,-0.16201016,0.16201016,634.7532118169498,0.003096571566120138,6.582765469976703,0.9529529064247161,-0.4649334421766671,-1.0173635435377502,991.0448004025421,0.0014024736242749085,6.903253267864341,0.9993482671380247,-0.005456908240421221,-1.0159648895330093
509,0.35773792,0.35773792,663.3606907049151,0.0030512301359970602,6.616565155428442,0.9578459120519681,-0.5965305940030641,-1.060394965606478,995.7081945425992,0.0012631924820584717,6.905601136491686,0.999688155934388,-0.0011046120016517946,-1.0668722529039254
510,0.1874345,0.1874345,682.4740443599967,0.004039071542470636,6.647579993920342,0.962335769790019,-0.4251009817097602,-1.1412239195969067,991.2364163021001,0.0014226910022740848,6.903339599238972,0.9993607648845638,-0.00242419419916029,-1.1481955989347923
511,0.37706304,0.37706304,676.1066298686117,0.004499176819252545,6.649430552162285,0.9626036655343245,-0.588160521633383,-1.1788895020999215,996.9992532952741,0.0011865062715695931,6.906251369263264,0.999782286769271,-0.0008829550743145731,-1.1991864553529896
512,-0.1903642,0.1903642,647.7872644477853,0.005175311399182702,6.638709902343546,0.9610516925147593,-0.3820720327556639,-1.2471457343166552,991.8674889628982,0.0014357737134650186,6.903676455500484,0.999409529823087,-0.0068151496619144325,-1.2682055434088126
513,0.01606641,0.01606641,583.5092114041317,0.006365120240764853,6.594412890804282,0.9546390432893237,-0.27787624802621735,-1.3324970784320298,989.4269406396677,0.0013402617774869563,6.902410422738797,0.9992262528089837,-0.002612749561857086,-1.3448879084826943
514,0.47000163,0.47000163,571.4475499750965,0.006671541344616021,6.5790000677567715,0.9524078086226286,-0.7122582175057,-1.335794782270651,998.354150477791,0.001247861698704761,6.9069272385065785,0.9998801288635575,-0.0015706784585693967,-1.3504784123494575
515,0.10054556,0.10054556,501.97368120005734,0.008346293572631626,6.510994740378729,0.9425630291491927,-0.2559682736830915,-1.4136779985780346,989.5999639759739,0.0013207030202961718,6.902505529545308,0.9992400209294034,-0.000950472816028558,-1.4335969355980684
516,0.23311042,0.23311042,1000.0,0.0010000000000000002,6.907755278982141,1.0000000000000007,-0.32223601997577056,-1.4953578638385578,994.4140971242106,0.0012867623058146615,6.904955781978417,0.9995947312997266,0.0010654716372870965,-1.518399181480432
517,-0.00064768,0.00064768,957.9634706133795,0.0018829092928760096,6.886360738547928,0.9969028230488558,-0.15674062470152883,-1.5671870899785647,989.4691711077871,0.0014614035017871062,6.902473207985182,0.9992353419043337,-0.004280828847485374,-1.597465626332784
518,-0.28154801,0.28154801,902.5975418305114,0.0022406524149473873,6.855182294641635,0.9923892810012447,-0.3426360413074896,-1.5933766772103615,996.4888004917807,0.0012253505008930081,6.905990053099418,0.9997444573799409,-0.00420362151073661,-1.6339047069282542
519,0.36523944,0.36523944,871.6080744149543,0.00220634154025879,6.8343811130803545,0.9893780015448674,-0.4806993015111054,-1.6040761472206309,998.1783170212062,0.0012572710343862128,6.906847486899358,0.9998685836359112,-7.43055317533603e-05,-1.6377332163958727
520,0.49054338,0.49054338,890.3786166780192,0.0019079591174464743,6.843435074578146,0.9906886967174858,-0.7649082494985784,-1.5657226276708536,995.5786343562927,0.0014656259785372629,6.905550192432845,0.9996807810265078,-0.0018244737481296625,-1.5945724857596413
521,0.05440321,0.05440321,789.624984417398,0.0028993067239760154,6.77328205705907,0.9805330072516869,-0.13204692229738946,-1.6334355655472943,988.6368187338569,0.0014227867125424305,6.90206421272204,0.9991761337756981,-0.004779642453700106,-1.679360157524616
522,-0.43478272,0.43478272,786.402139836747,0.002720990780330444,6.766273991962838,0.9795184859183161,-0.6318108062994154,-1.6116608460205013,997.2181485715444,0.0014898217072603994,6.906375558722793,0.9998002650349322,0.0006141511739716776,-1.6589005516318482
523,0.2651538,0.2651538,718.1538611336293,0.0031696681005715884,6.707134006047905,0.9709570960707523,-0.30250493010782264,-1.6546251117555464,996.2851827032897,0.0012276207206292715,6.905895696048395,0.9997307977977449,-0.0016875154877915577,-1.7050376227578723
524,0.20030921,0.20030921,629.3299864954364,0.0036473180528502564,6.619789271202167,0.9583126506151501,-0.19649456908212581,-1.7191674057847282,994.1581984018802,0.0012536144424547303,6.904820786974929,0.9995751887713601,-0.0005234323565925791,-1.7668831692288305
525,-0.08584293,0.08584293,515.6564562054358,0.005207066061411576,6.488341066433106,0.9392835739527194,-0.06795844627302738,-1.7976108282966847,990.0600021652269,0.0013383919498191482,6.902759782025003,0.9992768277457174,-0.0040505162867443545,-1.829119945226748
526,1.04850273,1.04850273,690.9350379306851,0.003992338046493226,6.692075575469994,0.9687771649687157,-2.9649542703607015,-1.3742238938729299,818.4848261835106,0.004684739931266183,6.811501150296828,0.986065787683855,0.0076861109278558715,-1.3933073080522944
527,0.57522163,0.57522163,673.5192863437541,0.004210298083442791,6.673787208407417,0.9661296526692829,-0.9335630232037895,-1.3402932454551828,995.0026605333545,0.0016351633589649492,6.90528576214203,0.9996425008211247,0.002990505480396699,-1.3531037831705661
528,0.16464749,0.16464749,666.493775859224,0.004128922853574013,6.664516467233464,0.9647875754242825,-0.2973656432205134,-1.3916671102406548,991.5082940993994,0.0014324633547691927,6.903507734949072,0.9993851050215996,-0.006323024828697399,-1.4164809013175796
529,0.18192377,0.18192377,634.3647611968215,0.0040840775564024425,6.6322615538857415,0.960118198463888,-0.28197339128395793,-1.4610834250021176,991.661505402306,0.001382319387935642,6.903560983646556,0.9993928135600949,-0.0019461324636065314,-1.4740558871439555
530,0.59497866,0.59497866,640.5736595219568,0.003989517128521095,6.635232627908808,0.960548305481736,-1.0110414443010525,-1.4048019590232281,992.8959950051541,0.0019781280179546373,6.904305068261416,0.9995005308408625,0.00021426393768653185,-1.4057115188165448
531,0.45302077,0.45302077,627.2820760701894,0.004055318679630209,6.620116221483443,0.958359981516155,-0.6741464746539538,-1.4037329683713744,998.5085769440984,0.0012233837777683896,6.907005620369592,0.9998914758004201,-0.0027573484768366185,-1.4003071404977239
532,-0.02325861,0.02325861,587.6914909840601,0.00452341088576926,6.575963675566744,0.9519682458316209,-0.20695214744532464,-1.4695765774045912,989.4132467280831,0.001346934762606137,6.902419538529459,0.9992275724548447,-0.00486894842411445,-1.4720497605135319
533,0.16429283,0.16429283,536.2161932729593,0.005917774221836584,6.515147707011563,0.943164232646582,-0.23813308607828354,-1.5318602458078985,992.1352789122783,0.0013003357379493747,6.903794100967491,0.9994265607488009,-0.0012718175675701104,-1.5343177393139622
534,-0.03161611,0.03161611,1000.0,0.0010000000000000002,6.907755278982141,1.0000000000000007,-0.14021543963453809,-1.607011235429349,989.0231768358175,0.0014317461185421503,6.902228076670262,0.9991998555118633,-0.004576365045662278,-1.6085523264516473
535,-0.45422312,0.45422312,994.2174424656646,0.0010517480245197607,6.90455217229481,0.9995363028135822,-0.6802254537370294,-1.5778719971461106,997.6436639340259,0.0012504418561472867,6.906548415773498,0.9998252886560254,-0.0028709366384971347,-1.5872152951041678
536,-0.64567802,0.64567802,935.7418252284805,0.0012812326934932346,6.86582957333064,0.993930632461885,-1.195060624650913,-1.468594980990096,981.8968946327709,0.002234805639067351,6.8987457835893995,0.9986957419554005,0.0036777502107909754,-1.468758768811723
537,0.08689368,0.08689368,960.5563684910832,0.001414651061259873,6.883489542341798,0.9964871748259277,-0.18718798334116737,-1.5431490226462254,989.97223619723,0.001354329968512331,6.902692085913002,0.9992670277297546,-0.00241984109880633,-1.5318999204290997
538,1.20476864,1.20476864,575.4975921034653,0.003619033857908336,6.508599047796631,0.9422162171262787,-3.2020953001269925,-1.1522483461174096,828.3467994378177,0.004070466673578346,6.814432093638352,0.98649008519052,-0.016002429275353336,-1.1433215488379198
539,0.5952121,0.5952121,556.7725501170966,0.003578021491737536,6.475153278164337,0.9373744460615078,-0.9443283213624367,-1.1374017756542747,997.8180198149466,0.001345317393763644,6.9066766724687945,0.9998438557143702,0.0013167319823654822,-1.1207328270539236
540,-0.06461166,0.06461166,620.6475896430322,0.003206803249309352,6.555550820061157,0.9490131823296326,-0.3425345239783901,-1.205705629395142,989.5312042731979,0.0013930379020101063,6.902495967561502,0.9992386366904692,-0.003046545279468127,-1.195754849052117
541,0.02761124,0.02761124,658.3610450506068,0.0036339054462504183,6.606515491442234,0.9563910741805708,-0.30283509695195665,-1.276611729633273,989.0873727248975,0.001471674031768809,6.902272364555946,0.9992062668399859,-0.0038869031221997474,-1.2770510728372115
542,-0.18530935,0.18530935,661.0867976794951,0.0038842754301000163,6.622543102417616,0.9587113085154709,-0.3346798121427712,-1.3445969869373813,991.9583613361444,0.0012975653447836715,6.903708347185355,0.9994141466173396,6.150787249303846e-05,-1.3360598086074524
543,-0.63630348,0.63630348,646.257136638698,0.004229590988633592,6.596507539788059,0.9549422747877164,-1.0794416184994926,-1.2866123020509805,992.0829241563799,0.0016125586696482932,6.903834214424938,0.9994323677665408,0.0028676795226738605,-1.2750343664983312
544,-0.12118286,0.12118286,637.968502584186,0.004602961093635035,6.601041961910365,0.9555986996231624,-0.2888549026135916,-1.3581512386258425,990.3228777760343,0.0015013514731009251,6.9029119484147925,0.9992988560868563,-0.002118045906056132,-1.346510051712742
545,0.0035972,0.0035972,593.1070827254061,0.0053078511092033735,6.572804838307448,0.9515109573013067,-0.2217775304839753,-1.4409361799500422,988.5120257207916,0.0013842222487440614,6.902005783381458,0.9991676752622994,-0.008091444011331106,-1.405128009439505
546,0.08184625,0.08184625,520.0550205845002,0.00657718140366922,6.512021226283374,0.9427116282039055,-0.200641953144717,-1.5155665892141474,990.0184607238397,0.0013215572462116005,6.902727125235844,0.9992721001912747,-0.00204880365422877,-1.485700716234232
547,0.53438512,0.53438512,541.1756860873304,0.00630157705646003,6.522337782407364,0.9442051026695369,-0.8670763081452035,-1.4566090899004753,995.9435846020006,0.0013449146289118755,6.905690519088156,0.9997010953905298,-0.002183674992017437,-1.4387098164184744
548,0.24503116,0.24503116,1000.0,0.0010000000000000002,6.907755278982141,1.0000000000000007,-0.3269925354181966,-1.507006211458928,994.3721372544331,0.001275857466592745,6.904928984190593,0.9995908519226002,-0.0013830968520647247,-1.4935652411250115
549,0.66598209,0.66598209,953.0683603863272,0.0012366802374200096,6.87954451394398,0.9959160734712198,-1.2248768477814593,-1.4061994360172207,979.6590447861759,0.0021641330210665434,6.898152495999884,0.9986098547799644,0.0030147627788359443,-1.3964348840189285
550,0.35975603,0.35975603,965.5377315017181,0.0012625259325177826,6.886869673176785,0.9969764988825098,-0.5007970245708782,-1.4347712972086084,997.6662433583671,0.001204282041930521,6.906585002445614,0.9998305851192958,-0.0024472258531478275,-1.4293157194842308
551,0.31873609,0.31873609,963.6500689381114,0.001389197348946393,6.886522037784701,0.9969261735050109,-0.42932402119350144,-1.4716419074522862,996.6881623694442,0.0012438531157850869,6.9060960296729235,0.9997597990603023,-2.0054583882433974e-05,-1.4671039233598748
552,0.39570324,0.39570324,949.1768784023996,0.001477470802992087,6.877581671423497,0.9956319229127228,-0.5535201052031287,-1.482910157990558,998.1863928719924,0.0012671304412216517,6.906854045689861,0.9998695331180857,0.0007452834661307861,-1.4834855638817426
553,-0.40620064,0.40620064,932.1558201341361,0.0015543566885586396,6.866329145462991,0.9940029529353492,-0.5718211631710881,-1.4919157910267744,998.3437744725151,0.0011723883599671092,6.906927732279742,0.9998802003445443,0.0006687454230567269,-1.492596862202023
554,0.47607249,0.47607249,918.8017576858851,0.0016077066596119074,6.856539999697725,0.9925858289392153,-0.7181391027373554,-1.4723287936376757,998.0143147267247,0.001341068345391723,6.906752534062186,0.9998548378048362,-0.0014540751818579167,-1.4730246849286894
555,-0.17245013,0.17245013,880.084718661839,0.001825758513231479,6.830310703188428,0.9887887493598181,-0.2431719052000343,-1.5322800640148706,992.074012826621,0.0012854289401108788,6.903767885828159,0.9994227657186828,-0.004942453202209762,-1.530189437535559
556,-0.13979527,0.13979527,807.4031795636974,0.0026027632420272955,6.7782518266722365,0.9812524550914631,-0.19251177322295998,-1.5958276067469732,991.0516593973827,0.0013699529689685478,6.90326018693778,0.9993492687764962,-0.0006213314833471983,-1.6065685368977658
557,0.04633723,0.04633723,693.8893058889327,0.004030978335600284,6.688868125822081,0.9683128390743586,-0.10639214106625339,-1.6851025134717226,988.6289076154877,0.0013150114288154045,6.9020027050739445,0.9991672296316438,-0.0006554828361071685,-1.6812630282028898
558,-0.23097152,0.23097152,607.491338227941,0.005113148852015893,6.60539496781859,0.9562288617717072,-0.2294027522262656,-1.7331141557789977,994.9917115888306,0.0013131973803938684,6.905261684430947,0.9996390152154381,-0.0017660375748267398,-1.7361403024650146
559,-0.64794606,0.64794606,720.2283297438422,0.003977758590399389,6.7004173710235815,0.9699847635614117,-1.2893070705149174,-1.5876472095498442,973.9886228327355,0.0021559593900424305,6.895133610164615,0.99817282629338,0.006367683387903611,-1.5946148380873373
560,0.00210243,0.00210243,640.1261148790144,0.003896286599450409,6.621199159546146,0.95851675285778,-0.10958965504200524,-1.6648378221523779,988.7597660990388,0.0014113548873547928,6.902102722807724,0.9991817086816015,-0.005891153790640757,-1.6644762946555898
561,-0.15028652,0.15028652,553.6440496439832,0.00515494773828511,6.5247285864176225,0.9445512069991927,-0.14122329084973462,-1.7325870468832605,991.9481427346491,0.0013575264894556298,6.903706131583389,0.9994138258761036,-0.00442314516930864,-1.7263305892781202
562,-0.16954785,0.16954785,1000.0,0.0010000000000000002,6.907755278982141,1.0000000000000007,-0.13345078099386853,-1.7964393169841353,992.3067396791911,0.001339289428480854,6.903889260962674,0.9994403365690696,-0.00040726218564124395,-1.7793706627512451
563,-0.07049019,0.07049019,951.0983294407712,0.0017768377695636607,6.88244495098987,0.9963359547392657,-0.021266765412096156,-1.8822455220221699,990.0515185921007,0.0013727895121730938,6.902746409543967,0.9992748918808098,-0.0014735037203443824,-1.8486958234712194
564,-1.46728962,1.46728962,1000.0,0.0010000000000000002,6.907755278982141,1.0000000000000007,-5.151591354225293,-1.1649408032389679,525.8544478895142,0.012678010437120968,6.6138596435666575,0.9574542490945358,0.03374196299806709,-1.1922946325727781
565,-0.17136245,0.17136245,975.1588065455667,0.001579536713727789,6.895061116988378,0.9981623318312416,-0.3756267343937276,-1.2175956498618845,991.6063077280879,0.0013409320791053824,6.903533692277744,0.999388862729802,-0.0036844061157639274,-1.2450678775944903
566,0.85307184,0.85307184,978.426125695724,0.0013302455502718876,6.895594195434105,0.9982395028403752,-1.5715654268764156,-1.113556478348784,970.1894105989351,0.0021454305716904587,6.892840040737769,0.9978407981113996,0.0028503272597131257,-1.1394530719248883
567,0.7852921,0.7852921,928.5554117349961,0.0015722770543195774,6.862835373368336,0.9934971776214371,-1.349678280992201,-1.0667393360891255,980.3069911549252,0.0029824431391115482,6.898634088300335,0.9986795724061688,-0.00021971261956288402,-1.0767648084161343
568,0.02279186,0.02279186,958.0929145532344,0.0015337800511328015,6.882991926286819,0.9964151375236665,-0.36627031864609094,-1.1392545734357709,989.1331365333232,0.001385791499542894,6.90227318333339,0.9992063853701612,-0.002055494253513146,-1.1526596185032383
569,0.00230809,0.00230809,939.2192508987122,0.0019328556405775797,6.874328543938873,0.9951609844742227,-0.3332858541117707,-1.2068089801771147,989.2768574769552,0.0013049384096334446,6.902351026286687,0.9992176542918518,-0.0005491144327205433,-1.2327548062371403
570,-1.60422945,1.60422945,559.978125809856,0.003847555654720341,6.499858637134442,0.9409509130862264,-4.105221323294506,-0.8115933507066482,760.4593978369498,0.006424898856777837,6.771405503556874,0.9802613483080203,0.004804758174623558,-0.7908469928631037
571,-0.32202036,0.32202036,613.3073732785404,0.0034230762346010666,6.562163592675985,0.9499704792151995,-0.6252467188729645,-0.8651759883859215,993.6894731238583,0.0013461221766327255,6.904603031390734,0.9995436654218204,0.0013186748195845865,-0.849145258222983
572,0.40985675,0.40985675,643.9771654260759,0.003637271421199855,6.596665587830296,0.9549651545852562,-0.6917154309944422,-0.9096095970837734,996.2595100717258,0.0013043091588486916,6.905883167037803,0.9997289840376903,-0.002195340726219186,-0.8950471079058634
573,-0.23659744,0.23659744,673.3580038146972,0.003809369270727803,6.634764433644266,0.9604805274198862,-0.5227125286120016,-0.9762103926974046,992.6601883850583,0.0012784567880946278,6.904066370947451,0.9994659758654291,0.0003058987940649516,-0.968862490675048
574,0.68440996,0.68440996,655.3467953048877,0.004031286180012767,6.610413876437102,0.9569554232111059,-1.0971166092302633,-0.9568576808404399,996.0849960037336,0.0016326344424198171,6.905816788746169,0.9997193747957653,-0.0031618255882142066,-0.9475034968845042
575,0.64666205,0.64666205,642.0010122671597,0.004204987482780061,6.593032329674078,0.9544391865957311,-1.0263173846076343,-0.961847880848349,997.2573554977964,0.0014536466592041252,6.906401676422666,0.9998040459592439,8.78279828775419e-06,-0.9388147354397294
576,-0.38378873,0.38378873,646.4722058192145,0.0037758446455850845,6.602685755801383,0.9558366631619142,-0.63514246880277,-1.0187781360552348,996.1323662217607,0.0012051491837648748,6.905820509419911,0.999719913418457,-0.0019278975088008465,-0.9885038376282719
577,0.07938428,0.07938428,632.2484005889528,0.004139133426367971,6.600940730437747,0.9555840448665114,-0.40074529743448917,-1.0928409306461453,989.6718595872363,0.001372056004947137,6.902565323711705,0.9992486770215755,-0.006253440868219329,-1.0635266134835843
578,1.05188509,1.05188509,596.3701434833229,0.0048402052298403804,6.535049907534563,0.9460453712682056,-2.045612068754621,-0.9166684017065081,939.9355978290122,0.003203246587980132,6.878902723940325,0.995823164852177,0.011211285695553741,-0.884155752899902
579,-0.8383028,0.8383028,551.7393321357844,0.005581680394921758,6.472032982793254,0.9369227370409847,-1.3931938804060264,-0.8555586413364731,988.1289263052372,0.002564645472543039,6.90217931850365,0.9991927970442942,0.005792918770310962,-0.8375447950434358
580,-0.19665517,0.19665517,574.9679915013386,0.004383418461496644,6.505720292910844,0.9417994746723957,-0.5250624227267036,-0.9228122298148126,991.0155855614929,0.0012870642855869739,6.903237804519559,0.9993460285895879,-0.0083105329915103,-0.9072317241606178
581,-0.80330774,0.80330774,544.9593537576271,0.004686426242255083,6.458963619388851,0.9350307529048112,-1.318492926612639,-0.8596144100681233,989.4990219426802,0.001786292595464435,6.902521944971669,0.9992423973057657,0.0034951796983273553,-0.8631036249623965
582,-0.42775474,0.42775474,550.2933159909236,0.004660023754205358,6.468998653948102,0.9364834729497415,-0.7136461635886269,-0.9093722495842469,996.8316639143503,0.0012325464292191825,6.906166931248515,0.9997700631146482,-0.00034997050287355336,-0.9101468201556202
583,1.08294151,1.08294151,1000.0,0.0010000000000000002,6.907755278982141,1.0000000000000007,-1.9499146330685466,-0.7653921104695651,952.9647268243353,0.002679516064329127,6.884833495227447,0.9966817319333195,0.0023044420628224316,-0.7684517231492941
584,-0.21194491,0.21194491,973.4482511497044,0.0015832420363315774,6.894249697526341,0.998044866832951,-0.5694166480111047,-0.8372003623635687,991.3687774098266,0.0013339332978699375,6.903415770657153,0.9993717918267621,-0.003072103456971398,-0.8427879663846588
585,-1.02167361,1.02167361,975.6859799558523,0.0012952108312910644,6.8936371385368584,0.9979561898366268,-1.751958872125984,-0.7418293567687902,969.4375620760733,0.0024227008668720783,6.892582205305325,0.9978034726095497,0.0020866711863600784,-0.744351618568494
586,-0.53160331,0.53160331,976.5632378705197,0.0012889673457400616,6.89422315226952,0.9980410240134316,-0.8616377746221326,-0.7720712107189411,998.1260546673254,0.0011747706023138424,6.906815815465846,0.9998639987263085,-0.004227138541839537,-0.7777472061962691
587,-0.85040065,0.85040065,948.2862110905185,0.0013881315383178514,6.87495981796034,0.9952523707489201,-1.366205644326076,-0.7337656977741973,990.0799978204476,0.0019089048982525293,6.902966565362439,0.9993067626998501,0.0012603734822036472,-0.7472029049032678
588,0.0748943,0.0748943,952.1443567811524,0.0016947875642666708,6.879594532910328,0.995923314458245,-0.5316825192690846,-0.8225411561051641,989.4799151290551,0.0013948918048680443,6.902468163435329,0.9992346116309455,-0.0008269956401809608,-0.8355437553648909
589,0.21743095,0.21743095,916.6018365148699,0.002132705930041689,6.859401146265148,0.9930000223279314,-0.5472252200308256,-0.8974554105477168,991.7224698993357,0.0012961675585390318,6.90360389086582,0.9993990250162815,-0.0014376017664003982,-0.9193956910172755
590,0.40501787,0.40501787,874.9943256379563,0.002439441778739986,6.832584244426139,0.9891178781644571,-0.6810293103374665,-0.9437756492636518,996.3461252181969,0.001229875692443822,6.905928199719453,0.9997355031860722,-0.003715842815524617,-0.9560745709801842
591,0.28452795,0.28452795,804.7039946899215,0.003114830632097862,6.784253873399255,0.982121340349353,-0.5489384304995166,-1.002669432605339,993.2182333069467,0.001265481893853372,6.904351961973844,0.9995073194010436,-0.003433305756564309,-1.0169064952285707
592,-0.62389849,0.62389849,810.9442753426997,0.0028318908329478688,6.784095160671283,0.9820983643286977,-0.9923647531615112,-0.9863182609736468,996.2833053105317,0.0020734122298066643,6.906019147321545,0.9997486691999825,0.0016683242252781838,-0.9970966385101792
593,0.16315254,0.16315254,722.025726076888,0.003759092915245743,6.714329158371687,0.9719987010543095,-0.4457160551021788,-1.0669761478769297,991.0239197953625,0.0014082139639865785,6.903247917762096,0.9993474926313972,-0.00012150630568807941,-1.0797929429137623
594,-0.06652813,0.06652813,603.3820400940035,0.005291236820253694,6.6074148959668655,0.9565212763212528,-0.36512350832217244,-1.1685225891297124,988.8511869908716,0.0014063483820814726,6.902170362525548,0.999191500533671,-0.0012949830487922753,-1.172881379508116
595,0.53732529,0.53732529,603.1510407717415,0.0048819103236047755,6.5979794741224636,0.9551553591074351,-0.8445143430686706,-1.1618110644480724,997.9704133959648,0.001570170221230593,6.9067528893214,0.999854889233875,-0.00013682358449251808,-1.1629493280636252
596,0.39394499,0.39394499,552.5797084919433,0.005488258446960659,6.537773516274239,0.9464396540170406,-0.6060681701056829,-1.204534659959572,997.3390794986203,0.0012651503856616019,6.9064228768914395,0.9998071150414446,-0.0019442328586896096,-1.1967265173711583
597,1.19544989,1.19544989,679.6713326870417,0.0052122517117932175,6.678462417129511,0.9668064584525333,-2.610618060190883,-0.9112873195522366,898.251526543565,0.002810346489553113,6.852892936193706,0.9920578624209,0.006750598601549029,-0.9266581297379077
598,-0.51518227,0.51518227,667.1514034033213,0.00509759556666557,6.664088598646092,0.9647256351021241,-0.818575734678376,-0.9347031544979892,998.5524009848097,0.0011870698013563387,6.907030640846222,0.9998950978853985,-0.0003247424027090773,-0.9512333529167687
599,-0.65947824,0.65947824,652.5020643772802,0.005266992073990245,6.648440667928549,0.9624603651141795,-1.0504749805767517,-0.9179093691640716,997.3449035516211,0.00135287535861317,6.906435111882854,0.9998088862378638,-0.000784762678796902,-0.9330927341528182
600,-0.27414406,0.27414406,640.2796689270633,0.005035326598090227,6.631082004762874,0.9599474412388229,-0.5497570012212556,-0.9807531958828539,992.7215492369589,0.0012924227398156813,6.9041056442385695,0.9994716612566354,-0.0038741618113977694,-0.9989362689187922
601,-0.05971635,0.05971635,606.4537875437585,0.00506044559256843,6.590972449443923,0.9541409883899518,-0.41436547009512914,-1.0627666313181083,988.4301339331565,0.001418267823767853,6.901917983425097,0.9991549649167798,-0.0021808966510565853,-1.0818152257300997
602,-0.37490845,0.37490845,575.7305999325496,0.005563042445450302,6.553034967797009,0.9486489754110982,-0.604061198186506,-1.1119484848230963,996.7098669065144,0.0012062042839932018,6.906103248616516,0.9997608441094247,-0.00234378319475681,-1.1252121374275488
603,-0.46483463,0.46483463,553.1635035928257,0.005942947269350594,6.523426922726813,0.9443627718797886,-0.7207486042296676,-1.1338067548225657,998.2303193817436,0.0012658828454874612,6.906871571586661,0.9998720702515093,-0.0015692994012432848,-1.1424551059979202
604,0.18735807,0.18735807,501.29455984608285,0.006533778280680973,6.453396236755312,0.9342247917193478,-0.39823066767570214,-1.2040125227855405,991.1401830886132,0.001384855791415701,6.903295863502173,0.9993544334881792,0.0009287224019081108,-1.2222653115153355
605,-0.32880697,0.32880697,1000.0,0.0010000000000000002,6.907755278982141,1.0000000000000007,-0.5074010721799702,-1.244812973789975,995.9126380705022,0.001297712931107289,6.905706067233032,0.9997033462150374,-0.0015493539143447421,-1.278284621156569
606,-0.47161964,0.47161964,996.0017132300011,0.001052983974061237,6.905661707291877,0.999696924455817,-0.7189855489039694,-1.2548506740006353,998.3257708470211,0.0012852437159690737,6.906915975605179,0.9998784983915814,-0.0014772380963066212,-1.277316338667225
607,-0.74460534,0.74460534,960.4049323881651,0.0012455733599196941,6.883318855918505,0.9964624654353371,-1.3166132526351557,-1.158612883179447,982.3721807648957,0.0023035064613005727,6.899285333467644,0.9987738498003448,0.005513450579617718,-1.1781081317589024
608,-1.06498752,1.06498752,754.8026569134881,0.002179670535821986,6.717304237684317,0.9724293878972096,-2.1459942536519785,-0.9694462881646759,932.6985927696875,0.0036285028249900676,6.873283280001138,0.9950096670207925,-0.0026024447238350845,-0.97443775983274
609,0.57769582,0.57769582,754.8843900494539,0.0020705120475318327,6.712466535104749,0.9717290587187444,-0.9060549089163343,-0.9767535971192167,998.5105430656587,0.001250593584074493,6.907014271118289,0.9998927281245613,0.0004359594385867638,-0.9761959543403336
610,0.5664096,0.5664096,754.4938749378814,0.002023904524293865,6.708618913065608,0.9711720583787283,-0.8887241858767263,-0.9805670589351609,998.7262689882921,0.0011768051591280416,6.907117831638384,0.9999077200453681,-0.00016379251937781447,-0.9816156972083503
611,0.35765948,0.35765948,780.5270534693115,0.0021566184567281834,6.733894855099322,0.9748311257621111,-0.6062810916188885,-1.0268112346387317,995.6936653150722,0.0012198527302954751,6.905587920626183,0.9996862427419008,-0.00243496231794893,-1.0219837814177977
612,0.22572845,0.22572845,791.7177981150464,0.0025029754876664504,6.7504312302310865,0.9772250112522469,-0.46599361393880745,-1.1003518723169217,992.3321518067557,0.0013839281154243448,6.903919271983562,0.9994446811093256,0.0017994785759407605,-1.0990250386435005
613,-0.26509307,0.26509307,774.6938753441349,0.0031406088971659,6.745145071482536,0.9764597613939269,-0.47087543275804844,-1.1646497741296362,993.464623999709,0.0012637357772468973,6.90446847563476,0.9995241864810444,0.0015121599566096933,-1.1710073446281575
614,0.27370638,0.27370638,736.3031622970954,0.003883556103432358,6.722136172372066,0.9731288820878116,-0.45443031833545344,-1.2330833565886166,994.5609837960847,0.0013239449914380223,6.905026573588013,0.9996049794348641,-0.0027010857839213642,-1.2303752240447814
615,-0.52440934,0.52440934,726.2642289165333,0.0038091334829794933,6.7109583581624666,0.9715107277441554,-0.8180297960889682,-1.2213023811897732,998.2287679350184,0.0012909281768628891,6.906870398924379,0.9998719004912565,-0.0021490482020594115,-1.2228126487839837
616,0.03726137,0.03726137,657.4330713896114,0.005024464036557715,6.658928317051854,0.9639786078283091,-0.2890835321063632,-1.3097024133763053,989.4792159162728,0.001447374469270344,6.902469324084704,0.9992347796521518,-0.005104230850574432,-1.3030843385538877
617,-0.35345882,0.35345882,611.3790625123212,0.005754672888154123,6.616232260497318,0.9577977205747545,-0.5155210501837049,-1.3433426950156633,997.2028778386343,0.0013034949871172864,6.906357002662782,0.9997975787701093,-0.0012539236969812961,-1.3427825032780696
618,0.25732442,0.25732442,542.3944443753722,0.007495907484245771,6.547255957599331,0.9478123779978602,-0.3791556469208457,-1.3978346629846965,994.2935668786005,0.0012665214386165696,6.9048953667240065,0.9995859852958555,-0.003452723127861823,-1.4026490276408137
619,0.73969172,0.73969172,613.8393039843812,0.005225766142178032,6.607332264184315,0.9565093141455223,-1.3836231784962933,-1.2788627616304975,980.513659459404,0.002110469785892479,6.897667045711277,0.9985395786527709,-0.006021178548852646,-1.2797389050062111
620,-0.52903795,0.52903795,607.4233348470015,0.005031251213704753,6.5967779358327565,0.9549814186244301,-0.8255486403036976,-1.2665864733528713,997.8919161769479,0.001390216594249535,6.9067113614739775,0.9998488774622147,0.0010252794552005895,-1.2624692303736196
621,-0.31962249,0.31962249,576.8518371586836,0.005791808686913342,6.562112652665993,0.9499631048934504,-0.47679810645060705,-1.3119881352203535,995.7464597735518,0.0012574781534881966,6.905621645287415,0.9996911248866598,-0.0024548862118649595,-1.3038872484472668
622,0.04427086,0.04427086,515.4571926419715,0.005922476519840754,6.490719775397067,0.9396279273450868,-0.24613992990927525,-1.398198086283799,987.9098653555216,0.001474624528257416,6.901714887408071,0.9991255637569494,0.002710908402356438,-1.3956697539191292
623,-1.13885971,1.13885971,532.3713899064812,0.006446618952680636,6.516125611261627,0.9433057987864595,-2.705403834144284,-1.0822053846906161,865.0401848418712,0.004382051177295208,6.8392839717788805,0.9900877630376411,0.023189340603964936,-1.0961960490772966
624,-0.96875625,0.96875625,1000.0,0.0010000000000000002,6.907755278982141,1.0000000000000007,-1.8013712325583189,-0.9507787661110683,963.4816640543071,0.002483053315924196,6.88946603733856,0.9973523610919999,0.009805818841293501,-0.9605565700920924
625,1.01247092,1.01247092,924.0765960680955,0.0014548426878846158,6.8619071017951985,0.9933627965474634,-1.8063018390706338,-0.8450276993890801,964.5210241769522,0.0026066802456834984,6.8903365321724745,0.9974783781262979,0.0076483031431084925,-0.8423455729298501
626,0.18932852,0.18932852,965.2292734754973,0.0013544303214954902,6.8873556419277495,0.9970468500648169,-0.5255006596891949,-0.9079306732950079,991.0420822934183,0.0012999729462700098,6.903251987451925,0.9993480817793424,-0.0003521841911053869,-0.9220835006857946
627,-0.37280905,0.37280905,965.8367894458949,0.0014955643539575824,6.888696412418124,0.9972409464733063,-0.6418696694517116,-0.952692322893814,995.5882638645605,0.0012898357334315885,6.905539215929257,0.9996791920148616,-0.0023488448721851185,-0.9703818705081392
628,-0.02424379,0.02424379,926.64415816452,0.0018827427258588415,6.867303964886203,0.9941440725008002,-0.42025387481608956,-1.0374994712001628,989.1638706553782,0.001389373309435898,6.902297930129782,0.9992099678358671,0.00015533354602315086,-1.0596839795045936
629,-0.34526552,0.34526552,875.0823282859769,0.0022423233036250306,6.834913713912771,0.9894551034123926,-0.5760086191605778,-1.0850992766023604,995.755931084791,0.0012651773716875546,6.905631270573647,0.9996925182895589,-0.0017739976547321845,-1.105942586104688
630,0.07480053,0.07480053,768.1079689451592,0.003310921623170986,6.7614348847743155,0.9788179534018783,-0.36706332365011196,-1.165933620688896,989.4294634725269,0.0013440772556141901,6.902428183793788,0.9992288239850422,-0.0042815267673113055,-1.177133804124216
631,-0.36190429,0.36190429,701.8410504966004,0.0038755687515405588,6.705529388774168,0.9707248039282355,-0.5607557038675539,-1.2122407489880715,996.7060661525818,0.0012347675946407983,6.906102402461242,0.9997607216159026,-0.0014163302764407248,-1.2291596815180434
632,-0.09232901,0.09232901,578.1657199595782,0.005555341089657696,6.589599029611094,0.9539421655050404,-0.30822606541835373,-1.2996753778613108,989.5805071073337,0.0014756690755750098,6.902544165437173,0.999245614047617,-0.0009137443170992299,-1.2995795122045148
633,0.49299502,0.49299502,577.8753689414445,0.005477701425113543,6.5772542880446405,0.9521550811240962,-0.7602244361485795,-1.2970769508837643,998.2813356105136,0.0013627969020176573,6.906893156404412,0.9998751949739233,-0.0012400179972367198,-1.3037714997293572
634,0.46121075,0.46121075,560.5748353404847,0.005422936784293582,6.549507607464703,0.9481383377017633,-0.6968480753807267,-1.3056989506616872,998.4450751410369,0.0011578513448584722,6.906968788547373,0.9998861438480375,-0.0006978892216844557,-1.3168352213409216
635,1.25442584,1.25442584,643.5045891979324,0.0063601478537062975,6.6568813656110075,0.9636822812564814,-2.967865982132416,-0.9715014698186596,858.8112506177569,0.0042760254701599745,6.8334578427564985,0.9892443444758822,0.006654495598316323,-0.9574426560650435
636,0.3105973,0.3105973,637.3997771907588,0.006879115326407654,6.648435332755035,0.9624595927687073,-0.5606370359872894,-1.0227084597399418,994.4088843272837,0.0012542571850639634,6.904961474867831,0.9995955554298795,-0.0011547709704204934,-1.0161298622410802
637,0.01838122,0.01838122,618.6289537163115,0.007862346245529275,6.626531016661169,0.9592886182322304,-0.3871818327570633,-1.1007602583009026,988.438331030967,0.0014534499547310352,6.90194238403341,0.9991584972666283,-0.0006988378506314064,-1.107015030783739
638,1.20946524,1.20946524,561.7239343729088,0.006462033847005844,6.561970329955351,0.9499425015708232,-2.5213109422751403,-0.8809776585788445,900.2051141954181,0.004796436859083669,6.858290097613805,0.9928391815617967,-0.004104733237182856,-0.8538650037226965
639,-0.16623185,0.16623185,579.9760012165839,0.005495387586897677,6.577810782771847,0.9522356419871743,-0.4965111453762301,-0.9511091567561412,991.2143836404758,0.0013867397663910135,6.903346860854024,0.9993618161110127,-0.005990886504446458,-0.9287266249271684
640,-1.79754947,1.79754947,1000.0,0.0010000000000000002,6.907755278982141,1.0000000000000007,-4.165353886724344,-0.5587223422476786,737.3887967642744,0.005483706130152223,6.760759573804261,0.9787201921259238,0.01506017586492625,-0.5202509809394187
641,0.5613867,0.5613867,994.1910842698458,0.0010899098681744102,6.904733874358001,0.9995626068813803,-0.9276896182584773,-0.5994195903257609,997.7440441552716,0.0011857895992031461,6.906624315879963,0.9998362763218299,-0.0010475896210042634,-0.5649672466994344
642,0.17666632,0.17666632,946.5330648322598,0.0017797784483168401,6.87906740499574,0.9958470048767241,-0.6258359140311063,-0.6823704729484299,990.4699744753103,0.0013225475681431554,6.902940520517322,0.9993029923223447,-0.0022487834622291203,-0.6374681178162986
643,-0.01477021,0.01477021,847.6308881698894,0.0031983835205239963,6.821698612785603,0.9875420215799517,-0.5571210552269958,-0.7600730438927564,988.8798038312362,0.0013630846048953169,6.902153395292328,0.999189044275084,-0.0010088296344061831,-0.7269438142620183
644,0.60806009,0.60806009,834.9596989915865,0.002735816334309936,6.80944355704524,0.9857679205521329,-0.9661580878075577,-0.7722670202118438,998.7711117873166,0.001187850278838869,6.907138077361553,0.9999106509139863,-0.004401670433805904,-0.7322102418358462
645,-0.3261428,0.3261428,744.2578928137957,0.0036672303609575443,6.743910400512317,0.9762810244641494,-0.642119071735066,-0.8457736900889525,993.6945351906029,0.0013309704082657648,6.904602784740332,0.9995436297155175,-0.0026178547751731784,-0.8022805911364121
646,-1.52620472,1.52620472,846.05354271692,0.0025759965505245197,6.8112475523194975,0.9860290756164628,-3.0683424688204166,-0.5520706496929578,863.4574662889726,0.005704635608336992,6.83952263057588,0.9901223124371726,0.013475210137837479,-0.5370410848052126
647,0.61477651,0.61477651,844.4553547901465,0.002481981527250854,6.809386215588867,0.9857596195261039,-0.9914064471757831,-0.5892381387149412,998.384866472352,0.0012126606200460242,6.90694625023986,0.9998828810938427,-0.0019422501588497454,-0.5791707598267077
648,-0.42501438,0.42501438,843.2339609622542,0.002296788808576388,6.808894018528912,0.9856883667037215,-0.7859865879663888,-0.6550443088034754,995.4554709940454,0.0013033520765543302,6.90548264863688,0.9996710030605498,-0.0009829512553682918,-0.6500605179727894
649,-0.56775422,0.56775422,830.462371460467,0.0023589026545483473,6.799022419861348,0.984259306427426,-0.9231574410784118,-0.6874995442143261,998.0541148492392,0.0012301659363110281,6.906779232801833,0.9998587028432705,-0.003258548420031815,-0.6726352512698868
650,-1.2319693,1.2319693,767.3015325678031,0.0030599730725026876,6.7436645939841116,0.9762454403245443,-2.1255128191129575,-0.5547543508489705,960.1396015024636,0.0024230322197293444,6.887805855011587,0.9971120250841472,-0.0018334365766232708,-0.5378941077185586
651,0.46692952,0.46692952,776.0830516700462,0.003068365602794613,6.75076268635742,0.9772729944411334,-0.8339067551637322,-0.6146903437024036,996.3931582651098,0.0011966898879565949,6.905950698444746,0.9997387602101537,-0.0025663144085079637,-0.5929365817787711
652,-1.50690874,1.50690874,606.8442511686286,0.004102633019893245,6.570435558888497,0.9511679689753942,-2.701525056083649,-0.4224106457670738,890.6341369650859,0.004650681824412098,6.854267072585693,0.9922567890383741,0.012138679756589887,-0.4057309997778227
653,0.69496761,0.69496761,611.5080813968003,0.00396165401645459,6.572497012245475,0.9514663949146064,-1.0992752283187759,-0.45628455088348585,998.5422423699675,0.001216788707634307,6.907024936522653,0.9998942720999822,-0.00024238147981492375,-0.4459385382837938
654,-0.15940045,0.15940045,645.378039379412,0.003959959409336445,6.613504825972427,0.9574028839867836,-0.6890120965687094,-0.5398239381826382,990.488720366208,0.0013376230406996923,6.90297266402178,0.9993076455712163,-0.008048927450228227,-0.5300044851342116
655,0.34062364,0.34062364,651.7425868997204,0.0038471012773518484,6.625917579737278,0.9591998141418832,-0.7417159151341188,-0.6078751034001475,993.3321950820015,0.001247853869322838,6.90441059477418,0.9995158073682584,-0.007169646620414305,-0.602841262863151
656,0.16433767,0.16433767,636.0010129134639,0.004290192631423684,6.619697152721379,0.9582993150991875,-0.6193713566793537,-0.6950528787344494,989.9608427489873,0.0015508876959521895,6.902721401729028,0.9992712716287989,-0.003427480070068434,-0.7167323343343365
657,0.78877462,0.78877462,632.0767516779626,0.004333818832782692,6.611085434717703,0.9570526412296197,-1.2495292480438982,-0.6845570040926727,995.475039965893,0.0017526532225584722,6.90556154199627,0.9996824240440969,0.002432489048382891,-0.6844881582560121
658,0.16074981,0.16074981,597.6874502870595,0.005289839851502132,6.585359411082402,0.9533284178609118,-0.5800092111384494,-0.7772556233249376,989.9829973977313,0.0013450030304817285,6.902732613456042,0.9992728946925238,0.0014114390109902786,-0.7891297683927831
659,0.46004056,0.46004056,568.7528768670285,0.005855753220180697,6.557954206567878,0.9493611081622159,-0.7744682586505247,-0.8203770912090219,996.8895702433026,0.0012752772890702367,6.906199452109593,0.9997747709914858,-0.0017536280854661968,-0.8354138006883357
660,-0.20747799,0.20747799,512.6095826296616,0.006597346392577715,6.500303848271308,0.9410153639995673,-0.5410130584959489,-0.9060039718109356,991.4676230798483,0.001309555177560189,6.903459103565597,0.9993780649077694,-0.0025269345327902926,-0.9281089739951656
661,-0.58592404,0.58592404,500.6885986450738,0.0067427321333673775,6.4831189667027935,0.9385275975871117,-0.9286310300548113,-0.9172177213762713,998.3474400914215,0.0012595917358186892,6.906928289058071,0.999880280946463,-0.00032828556629116434,-0.9297983692142086
662,0.37434322,0.37434322,1000.0,0.0010000000000000002,6.907755278982141,1.0000000000000007,-0.6438369058263653,-0.9637562064665262,996.1436482385027,0.0012933804016208176,6.90582176463245,0.9997200951290834,-0.002510589320627865,-0.9927644267262836
663,-0.63698332,0.63698332,994.944174747356,0.0010532187929897772,6.90502826374024,0.9996052241094594,-1.0197777168177549,-0.9578931279091829,997.4921730660179,0.0013831943907954474,6.906498606785334,0.9998180780664557,-0.0022708307733436683,-0.970372404466735
664,0.29841103,0.29841103,976.7944489409333,0.001271286003197869,6.894908568453074,0.9981402481688733,-0.5549114601754273,-1.0256458061647562,994.0052002542637,0.0013575489641821368,6.904751263200715,0.9995651241741927,-0.004108604233256763,-1.0416390482342255
665,-0.38009462,0.38009462,938.2060380819091,0.0014755495106128654,6.8715948570599785,0.9947652427653044,-0.618854840411668,-1.0813768741178214,996.3828455604137,0.001242189020011869,6.905941298744484,0.9997373994641686,-0.002294256402666228,-1.101500888157898
666,0.10367502,0.10367502,842.8170749186974,0.0023939557543641693,6.809275460578248,0.9857435860961189,-0.3743574128639704,-1.1712703525391277,989.3324144484241,0.0013384357724241889,6.902380080474784,0.999221860316374,-0.004247599502591015,-1.1870404419162366
667,0.74633108,0.74633108,895.5041061122099,0.0017769439735892331,6.841927575122121,0.9904704638190779,-1.2992882029137105,-1.0845014160147968,985.1312455864118,0.0016650270432548332,6.899993175980088,0.9988763204994151,0.0007691945299566072,-1.096651027165823
668,0.27690433,0.27690433,839.3006235760793,0.0021695554994045846,6.799857690455398,0.9843802242307232,-0.4892234253113026,-1.1513857808786907,994.0068020751514,0.001343160131192629,6.904758150648432,0.9995661212343719,0.00040030712812555436,-1.16152067080207
669,-0.11149352,0.11149352,746.6423961261099,0.00279852120431955,6.724271575962966,0.9734380134198664,-0.34579579416496564,-1.2356457194097905,990.1988713977363,0.0013869766451538367,6.90281074405131,0.9992842052546547,-0.006684580562786202,-1.2354086883453477
670,0.21108127,0.21108127,652.4914363212088,0.0036279162485015784,6.635317476175153,0.9605605885263603,-0.36974366556529503,-1.3117096724293544,992.4377057223113,0.0012809420137251523,6.903957976717175,0.9994502841934028,0.0006599774170723549,-1.3075059811388106
671,-0.2702568,0.2702568,571.5526082642358,0.004634263233901895,6.544995555493985,0.9474851512774488,-0.40369500001456515,-1.3673218592090268,994.3118176672609,0.0012946909365272481,6.904898594804484,0.9995864526083683,-0.00351179171639604,-1.3664626190893414
672,1.10239083,1.10239083,718.3635657640598,0.003462651642432578,6.70500627060692,0.9706490748170957,-2.509932604814132,-1.0757076031130202,893.64296277976,0.005183279101280125,6.854003092514251,0.9922185740089209,-0.004459958694777555,-1.0420165098218441
673,-0.36074656,0.36074656,698.1589057418261,0.0032772940378238496,6.680287864625374,0.9670707190440191,-0.5798562289257472,-1.1235553351072303,996.3319651928991,0.001259589786448666,6.905916132189992,0.9997337562322538,-0.003717293871546623,-1.0824084825886553
674,-0.05795221,0.05795221,659.3560874779089,0.004056636869689232,6.63454339338992,0.9604485285656392,-0.3479292459925123,-1.1910323999035626,988.885577115087,0.0013599127009659682,6.902159086501318,0.9991898681619706,-0.0013056647645077746,-1.1713937486349633
675,0.29410973,0.29410973,619.0192176899554,0.004784262358876274,6.586903099809049,0.9535518896928316,-0.46947072285626135,-1.2428457859865896,994.9195114692186,0.0012899153663444387,6.905214634449305,0.9996322040329712,-0.003592100907843232,-1.2305247792225724
676,0.16816186,0.16816186,558.3823194486571,0.005766361715693845,6.514420670918911,0.9430589833921875,-0.33899416842538255,-1.3064758617664225,991.5938317377207,0.001351623034887943,6.90355570440206,0.9993920493111772,0.0006766904306223509,-1.3168205328419795
677,0.25846712,0.25846712,500.7190065166588,0.006984392058895603,6.43920559738226,0.932170486261216,-0.3900409618747709,-1.3655606000348348,994.6927258610095,0.0012592473130052365,6.905075969588638,0.9996121302383639,-0.0021499950635774923,-1.3798492176896933
678,-0.27407406,0.27407406,1000.0,0.0010000000000000002,6.907755278982141,1.0000000000000007,-0.38930258428650255,-1.4213751128375411,994.9557997588507,0.0012497070569485649,6.9052154821958815,0.9996323267568579,-0.00026289191542616663,-1.4359739380488343
679,-0.13356004,0.13356004,962.9095127252963,0.001618658839777015,6.888489759391913,0.9972110303836556,-0.2326726089414981,-1.4981263659665247,990.7327255823619,0.0013164507605151817,6.90309673037577,0.9993256060155257,-0.004226720963032449,-1.5066432241500793
680,0.47043779,0.47043779,961.5083354998745,0.0014046788426522333,6.886661995549752,0.9969464344666981,-0.7097858182808237,-1.474664979889336,998.0581976911956,0.0013175926266322858,6.906792220560474,0.9998605830139071,0.0012086025147688417,-1.4772214053501802
681,0.39055658,0.39055658,935.6509854012232,0.0015020472505610368,6.870503670073049,0.9946072772695883,-0.5460912250550427,-1.4867900655120283,998.4747070037123,0.0011949304381432128,6.906994852174609,0.9998899169445331,-0.000973010578094069,-1.4942554759977946
682,0.16745224,0.16745224,854.0459668549481,0.0020128455344677197,6.81632913998717,0.9867647107775888,-0.2309603926114887,-1.5550188573996857,992.3591839658287,0.0013257791708062578,6.90390758777427,0.9994429896467854,-0.0019157754024625717,-1.5682562701844538
683,0.54747351,0.54747351,881.2483169208058,0.001836016322210944,6.832227108083883,0.9890661773835475,-0.9080340524702644,-1.5080510884462912,994.1670388223981,0.0015780466923010896,6.904866727663161,0.9995818393671582,-0.0014606152182015109,-1.519096582998634
684,0.43919199,0.43919199,862.8758290879761,0.0019058004623841625,6.817406842126689,0.9869207241416983,-0.6408826455060987,-1.503586494183423,998.4762841907972,0.0011860088364786924,6.90698651554383,0.9998887100936181,-0.0021519316170000025,-1.5084062837986423
685,0.34159871,0.34159871,825.4611601678884,0.0019215228092554317,6.786437019793616,0.9824373831601056,-0.4527805769834714,-1.52845774256076,997.6797168470991,0.0011970024992763275,6.906591826639001,0.9998315730224729,-0.002649310657225179,-1.5269527157097602
686,-0.68971918,0.68971918,837.8372078018816,0.0021657502975457885,6.799202548416815,0.9842853827066501,-1.302456463003299,-1.4031009317530416,978.5660359144912,0.001908100782551102,6.897012580535618,0.9984448351146421,0.004520171757516067,-1.4085853190860085
687,0.15796575,0.15796575,806.8149123847958,0.002192039688408258,6.7701705505974505,0.9800825705561244,-0.2628301215270108,-1.4637488501525162,991.5956881918069,0.0012839182587328533,6.9035310579753695,0.9993884813754738,-0.007821105486816471,-1.4615946514977476
688,0.08089689,0.08089689,743.5492408159841,0.0025622991124532733,6.713955245513672,0.9719445716239934,-0.18899965672564,-1.5360479963250022,990.2338752920042,0.0013389283919961552,6.902849339770487,0.9992897925572759,-0.0004408933728790032,-1.5397292107912672
689,0.69325458,0.69325458,773.1498810620064,0.002392526437115047,6.741104294326301,0.9758747989867423,-1.3228101587819534,-1.4190018698690472,972.9222515252319,0.002463111925316067,6.894270534909868,0.9980478833531787,-0.00013526924792550687,-1.4184586834670148
690,-1.49001474,1.49001474,1000.0,0.0010000000000000002,6.907755278982141,1.0000000000000007,-4.109302415045228,-0.9369316257494396,740.6072858713025,0.005847115557225469,6.760103670674636,0.9786252404226373,0.0196322973235592,-0.9317395422675727
691,-0.08394451,0.08394451,969.1940182367942,0.001687008305488562,6.892064279423403,0.9977284951586985,-0.4505508796612414,-0.9883639114682766,988.48529296559,0.0013632810425912092,6.901951203334315,0.9991597739912007,-0.00430427810697509,-0.9983261305299576
692,0.0423247,0.0423247,877.6029678402704,0.002878835997745668,6.842486697898266,0.9905514051312067,-0.4034658428900286,-1.0736043915514415,988.6408201375672,0.0013286102368032216,6.902015788857504,0.9991691237033112,-0.002933978969380746,-1.0727034871121561
693,-0.54107759,0.54107759,873.8572238785919,0.0023243459116390917,6.836523600707803,0.9896881583962497,-0.8453165963402229,-1.0773838901153883,998.5756921943495,0.0014014987340108976,6.907053883236901,0.9998984625660712,0.0011511824295329376,-1.0893507216129699
694,-0.47048009,0.47048009,843.0826882820788,0.0024224737418202216,6.814307215013782,0.9864720071580005,-0.7319636330646322,-1.0964062087009818,998.4121984244081,0.0011811530169675876,6.906961699690859,0.9998851176309485,-0.0010258379104328696,-1.0962662919837918
695,0.72527686,0.72527686,885.6344755513632,0.002182934545130439,6.839863590980804,0.990171671511308,-1.2151147790764139,-1.0404488421104015,990.4228876021671,0.001857021990546031,6.903049417511079,0.9993187567768396,0.00353148349078225,-1.0474496827317368
696,0.21924636,0.21924636,817.6486401060141,0.0025616649716520418,6.791042907641703,0.9831041537190022,-0.45758765531369505,-1.1114614742282274,992.1917200601629,0.0013124206769803536,6.903843113224458,0.9994336559997165,-0.0033984479267328283,-1.1141724873734404
697,0.77338872,0.77338872,854.705915962944,0.002263323091121134,6.816910719767239,0.9868489030740122,-1.3308069080421099,-1.0403690732183586,988.5424963108467,0.00195449850529283,6.901963596828553,0.9991615681332536,-0.005674975870736176,-1.0425235559976642
698,-0.08019947,0.08019947,794.9268242309979,0.0027592321738699405,6.769086097962748,0.9799255799577454,-0.38735897170159106,-1.123235849100761,989.2229035982947,0.0014093473393589444,6.902354007695078,0.9992180858949227,-0.001753680489600562,-1.121721898218671
699,-0.65315696,0.65315696,802.7440868388429,0.0024881956067864365,6.77325744656706,0.9805294445180612,-1.062078426210289,-1.0880133384986528,995.8612216370956,0.001497859697386635,6.905715620207882,0.9997047291497919,0.0015413799206083212,-1.0895375037594517
700,-0.16535073,0.16535073,739.221476658284,0.0033014845204187636,6.718022803240558,0.9725334109158632,-0.3998637814525665,-1.166746798532488,991.4710777611974,0.0013124930285125433,6.903458832577584,0.9993780256782366,-0.00528947441430816,-1.155993407813555
701,-0.24839605,0.24839605,666.3647058642093,0.00422686432524425,6.650886969393417,0.9628145035232676,-0.4316509478951991,-1.2318522129688887,993.3249745619332,0.0013975448167999416,6.904398917460846,0.9995141169040104,-0.00026850676074019475,-1.2258649921210847
702,0.33785524,0.33785524,608.3397977257818,0.004945456284178872,6.590034700246417,0.954005235289323,-0.5114187098804894,-1.2789250369317724,996.2456378514865,0.0012238947356121928,6.90587185429332,0.9997273463501888,-0.001465469513976636,-1.265187449455855
703,0.32526998,0.32526998,549.7105776014068,0.0058060485612852625,6.520631968924661,0.9439581608753056,-0.4846867419895844,-1.3141483455229017,996.2298645641462,0.0012329712566657256,6.905868508326749,0.999726861971916,-0.0015749743437600827,-1.298511159483056
704,0.2574571,0.2574571,1000.0,0.0010000000000000002,6.907755278982141,1.0000000000000007,-0.38779608773244156,-1.3812124996356192,994.5299477694949,0.0012402196224956129,6.905005052714514,0.9996018639693286,-0.0008530205161019211,-1.353487853792863
705,1.09018768,1.09018768,707.338269382099,0.0026985618218410955,6.686343400646326,0.9679473476703077,-2.5002320708949632,-1.089733411216453,908.5027985266901,0.0033615087570239848,6.86052382586694,0.9931625468465993,0.010822572621892235,-1.0811180828940996
706,0.55167016,0.55167016,711.4226217561259,0.0024031642382869966,6.6819718780125825,0.9673145049511911,-0.8622997958264138,-1.0933174367454557,998.4422249616333,0.0014289498603318644,6.9069805758161475,0.999887850229966,-0.0002581540731609877,-1.0903016233959817
707,-0.41717486,0.41717486,746.654967892702,0.0022523542248591294,6.710534574993144,0.9714493788468352,-0.6494696949339778,-1.1294456993490911,997.3449959272822,0.001239396467969606,6.90642818264887,0.9998078831285028,-0.001555440299112476,-1.1191454011490194
708,0.57974681,0.57974681,732.3622585496844,0.002343112346205638,6.69294772786955,0.9689034219602176,-0.9160001932095962,-1.1194755815621242,998.0759110879563,0.0013588245945360042,6.906797570151928,0.9998613574465901,-0.0010680642869811408,-1.1081382840230332
709,0.01757377,0.01757377,772.9309238515153,0.002901039291621405,6.735597201459708,0.975077565638979,-0.34024615894102705,-1.1976116938461123,988.8858024288181,0.0014324886789455205,6.902167648917107,0.9991911076986136,-0.004726765522240939,-1.1898622092762412
710,-0.12907647,0.12907647,772.1292286884669,0.0036946757679783586,6.745856349259306,0.976562729398444,-0.3368702952242151,-1.2663844324409546,991.3050790277456,0.0013070399649813679,6.903378141377647,0.999366344430613,-0.004768230738226187,-1.262042157037254
711,0.88891121,0.88891121,714.2297102953761,0.0030039229881893893,6.6747960092991026,0.9662756915561489,-1.731798324790418,-1.113868524563193,963.3482227571923,0.0027144594089860527,6.889048703886399,0.9972919458868708,-0.0026891789940650668,-1.1081081562365056
712,-0.58534621,0.58534621,698.0254735817472,0.003014759612202538,6.655781614243724,0.9635230759397224,-0.9254636750346297,-1.0964228219315144,997.7779727820495,0.0013367467120666836,6.906626566905537,0.9998366021911583,-0.0019038241891795593,-1.102053598533299
713,0.62823498,0.62823498,675.8013063832481,0.003173601080783289,6.628668139384369,0.9595979984341757,-1.0064211638681053,-1.079679532519721,997.060430260252,0.0013980070932524018,6.906272541605853,0.9997853517797894,0.0019510277286798328,-1.073099015381459
714,0.53214977,0.53214977,670.5548244330422,0.003200867461809769,6.621975483452598,0.9586291372540272,-0.8282867802808873,-1.0836330636034541,998.5713667228935,0.0012096440931484288,6.907043576728641,0.9998969705461829,0.0007116001350855328,-1.0743561300894917
715,-0.64662248,0.64662248,649.2587244823139,0.003393050008496575,6.595246497110706,0.9547597201623101,-1.0412657547163615,-1.048854568763058,996.189605991512,0.0016487119913447972,6.905912188384691,0.9997331853079605,0.0031663721290398072,-1.0434144946927764
716,-1.06220526,1.06220526,530.4462232495353,0.004699020797373333,6.433591655335964,0.9313577849104057,-2.0234615475611575,-0.8924707129775449,942.8242786931839,0.0029579523797921264,6.8796466693249165,0.995930861977299,0.017672153599235685,-0.8921443642728859
717,-0.0550572,0.0550572,572.9035994299516,0.004293409212898996,6.491630053252655,0.9397597035616471,-0.4624213478203423,-0.9570494403236681,989.1435014554146,0.001427749912030273,6.90229081637918,0.9992089380149898,-0.00020634637814165302,-0.9714881329796221
718,-1.88197993,1.88197993,1000.0,0.0010000000000000002,6.907755278982141,1.0000000000000007,-4.430695557754801,-0.5369071903434616,746.5575242676197,0.00436354202086009,6.758617576195,0.9784101062119398,0.007848438297076932,-0.5363739746883365
719,0.64900687,0.64900687,997.4221140988973,0.0010459217938159433,6.906423205858699,0.9998071626643331,-1.031525152700846,-0.5612378042696664,998.9052402601727,0.001127381902504354,6.907208336799785,0.9999208220094282,0.0005626264407112558,-0.5691376195129345
720,0.19891946,0.19891946,960.1013180170817,0.0015683682039755484,6.886500326072802,0.9969230304127875,-0.650748450745505,-0.6461137771184852,990.463729365579,0.00144299751782531,6.902986212125093,0.9993096068600528,-0.002626651134997715,-0.645241965068863
721,0.71708674,0.71708674,959.8241135326497,0.0013958150497080056,6.885475985864399,0.9967747419794204,-1.1245519340094132,-0.6549984316247067,998.4371230650114,0.0013385609105336562,6.9069709128395305,0.9998864513708248,-0.0024368857064693827,-0.6527247580637028
722,0.14385488,0.14385488,883.9815951039116,0.0019484502708458271,6.8395638590093615,0.9901282808642254,-0.5908927262431201,-0.7383934047418975,989.4774438988464,0.0014663447673862622,6.90246254591907,0.9992337984121744,-0.007222155853717105,-0.7221711259612715
723,0.90088314,0.90088314,925.318026803807,0.00161861335792064,6.8639325944495,0.9936560166417631,-1.4565302074307622,-0.6774401995696501,988.3960722766132,0.002295218487982298,6.902080011357771,0.9991784208624713,0.0018879337847330646,-0.6664822381873801
724,-0.34462273,0.34462273,875.997120798905,0.0018664520719251965,6.8303833939613465,0.9887992724270059,-0.6910157900459382,-0.747994198904298,994.1656151858041,0.0013590117723756392,6.904829717907602,0.9995764816562862,0.00010547092698587335,-0.7497945319436627
725,0.28944736,0.28944736,805.0195538186905,0.0024898684120690903,6.77808641409757,0.981228509168658,-0.6246241947801225,-0.8215892352963443,993.1296248727984,0.0013091743243388934,6.904301773204857,0.9995000538325688,-0.004499639422054891,-0.8281834603938654
726,-0.22304225,0.22304225,708.7153307899832,0.0033734723541223436,6.699721270689108,0.9698839927167074,-0.5545743163513404,-0.8959023327298377,991.4591283585066,0.0013332025965283995,6.903462420895217,0.9993785451404189,-0.0025633786713115114,-0.9084881328520935
727,-0.07210319,0.07210319,579.2311125827337,0.005570440277390571,6.578312445149494,0.9523082650546377,-0.4500500225829258,-1.0009756551332043,989.4926149150789,0.0014372281635121502,6.902487161051913,0.9992373618176295,-0.002986052821963625,-1.015343555277536
728,0.06798957,0.06798957,1000.0,0.0010000000000000002,6.907755278982141,1.0000000000000007,-0.4058866584870069,-1.0907574273151206,989.6774983267524,0.0013690572700508223,6.902552566059805,0.9992468301623015,-0.003996214056384062,-1.1172755867397273
729,0.30414877,0.30414877,976.9067776488357,0.0013320622437353689,6.895741352185574,0.9982608059620878,-0.5154520852613436,-1.1575024119152455,995.0373986733384,0.0012974425615220571,6.905262672490931,0.9996391582517711,-0.0006226502623283281,-1.1910633225669187
730,-0.6562733,0.6562733,981.8205956586505,0.0012397510755550512,6.897634237893866,0.9985348292347493,-1.0893703174003262,-1.1020046207875183,991.9124459134824,0.0017544947475435385,6.9038133630892276,0.9994293492265276,2.229217898008784e-05,-1.121771875712469
731,0.38585789,0.38585789,957.9538589019357,0.0013776973744862816,6.883524225302816,0.9964921956987898,-0.6095564241846327,-1.142065948664428,997.0942935469118,0.001256503865831373,6.90629677925918,0.9997888605394875,-0.0016136382254323678,-1.1623299175038153
732,0.03603709,0.03603709,883.8256910299165,0.0017843609854423707,6.836656308650083,0.9897073698385953,-0.32892645394293396,-1.231589972310155,989.4571195220834,0.0013318139127565022,6.902436457785688,0.9992300217680508,-0.002219441293736857,-1.2624667350074688
733,-1.09285545,1.09285545,884.4290220220224,0.0020178673791725736,6.831589584029521,0.9889738863239175,-2.323214328611117,-0.9866171173479553,921.5458572830045,0.002583173690210512,6.866626818132645,0.9940460454679639,0.01118211782263856,-0.993834321069631
734,-1.26527019,1.26527019,647.7434487821944,0.004091441908721751,6.601669815949945,0.9556895908047724,-2.5435569725218476,-0.7621395628067775,906.0074207782998,0.0032517484007513527,6.859961032864339,0.9930810742147715,0.005074874502204452,-0.7652284537790561
735,0.8079254,0.8079254,607.2385579496355,0.004424748468655423,6.546615931269089,0.9477197246966945,-1.284656525229206,-0.737133335364066,994.731236907215,0.0016882086951887213,6.905125860315642,0.9996193526608426,0.004494674852642433,-0.7260641104632961
736,-1.61343869,1.61343869,1000.0,0.0010000000000000002,6.907755278982141,1.0000000000000007,-3.14310188068354,-0.4827215520636371,818.9366554547995,0.0054934219612645255,6.81770580271027,0.9869640031189502,0.026689086878104007,-0.47861872455580146
737,-0.1139938,0.1139938,970.09286707735,0.0015876711470655057,6.892362354256257,0.9977716459103994,-0.6656458500505487,-0.5616186326715245,989.8308282597237,0.0014493984369458666,6.902657844180169,0.9992620707312145,-0.0050054988479519835,-0.5587308008750496
738,-1.18885784,1.18885784,976.3030140221138,0.0013516520294088372,6.894424676063161,0.9980701975706151,-1.9242846490557621,-0.4725926430665116,970.7321847942608,0.0018642639867229081,6.892876556660563,0.9978460843326566,-0.00013148445400279485,-0.4666109335896539
739,1.33962212,1.33962212,853.6103125300722,0.0019023230358105703,6.80915476963432,0.9857261142924644,-2.1721037187390095,-0.37072133540257934,952.8162408753832,0.0027087139285625135,6.884425616698994,0.9966226854685882,0.014963793669076075,-0.3485150617183924
740,0.45402703,0.45402703,892.3332044063974,0.0017012158514625709,6.8364516913166415,0.9896777484456569,-0.8787415551394737,-0.4369087872670503,994.8114538722898,0.001284778164404979,6.90515473715522,0.9996235330115372,-0.0020972995077324086,-0.4175110471162909
741,0.26594963,0.26594963,911.5303212162701,0.0021267726892468825,6.852156849169747,0.9919513029099979,-0.7367883577378072,-0.5198365056373546,991.8883880971197,0.0013482762145652885,6.903680657048069,0.9994101380593975,-0.005764338563696292,-0.49064321083285267
742,-0.68579202,0.68579202,902.6226630093805,0.0021252071109866097,6.846250231407174,0.9910962324096655,-1.084137755925446,-0.543464181898581,998.4665519941145,0.0011657113462699785,6.906982968078438,0.9998881965454033,-0.0004772934280010688,-0.5155751107394544
743,-1.22998751,1.22998751,830.468620240724,0.002114911674768656,6.785279710438354,0.9822698454711573,-2.006100145621221,-0.43831236361217896,967.5298141736962,0.0021647419740522876,6.891241096857572,0.9976093272767187,0.003612821597474891,-0.41597416710509694
744,0.16220627,0.16220627,857.98648224524,0.002144728531544171,6.809357689693757,0.9857554899798247,-0.6952918641101116,-0.5295947000020309,989.6465103737515,0.0013591474402498774,6.902542271747281,0.9992453399079269,-0.004643283379503593,-0.5033625379087272
745,-0.01942066,0.01942066,846.8407063930408,0.002454708940745561,6.806638524841102,0.9853618505495269,-0.6298770434258056,-0.6162418082852892,989.534140475969,0.0015010872177916616,6.902495734464796,0.9992386029462648,-0.004387972060699852,-0.5930076863731554
746,-0.86661499,0.86661499,836.0188997421985,0.0023724714683357783,6.794555274637928,0.9836126209206287,-1.3622012500130705,-0.5926553660657716,995.3000571840153,0.0015386388091796072,6.905395264808397,0.9996583529557105,-0.0012071057688594067,-0.5673295742802231
747,-0.86189045,0.86189045,816.5077002961067,0.002353211856464167,6.775869334198395,0.9809075539799413,-1.3458752026778624,-0.5696497856419216,994.7052819159362,0.0020098883445047603,6.905205739615399,0.9996309163738768,0.003201540204361031,-0.5476704522846005
748,-0.91294106,0.91294106,788.4256347402717,0.002360658720344132,6.748253855250066,0.9769098039391498,-1.426600690053614,-0.5389316808370952,992.291165367935,0.0017636819356455398,6.903954780984774,0.9994498215637537,0.003657273029774366,-0.5211153406613183
749,-0.98134887,0.98134887,747.0534335472237,0.0025915492862616553,6.706186815378292,0.9708199761770445,-1.5322059860829516,-0.4886979416988779,987.7285639313003,0.001889113320694635,6.901774640421422,0.999134213891608,0.005797608162378509,-0.49304913952710006
750,-0.49256097,0.49256097,753.2062271291429,0.002750002390956597,6.713430546889959,0.9718686137183464,-0.8752309616784224,-0.5559998446802945,996.4922756523706,0.0012308435670311455,6.905996013885326,0.9997453202920833,-0.0030105031543952165,-0.5511465781198596
751,0.28542612,0.28542612,749.7504609327702,0.002728600543818475,6.7157718627759415,0.972207553908238,-0.6979313182727527,-0.6361911289310842,992.7268624164379,0.0013264196677139307,6.904089473710313,0.9994693203329049,-0.0014645128252084305,-0.6447652864579148
752,0.41970648,0.41970648,728.7526318954916,0.0030014178753039475,6.701725105637071,0.9701740775368892,-0.7702717552861404,-0.6974613747403864,995.3605285168785,0.0012933990610645056,6.905425684580569,0.9996627566687755,-0.0010546124734780449,-0.7042815734479115
753,-0.03069038,0.03069038,674.3867080373867,0.004033518955606231,6.66098499928443,0.9642763430765213,-0.5430864156326756,-0.8000203417105989,988.606042504466,0.0014181500349735436,6.902018401511693,0.9991695019237438,-0.0059503483107272714,-0.7974249236249852
754,0.1088635,0.1088635,591.8050382233636,0.0055634169199219085,6.589165503683886,0.9538794061990576,-0.5113741635037865,-0.8933456163133948,989.7554630579326,0.0013370106867291696,6.902589495565113,0.9992521762557598,-0.006382975744092967,-0.8831793945641
755,0.44904996,0.44904996,545.8656974530477,0.006269009661434796,6.538986085849072,0.9466151914421318,-0.7388489509699294,-0.9420814700681337,997.1067477120907,0.0012193656321288758,6.906307095868549,0.999790354021661,-0.002922325664927783,-0.9179329821129769
756,-1.73439042,1.73439042,550.6897833853195,0.006358803442888228,6.514402554390385,0.9430563607560641,-3.8183910639075407,-0.4861188230822181,763.3964187664637,0.006853772572881382,6.7836372426275044,0.982032073902172,-0.00426505284828238,-0.5080924480577991
757,0.15922721,0.15922721,579.4546010786511,0.005480126149660344,6.547723002794008,0.9478799897148094,-0.6691694854016035,-0.5867921495029178,990.2323426913119,0.0013052676828224374,6.902817307805579,0.9992851554554079,-0.0014355359917495036,-0.6026868233021725
758,0.93532572,0.93532572,544.6227331884126,0.0061442905439258455,6.503131019684146,0.9414246389808973,-1.4724030188304482,-0.545276009316789,990.329002383188,0.0018870907921295635,6.902955322321539,0.9993051351029758,0.0033364129017243727,-0.5623926423397374
759,-1.34037213,1.34037213,1000.0,0.0010000000000000002,6.907755278982141,1.0000000000000007,-2.2480831381626443,-0.39483002884669915,946.5613872464528,0.0029845892953065008,6.880631934801848,0.9960734937639126,0.006199802528670695,-0.4140096330187317
760,-1.72542272,1.72542272,760.288821566454,0.0025604769421623446,6.7414191917359405,0.9759203850558663,-2.9146502158753385,-0.19572270924189633,893.6113473001957,0.004075295360197117,6.85319954025813,0.9921022479053361,0.009812175296094239,-0.20877757084213874
761,-0.11603513,0.11603513,849.2674283577344,0.0019740432555535228,6.807712439386089,0.985517315603168,-0.7989800648050318,-0.2928595513831779,989.5751389723184,0.0013550344837371428,6.902516187323164,0.9992415638007743,-0.0026630616650171746,-0.30137078907107423
762,0.64341553,0.64341553,869.5687393633884,0.0020616926810244473,6.8217816993414155,0.987554049590855,-1.0646409248801687,-0.3417460155139337,997.8163231741879,0.0011894274692508164,6.906661536524863,0.9998416645620609,-0.0019285170809322238,-0.3507025768462291
763,-0.11122878,0.11122878,890.9766688577107,0.002241049449662326,6.841133478463987,0.9903555065535028,-0.728098704131865,-0.44276087288579624,989.31948360168,0.0013487758317314335,6.902368928889851,0.9992202459591071,-0.0057839754589901204,-0.43170284032546147
764,0.3425873,0.3425873,864.8709912096685,0.002699462636517945,6.829177056156171,0.988624637142973,-0.7785659253447426,-0.5248114429983913,993.5817680259955,0.0012562928395771528,6.904516999244956,0.9995312109930945,-0.002213905877529676,-0.514395963206946
765,0.17949097,0.17949097,788.127748128892,0.0037313819910012153,6.7832760462648825,0.9819797853731153,-0.6590710826131767,-0.6266991164156999,990.36529936175,0.00135138972553246,6.902916264165656,0.9992994808557848,-0.0008935698658349978,-0.6145445636026985
766,-0.72835711,0.72835711,790.173182695994,0.0030770021889182965,6.7802374359293545,0.9815399014726572,-1.1510954547707781,-0.6288486415221414,998.3279378237072,0.0013051290574904281,6.90691136785032,0.999877831350745,-0.0011962998361241262,-0.6116082126999123
767,-0.69683068,0.69683068,780.6697024260034,0.0032185316116420224,6.770358054285987,0.9801097144952137,-1.1034538268009806,-0.6437550808154752,997.9681377552199,0.0016022304445842104,6.906750815089296,0.9998545889580227,-0.00045882265475860606,-0.6244343939743398
768,-1.28936375,1.28936375,791.1386761919047,0.0035632545217267712,6.768178691999447,0.9797942194901762,-2.2195281555860102,-0.4733641887989292,946.5699313056766,0.002697293807387227,6.881113206359034,0.9961431649577736,0.007128062598951601,-0.4613500151719536
769,1.07316244,1.07316244,744.0694280294836,0.004039147703374083,6.722011040173605,0.9731107673467116,-1.670958424480121,-0.4120535933799159,987.8216823199435,0.001576905165283192,6.901614276988198,0.9991109989068918,0.005439704110629329,-0.4023971250746159
770,0.5802186,0.5802186,746.2754206973395,0.0038728294719227933,6.724133841608856,0.9734180743298801,-0.9827067944326195,-0.4586319867122106,997.5347153412823,0.0012290155650001395,6.9065243052645915,0.9998217983023674,-0.0014584237834869285,-0.45583233172898796
771,-0.07351767,0.07351767,743.4087041993566,0.0037889846254353828,6.72592760895164,0.9736777487494767,-0.6673916259422583,-0.5571403487553064,989.3681462827435,0.00134770219522463,6.9023825517669914,0.9992222180725636,-0.005336032976853922,-0.5442875848580531
772,-0.18282938,0.18282938,702.5473482723351,0.0038362256096601778,6.696535323949702,0.9694227796871868,-0.6426992765982309,-0.6640837318594491,990.1966000844311,0.0013246100676248835,6.9028186740374196,0.9992853532377244,-0.0003341000556078555,-0.6445790129945472
773,-0.53903156,0.53903156,672.6542693431984,0.004055324118253473,6.66925915624177,0.9654741499795126,-0.8901766587732851,-0.7156907559420733,997.7341677330598,0.0012075762061550472,6.906616987551086,0.9998352154375656,-0.0011330880640691987,-0.6882710585079943
774,0.27577906,0.27577906,609.4211648224384,0.004850668833917521,6.61104357860744,0.9570465819370461,-0.6280035359132157,-0.8000808803749946,991.918683064181,0.0013468776640993714,6.903715509084712,0.9994151834084632,-0.004715210666907943,-0.7700808820180571
775,-0.44718771,0.44718771,563.1556811831338,0.005252429868243463,6.559948718529836,0.9496498433419387,-0.7544152605597976,-0.8585187398266674,996.9037405622912,0.001188120524416445,6.906204281079006,0.999775470056409,-0.0022786216605483745,-0.8200530894545226
776,-0.21588301,0.21588301,1000.0,0.0010000000000000002,6.907755278982141,1.0000000000000007,-0.5303873944967705,-0.9461408889589944,992.5720961878221,0.001356023784410709,6.904020581145417,0.9994593471126455,0.0016814969332150653,-0.9162940848713345
777,-0.33505153,0.33505153,978.1511012033459,0.0013048301822538087,6.8963293983865555,0.9983459343688179,-0.5916944269625262,-1.019356519821041,994.7366838664805,0.001263096506023824,6.905112328452461,0.9996173937230062,-0.0045595395682154205,-0.973976914908369
778,0.3910177,0.3910177,936.6527558584929,0.0015237238299546602,6.87258873959397,0.9949091219986953,-0.6350923444003529,-1.0729952342981477,996.3372646104493,0.0012450054081338206,6.9059177586209595,0.999733991682252,-0.00014221562638905283,-1.037835887840148
779,-0.07894516,0.07894516,819.2687101404927,0.0027535984885911167,6.79917415248625,0.9842812719746659,-0.3674924095679861,-1.1731411904597018,989.6084543404173,0.001462699500517047,6.902559265578296,0.9992478000169389,-0.0025698193756298338,-1.1321555280962796
780,0.07381421,0.07381421,667.448599319838,0.004487189459277775,6.6842272962291585,0.9676410101798054,-0.32059542283109455,-1.2682201675778013,989.6250722993382,0.0014161393667308883,6.902537687144922,0.999244676218758,-0.0033198626335835257,-1.2270066587832966
781,-0.57143553,0.57143553,706.7959557377368,0.0037673886942190425,6.705237911104359,0.9706826082137034,-0.9278532825949517,-1.2406698154948386,996.6368339272028,0.001492529245292698,6.906085709294735,0.9997583050325362,0.002276281859600715,-1.2011679114791636
782,-0.29651722,0.29651722,620.4490332104795,0.004457771349843688,6.621509931465363,0.9585617417009955,-0.45906160476101565,-1.2966539815198204,994.9033754585199,0.0012376328354848055,6.905196552406612,0.9996295863891834,-0.0030867113355075304,-1.2552190079401266
783,0.06991741,0.06991741,1000.0,0.0010000000000000002,6.907755278982141,1.0000000000000007,-0.26274889856156136,-1.385472927044261,988.7569754156395,0.0013536376337213362,6.902095017813402,0.9991805932694291,-6.143043581730012e-05,-1.3454569766140603
784,-0.73066978,0.73066978,940.3237137741789,0.0012876279950596828,6.872131800828901,0.9948429733372829,-1.3579482089717736,-1.2709659745304043,979.3075933068449,0.002383558196570209,6.897607800611396,0.9985310020461182,0.0007593273767234621,-1.2347394800765152
785,-0.10228779,0.10228779,976.6165096499832,0.0013868679186663695,6.894675050076783,0.9981064429214578,-0.284556519429243,-1.3551274927613708,989.9463271268563,0.0013891891823310286,6.902691206321084,0.9992669003957825,-0.009438350802618345,-1.301737602093871
786,-0.00622306,0.00622306,946.9924271999769,0.0017239558908126442,6.878645579825072,0.995785939428741,-0.22577875791635726,-1.4335016276630297,989.1451679351125,0.00145042655621946,6.9022820306367425,0.9992076661485031,-0.00833585572274309,-1.3815568598939318
787,-0.54825179,0.54825179,946.4065628290573,0.001570484734915923,6.877276783709653,0.9955877858954819,-0.8871277566844995,-1.3823739741950403,995.738367890182,0.0017322459066505397,6.905686158065183,0.9997004640677922,0.002431324402316193,-1.3345468193576449
788,0.45229317,0.45229317,928.8105676539935,0.0016389864949980563,6.865512291046923,0.993884701146877,-0.6734201179383206,-1.3844363780681945,998.4969870361602,0.0011927534276830116,6.9070019117443255,0.9998909389219239,-0.0012897840425427631,-1.3457564898681216
789,0.12998758,0.12998758,874.8446020417371,0.002049027818878542,6.828604971606422,0.988541819421927,-0.25201548851210376,-1.4492878206985842,990.6122241511682,0.0013543559765653692,6.903043518396977,0.9993179027926054,0.0006683455757192647,-1.4324618116146026
790,-0.06381356,0.06381356,782.7976862341502,0.0026300930666102117,6.759996685438828,0.9786097527234517,-0.1838332459983194,-1.5347053906423591,989.4105912226332,0.0014737674341534649,6.902440606100172,0.9992306222980807,-0.0049437238860567945,-1.5084616587633217
791,-0.30899287,0.30899287,723.2598822184784,0.0030378450387394205,6.70752444926257,0.9710136185152941,-0.3933605247147387,-1.5649147667523868,996.4645515104202,0.0012090450282520378,6.905981609845471,0.9997432350937413,-0.00405680499119665,-1.5417241007354225
792,-0.71288481,0.71288481,797.128563660432,0.0027827443180995994,6.766041880001042,0.9794848842702523,-1.397575181379814,-1.4261452450592191,973.1986024434556,0.0020258085905813885,6.89463832612997,0.9981011265856395,0.004430138363263225,-1.4040304272312278
793,0.35114863,0.35114863,764.5261318632093,0.0029807901390097678,6.735210893379904,0.9750216418165211,-0.48022732794478706,-1.4636339974177486,997.3121142205393,0.0012415960767628523,6.906408918889094,0.9998050944136455,-0.0019438939749027995,-1.4326397662117651
794,-0.15990856,0.15990856,705.920732687126,0.0029560918964882206,6.678040292921208,0.9667453497144188,-0.23683493202196892,-1.5237944468299127,991.0070805646368,0.0013883055518995329,6.903253246971076,0.9993482641134148,-0.0007149587446955152,-1.5078122623471437
795,-0.45345285,0.45345285,694.3767793442147,0.003051953875002614,6.662680030388915,0.964521723961632,-0.6695579028577567,-1.5096596094986374,998.15795140637,0.001242073733830792,6.906826968373462,0.9998656132750534,0.00041295125321649806,-1.4950158577762418
796,-0.23604633,0.23604633,639.4416113705801,0.0035474675461315583,6.6042065627268,0.9560568225138304,-0.29719761109572485,-1.553708271265911,994.4114930837827,0.0012448876944773247,6.904949981937504,0.9995938916578054,-0.002647567167315401,-1.5591057368009438
797,0.15349017,0.15349017,565.2386932502599,0.004412100630970697,6.519853485894455,0.9438454639138809,-0.19109890872912416,-1.6208038370555742,991.7254024273564,0.0012833317717920528,6.903589566777303,0.9993969513920812,-0.0007455811746002183,-1.6397337913093333
798,0.08435689,0.08435689,1000.0,0.0010000000000000002,6.907755278982141,1.0000000000000007,-0.11176733735224165,-1.6990951590408874,989.9213980149956,0.0013832220478911658,6.90267981549024,0.9992652514041226,-0.002289654517970696,-1.7266173577985753
799,-0.43179543,0.43179543,995.2016041146927,0.0010500046562389878,6.905073151033897,0.9996117222107737,-0.627929787683339,-1.6756784349692828,997.2113995757828,0.0015287069185726527,6.9063818806207635,0.9998011802234003,-0.0019446304980048623,-1.698440800845868
800,0.46182037,0.46182037,983.1075689135305,0.001107766365606171,6.897801372904723,0.9985590245057321,-0.6999564036493036,-1.6397427877138693,995.7246006529308,0.0016598094069751308,6.905639312619806,0.9996936824949824,0.0002395557378509494,-1.6539114198055502
801,-0.6449899,0.6449899,915.2075573066189,0.0013851787808774447,6.851512689929324,0.9918580513088037,-1.222647963441184,-1.5232067446876785,977.664860228972,0.0023432853445008706,6.8969205612049524,0.9984315139521299,0.0057935498462953205,-1.5215032439690528
802,0.6071189,0.6071189,851.4044409447749,0.0015855005666018675,6.800102081506803,0.9844156034590739,-1.0554956791147383,-1.450534537196631,988.3369968572198,0.00193949023340502,6.9019402887561405,0.9991581939441762,0.0021395580831127248,-1.4415575698382952
803,0.09151241,0.09151241,893.1644989757951,0.0016214180279863343,6.83390266871538,0.9893087396289987,-0.20170463404579841,-1.5142380234640451,989.8935221078882,0.0014400964647551186,6.9026731654044395,0.9992642887056001,-0.0045929168594467384,-1.5136630957871324
804,-0.17833449,0.17833449,891.3313133402844,0.0020404862396686,6.837128091199178,0.9897756673578387,-0.22922631087091805,-1.577913878643,992.2937516849181,0.0012984922608764954,6.903884148869436,0.9994395965177748,0.0024676660499061143,-1.581360936490427
805,-0.12079077,0.12079077,851.5217110182401,0.0026717079152312707,6.814897785724536,0.9865575010249519,-0.15420670308295392,-1.6515718065818257,990.3605703075481,0.001464193655907387,6.902912978584247,0.9992990052191595,-0.0029157800085366503,-1.665452779078798
806,0.03776621,0.03776621,764.7638427066407,0.003551876815951512,6.757573965740637,0.9782590281247442,-0.08438623942454448,-1.7255981364429154,989.4919845324217,0.0013623655707839463,6.902480450529343,0.9992363903699885,-0.003938797131793237,-1.7419429033706761
807,0.24471125,0.24471125,696.1834737865447,0.004015416908236221,6.702125121487961,0.970231985762461,-0.23998242335758757,-1.7579875547829609,995.3216468863917,0.0012576971851613532,6.9054121314687285,0.9996607946548804,-0.003561216226253272,-1.7894694882433266
808,-1.02529862,1.02529862,744.8065195593994,0.0036424599856108076,6.718652809839278,0.9726246137123254,-2.812306736563076,-1.3893998107744245,853.8110529324031,0.005048376700560577,6.831144850997136,0.9889095046232892,-0.0019471958055854444,-1.3628895511845478
809,-0.45008317,0.45008317,739.3010606656532,0.0037392365671551045,6.711695776186209,0.9716174799370112,-0.6631400613068568,-1.3862982796322219,998.6259174021731,0.0012542477405103458,6.907072606767693,0.9999011730747729,0.000392438903084269,-1.3658348290336653
810,0.02880591,0.02880591,747.4726600771106,0.003490271653184364,6.722424030763998,0.9731705538582067,-0.20786146754617008,-1.4666826630908922,989.3597844566427,0.0014934386247706006,6.902410091968147,0.9992262049250277,-0.002957114854952536,-1.4387274471730895
811,0.76961464,0.76961464,698.8056606274582,0.004185140170637621,6.667650666634153,0.9652412972592505,-1.5116242649155502,-1.3330616500476986,968.333245336484,0.0026280465964938628,6.892192474107633,0.997747053240022,0.011300036214755949,-1.3080505313004276
812,0.7502162,0.7502162,628.3724420043751,0.005321158369657992,6.588053135134182,0.9537183743580645,-1.372561969632395,-1.2405257432187273,983.5137384356831,0.0021594849367051676,6.899425141058677,0.9987940890221161,-0.001314122317097599,-1.2077168262280251
813,0.88171435,0.88171435,527.7164208690568,0.006816711674250877,6.450375788670456,0.9337875370739718,-1.676170932759149,-1.121158902890963,968.0510846862868,0.0021309978311065177,6.891415035069475,0.9976345074119258,0.005124588231084637,-1.0886413181040369
814,0.61624134,0.61624134,509.7600007401072,0.007113675897155516,6.418763406106345,0.9292111759715024,-0.978483349975459,-1.092196327240758,997.2531832423008,0.0014146979145132272,6.906390675554691,0.9998024534204913,0.0013923046506576497,-1.0615198413639213
815,-0.43422193,0.43422193,523.201796454659,0.006239318055130817,6.434145241385005,0.9314379246991914,-0.6765102500742728,-1.0942735267920654,997.623655766222,0.0011786846802136844,6.906561708400911,0.9998272129609372,-0.002805190457681128,-1.0859022692498654
816,-0.00904355,0.00904355,545.8678871216498,0.005056278909812567,6.470725765041949,0.936733497888972,-0.3536873144927668,-1.1673182234399673,989.4274473214465,0.0013831918688689258,6.9024354922476405,0.999229881992102,-0.0017922078802676822,-1.1504458308725594
817,0.59035987,0.59035987,533.8180154255359,0.0050315853744205405,6.449933545367011,0.9337235157985234,-0.9386320304656319,-1.1397752904478686,996.6459892847423,0.0016122543411998117,6.9060897310382945,0.999758887239548,0.0014488335134092978,-1.1367842466736622
818,0.46587748,0.46587748,528.9245073764412,0.005238482895160933,6.444856969439303,0.9329886061610679,-0.7130058081489148,-1.1692319161804574,998.4000140916725,0.0011677516061667067,6.906953168429407,0.9998838826043577,-0.002074981412945043,-1.147323988290299
819,-0.09824727,0.09824727,515.3595981776201,0.006027074899829448,6.442731973403681,0.9326809814769558,-0.3315195468806893,-1.2498953714284355,990.4329424242625,0.0014179062463067472,6.902947844378496,0.9993040525598427,-0.0020594130801727673,-1.2265066695143236
820,0.21869488,0.21869488,1000.0,0.0010000000000000002,6.907755278982141,1.0000000000000007,-0.37291868307241405,-1.3178990363521172,992.525679399241,0.0013352848598454454,6.9040053273196555,0.9994571388951935,-0.0025255355700144477,-1.2951331407015625
821,0.23756027,0.23756027,973.9501337015907,0.0014520768154070338,6.894242961702739,0.9980438917226105,-0.3652523519557631,-1.3805689918895103,993.3476297905862,0.0012739108079430142,6.90442058590285,0.9995172537322748,-0.0013064345371898156,-1.367193107789118
822,0.01777925,0.01777925,870.1628294629315,0.002663928006965066,6.8365741055687685,0.9896954697237252,-0.21019373594931778,-1.468105923801903,989.3508923736974,0.0014068161256148854,6.902392371895978,0.9992236396818405,0.002087098774551599,-1.4620812445124418
823,0.39252083,0.39252083,837.7266754309283,0.002522329742459352,6.812305947508869,0.9861822940132685,-0.5527710152424206,-1.485388764091967,998.1603988331764,0.0011930647641470041,6.906833921506419,0.9998666198441452,-0.0002315511906694212,-1.4838270901546946
824,-0.23398362,0.23398362,739.0579982630958,0.0033657964468371557,6.740332193574722,0.9757630259547809,-0.3020664110613005,-1.5391185203951565,994.0504906394581,0.0013803565266509122,6.904773762838019,0.9995683813303013,-0.002301681377010034,-1.5452783667273784
825,0.42041672,0.42041672,724.2965487149814,0.0032478997375955257,6.721535289565054,0.9730418953920263,-0.602479998091372,-1.5426449073120785,998.2740406878121,0.001288362036755894,6.9068997146750535,0.9998761443808402,-0.0008607144558183677,-1.5377007375951297
826,-0.13503598,0.13503598,609.644684381507,0.004140012779532618,6.61348097408372,0.9573994310722342,-0.18223271309026856,-1.613530329178152,991.59453900036,0.001320400416722461,6.90352370447902,0.9993874168478446,-0.004440384395039132,-1.6091391720913308
827,-0.54809074,0.54809074,665.6736925544535,0.00378307509912459,6.658906877721782,0.963975504167394,-0.9270151576724324,-1.5431414174080942,990.7213050792333,0.0016891572463913211,6.903148484067929,0.9993330981298332,0.0026986613864288245,-1.539500853254422
828,-0.64421161,0.64421161,714.0188265018007,0.0038613199963286105,6.705327362943514,0.9706955576937505,-1.1785450145432712,-1.4478814966479954,984.4593298127663,0.002014363626330127,6.899929263078717,0.9988670681592859,0.005112229682109337,-1.4481497330465238
829,0.05057566,0.05057566,649.532952008556,0.004501383842377661,6.636801031607588,0.9607753551723283,-0.18712603981798193,-1.5187275141767476,989.0506266200534,0.0014407666731578953,6.90223703122126,0.9992011518158921,-0.002820330187503828,-1.5266422977987952
830,-0.52416574,0.52416574,653.360167975772,0.00452389002071961,6.639712626939382,0.961196851767706,-0.8360005706685891,-1.4725298758034902,995.2249690404171,0.0018596165874261489,6.905435568131168,0.999664187459271,0.0015881751780240094,-1.4838230402517074
831,0.85641171,0.85641171,647.790447682086,0.005662069212288739,6.652225210421781,0.963008233754626,-1.7954336227208865,-1.2903044802113373,952.1218987591469,0.0023861182996653433,6.883301509449379,0.9964599542767298,0.010100771419928378,-1.304615325626303
832,-0.36519253,0.36519253,639.384385676243,0.005378502597713309,6.637646146255484,0.9608976980483805,-0.5304729447209766,-1.3233000378465019,997.3251951765978,0.001196390543642808,6.906414782721514,0.9998059432903332,-0.0016166469233018788,-1.3296303817793764
833,0.00107117,0.00107117,623.5683082386059,0.004245663842611482,6.611194349042096,0.9570684081929811,-0.24375631908835516,-1.391458803501636,988.699468220931,0.0013547445145375503,6.90204547149881,0.9991734207057538,-0.0008143869451711083,-1.4018043246055072
834,-0.38374845,0.38374845,607.5591782190015,0.004167791752575939,6.589043623040715,0.9538617621687976,-0.5448464539807043,-1.4157434899052825,998.0577014349647,0.0012105306161228496,6.906783056583872,0.9998592563924169,0.0008886785743245085,-1.4189393434168072
835,-0.87446464,0.87446464,588.0796439472213,0.005943065108140349,6.581222247475249,0.952729502085806,-1.8133091420499712,-1.2496588674628328,949.2101010593464,0.0024693371926227878,6.881939651193305,0.9962628051014807,0.004686902201665788,-1.2411342541364712
836,0.24953186,0.24953186,588.7794328715227,0.005380313714123056,6.573977532404495,0.9516807221597428,-0.3998184708455481,-1.3080549099805165,993.9987562766064,0.0012410326669594998,6.904737027176992,0.9995630632986771,-0.0021806316614458865,-1.3028027629098866
837,-0.88275666,0.88275666,533.7483192986771,0.006916350919090684,6.519375120144646,0.9437762133787232,-1.743663738880719,-1.1727615528686193,958.8318173392103,0.002357506434527301,6.887456677512313,0.9970614764637674,0.0033043512448323042,-1.1395099172777985
838,0.21524677,0.21524677,541.170413697198,0.007143106524058214,6.525186304011741,0.9446174684076579,-0.40097109427552713,-1.2306176605697412,992.05027629309,0.0013544767477215868,6.9037626096836044,0.9994220019185276,-0.005142641289171301,-1.2003552569470135
839,-0.15703596,0.15703596,533.1999317761732,0.00848337087158141,6.514827297486713,0.9431178486170515,-0.3360625964023427,-1.2945657442423144,991.3224833179488,0.0013467613690717163,6.903387121586553,0.9993676444490043,0.00036916090349148334,-1.29173441762982
840,-0.51401605,0.51401605,522.7458816260902,0.008643279593731928,6.499927411155587,0.9409608691455202,-0.792707996091405,-1.2966140096593335,997.9097393237946,0.001648601833433763,6.906741721653198,0.9998532725483165,0.0003603437618391325,-1.278903930057377
841,0.59482857,0.59482857,510.83592853482384,0.008749384033898765,6.483676902074428,0.9386083670048315,-0.965549508809656,-1.2612839120513675,994.8208572260737,0.0014720911515282752,6.90515956335874,0.9996242316760563,-0.00021684999495885648,-1.2511686117547929
842,0.29749103,0.29749103,1000.0,0.0010000000000000002,6.907755278982141,1.0000000000000007,-0.44875226574827387,-1.3060334003495735,994.9985824538918,0.0012526257398073927,6.905246887733446,0.9996368731740797,-0.003333504338102422,-1.3052866124991578
843,0.1115439,0.1115439,961.3745462359482,0.0019716204347200064,6.888004661490326,0.9971408052697083,-0.2757668467840846,-1.3798851285041893,989.1672719621085,0.001426493310822628,6.9023238260551825,0.9992137166550354,-0.004026439374794855,-1.3844970866964066
844,0.39211714,0.39211714,934.0075089167516,0.0017920855697601261,6.871706971733114,0.9947814730265988,-0.5635582722264019,-1.396437910558745,997.8480304875671,0.0012793700063594413,6.9066770488864595,0.9998439102064084,0.001829977331005317,-1.410428550649086
845,-0.68464642,0.68464642,963.9907112190701,0.0015131212051055474,6.887752711098495,0.9971043317147463,-1.2306983195468586,-1.3094334141793755,983.3654761504522,0.0024212914205936076,6.899791228749024,0.9988470856433862,0.003136211507104747,-1.3170832117719775
846,-0.21085606,0.21085606,929.3338170779986,0.0017872279124048472,6.866498379930334,0.9940274521337875,-0.34256367357676165,-1.3709561192349864,992.1865534395494,0.0012918433556233812,6.90382910818302,0.9994316285623113,-0.00447395682434415,-1.375450370033761
847,0.14998185,0.14998185,853.8522347816241,0.0024515905522309992,6.8166437930323225,0.98681026147133,-0.26973379587472124,-1.4395436968790112,991.6041028785871,0.001343658161927938,6.903527556744532,0.9993879745203962,-0.0056248967170979824,-1.4267997409410857
848,0.85122746,0.85122746,901.8115281655685,0.001984502031107681,6.847723160969332,0.991309460803358,-1.7560441687024042,-1.2589609671864705,946.659687706887,0.0029177966403847165,6.881336895222155,0.9961755472374125,-0.0012606013084717205,-1.2503027847749122
849,0.06509588,0.06509588,878.1864050275572,0.0018887561081684932,6.831141731178205,0.9889090529832404,-0.2820352185963797,-1.331619247810933,989.429268972616,0.0013962858373533084,6.902424572482244,0.9992283011941502,-0.005491715854860857,-1.3221545440591704
850,-0.14774402,0.14774402,819.8441935710435,0.002415193384310508,6.788384738764293,0.9827193443605268,-0.28282770878770247,-1.4052187253947706,991.3124807648464,0.001324856623476783,6.903397387106951,0.999369130535292,-0.003495667347796605,-1.3986092641774945
851,-0.71879415,0.71879415,842.6646047664309,0.002236044103184627,6.803645568706317,0.9849285757715551,-1.3247883250817667,-1.2998974685850073,981.2940591103626,0.0020608336793712196,6.898435261574615,0.9986507892895571,-0.0010211668355060155,-1.301955808815881
852,0.61097862,0.61097862,826.0600462338068,0.0023818480200868387,6.789369232485317,0.9828618644240298,-1.0033590868781959,-1.2527360076274898,993.914015943557,0.0017362831106165824,6.904812710221043,0.9995740195414786,0.004451638719568329,-1.2532135058786076
853,0.08218234,0.08218234,799.2270755057028,0.002706668338053973,6.767324605663747,0.9796705778292883,-0.2909663993714995,-1.3241069383227129,989.3042654944039,0.0014326594581460905,6.902378346174471,0.9992216092506887,-0.005536890546947504,-1.3296504635167514
854,-0.05711005,0.05711005,742.0693054862704,0.0028066187170294934,6.71917867009013,0.9727007397807247,-0.25024224217776325,-1.3945618398121828,989.6383445863673,0.0014389056389142606,6.902547904140563,0.9992461552803675,-0.001932390753369262,-1.407679160722711
855,-0.77164328,0.77164328,768.7646995948455,0.0027464898580606975,6.739763690630655,0.9756807267242629,-1.4773032813200988,-1.2681735573366706,971.4810058145699,0.002642222568031026,6.893851450813031,0.9979872147162755,0.01089739861628658,-1.2697481640770598
856,-0.04097085,0.04097085,734.6201410358459,0.0028034406421734446,6.708134127715016,0.9711018785111717,-0.2714575177865024,-1.3427246362484606,989.5396927111162,0.0014159941555135869,6.9024829259016895,0.9992367487168388,-0.0031833728403531936,-1.3468895559542022
857,0.04314297,0.04314297,672.9733490941817,0.003662003264046777,6.650317118602381,0.9627320091719158,-0.2347557441051098,-1.4168020700543829,989.1403831903914,0.0013299736542743009,6.902283397559534,0.9992078640308449,-0.007138504998200901,-1.4099143953744417
858,-0.17537641,0.17537641,604.0950668140392,0.005024634455270138,6.580290618663033,0.9525946350016968,-0.2740858284634715,-1.4650460382070767,992.1952166901074,0.0012977556643654104,6.903823543793683,0.9994308230344499,-0.0041140194283677545,-1.4735183875840168
859,-0.47333789,0.47333789,601.4927030033667,0.004941620579080221,6.5710796297897165,0.9512612077881789,-0.7151627765326358,-1.4500429764755747,997.9438140791178,0.0013872868709282414,6.906743345683657,0.9998535076508054,0.000965225483851917,-1.4641176837322225
860,-0.54342774,0.54342774,611.9231277905167,0.004017918047810556,6.577260855475812,0.9521560318571356,-0.8758297791750653,-1.4082589368537228,995.0235421323144,0.0017486602958948776,6.905388798968886,0.9996574169295703,0.0037489621172461796,-1.4180481950834418
861,0.72095362,0.72095362,621.2239811168058,0.0036818118602812786,6.591288725105498,0.9541867739814792,-1.3233971156220719,-1.2965983879708385,977.9977558659305,0.002083861762517335,6.896934360326375,0.9984335115795595,0.01284161464921052,-1.3030224015623044
862,0.04040131,0.04040131,596.1559682559019,0.00368151776514755,6.555840336661669,0.9490550941503065,-0.2631611277011974,-1.3575632815041123,988.8800635481244,0.001341026169754674,6.902150041127582,0.9991885587100039,-0.004030955956825011,-1.3784479211386937
863,-0.20651412,0.20651412,556.7162764515921,0.0044969513387860365,6.506695894173112,0.9419407074206426,-0.3210893335939433,-1.415544677955337,992.4953181077199,0.0013234582709235206,6.903981406059102,0.9994536759380406,-0.0014810588503726407,-1.4331434294119958
864,0.01491781,0.01491781,1000.0,0.0010000000000000002,6.907755278982141,1.0000000000000007,-0.19140367335235986,-1.5044481506740255,988.9003239144228,0.0013646065668664088,6.902166037423152,0.9991908744109695,-0.002569714814633528,-1.5117142609895504
865,-0.01232984,0.01232984,955.5692530275795,0.0018116756426217403,6.884754712747853,0.9966703270012667,-0.15255827765301166,-1.5795679073867586,988.8469703547366,0.0014566061379121054,6.902128347868522,0.9991854182891025,-0.001418728656148005,-1.5934047049125564
866,-0.57458159,0.57458159,979.8328108284348,0.0014234549422080932,6.896965056934437,0.9984379553687245,-0.9919979506409842,-1.5059573260825938,986.7009927662106,0.002686338780435384,6.901718736651649,0.9991261209920312,0.004576805340511747,-1.5102877106536665
867,0.35504666,0.35504666,958.3630304756837,0.0014746662252051268,6.884306218769611,0.996605400847961,-0.47730297513523023,-1.5244462487335435,997.6430922123534,0.0012020006669122775,6.90657559953652,0.9998292239087847,-0.003748921921761905,-1.512651175339613
868,-0.06730139,0.06730139,885.7518485330605,0.0019506587734748216,6.838341708033906,0.9899513563893279,-0.1579036009709034,-1.5908969266204116,990.2064151124156,0.0013880947292501222,6.902798294331854,0.9992824029731676,-0.0038501388307308204,-1.588129168879247
869,0.03777943,0.03777943,773.8026071597184,0.0028806630015449607,6.757701933209087,0.9782775533132145,-0.1136379887030392,-1.664776362456634,989.2838901863316,0.0013348456633210577,6.902377413562709,0.999221474241308,0.0005288353808445834,-1.6815827888943535
870,0.49541572,0.49541572,802.2810541151631,0.0023530351595345118,6.773916180437482,0.9806248060130502,-0.7901282932818203,-1.6187066578357878,994.768687370619,0.0014335720487583532,6.905124780630474,0.9996191963604057,-0.0016217865941641207,-1.6327646684540253
871,-0.46511899,0.46511899,800.6019469885579,0.002395730763774511,6.769778252382481,0.9800257795727837,-0.7027199187306827,-1.5946406207678183,996.5008587757528,0.0017119071141561098,6.9060815749250315,0.99975770652122,0.0013780521698336656,-1.5982613567676438
872,-0.29353506,0.29353506,751.7477423383945,0.0025140833257341916,6.725274735830025,0.9735832356847766,-0.34880301691014104,-1.632391277396899,996.4830551665572,0.0012594397963876251,6.905990993882674,0.9997445935722664,-0.003313074629038404,-1.637341631717331
873,0.1154962,0.1154962,665.2711056509165,0.0031822844570432544,6.64165773122764,0.9614784344540783,-0.12722639315521,-1.7014634272219724,991.5287745639658,0.001300509013811475,6.90348165060082,0.9993813289254296,-0.0006087641722984927,-1.7077396325970364
874,0.32148554,0.32148554,624.314887666046,0.0034802363239029416,6.5938164960976025,0.9545527063126079,-0.3780150223463057,-1.7155058324853534,997.8031837607124,0.00120479188932891,6.906654816181248,0.9998406916926781,-0.0015853034348722872,-1.7306053059106974
875,-0.2135994,0.2135994,553.8873510256717,0.0041811344978880454,6.5092540471912,0.9423110380005157,-0.19335755482760586,-1.7637741510990361,994.4412101468821,0.0013397357311429462,6.9049677266567295,0.9995964604690197,-0.0062141302497655815,-1.7673777256249485
876,-0.18899654,0.18899654,1000.0,0.0010000000000000002,6.907755278982141,1.0000000000000007,-0.15067812942147274,-1.7940979248983813,993.4519867174864,0.0012722595610677673,6.904463403364062,0.9995234521946528,0.00017031310130999344,-1.823523457917601
877,0.23227142,0.23227142,980.5962522488861,0.001266988388737468,6.897647649022136,0.9985367706944172,-0.1957359401821952,-1.8410804809346537,995.3018058294807,0.0012803806536081863,6.905397276497062,0.9996586441774726,-0.0007964402418672023,-1.86539953899209
878,0.96653628,0.96653628,715.0860925116314,0.0024761750645052767,6.682022457345267,0.9673218270595522,-2.687818097389397,-1.478524889146787,865.5414942979147,0.003968388632796643,6.835859698981842,0.9895920487775461,-0.002059620719434996,-1.466664206390892
879,0.02807744,0.02807744,796.5493592860133,0.002117490583843408,6.75438058798997,0.9777967393461618,-0.16836179848991595,-1.5413442381887204,988.90603090826,0.0013841865445750445,6.902162664200139,0.9991903860869226,-0.002403605770629369,-1.5352241012566454
880,-0.28746221,0.28746221,822.0313442845944,0.0022233653662595484,6.77699670655693,0.9810707578447286,-0.35474708605482164,-1.5745505698709952,995.8751936352305,0.0012501273563984248,6.905681387225862,0.9996997734180617,-0.004006453303817992,-1.5637709943307636
881,-0.37834471,0.37834471,820.0492716625561,0.00233499468084833,6.776544706245488,0.9810053240977028,-0.5078984378177527,-1.57783406861619,998.5277152449689,0.0011717838936570095,6.9070120862017,0.9998924118254886,-0.0010602481904360417,-1.5745314432452777
882,-0.04848186,0.04848186,814.4485131567441,0.002873963844947436,6.7823912997739075,0.981851705200144,-0.1222185500311177,-1.6488119024901204,989.5778019949398,0.001311374102581047,6.9025072322284,0.9992402674180273,0.002337456558602291,-1.651476840456903
883,0.26290648,0.26290648,784.18808068336,0.003441973241801738,6.765030770172954,0.9793385111306067,-0.28477400136730235,-1.6978725770664282,995.9439027890666,0.001211778019569092,6.905722972311331,0.9997057934757779,-0.00329625210187956,-1.6845697854531791
884,0.83526281,0.83526281,743.7022998466621,0.0029566400063068604,6.704738133667356,0.9706102580193467,-1.9497900627069589,-1.4647714899207964,939.2055826105772,0.00301547755234694,6.876721916990567,0.9955074607107184,0.011190823045430065,-1.455939764496765
885,0.02114511,0.02114511,756.9118770668674,0.003127979291549297,6.724503880556695,0.9734716429542587,-0.17566654581464025,-1.5288380356396833,989.3146423395262,0.0013471792041944816,6.902366248688251,0.9992198579601853,0.0017182426517878824,-1.517370914569756
886,0.4645515,0.4645515,743.1608794992999,0.003214045970542455,6.7107793367307815,0.9714848117375142,-0.6924419769217067,-1.5151576233551967,998.1782401379462,0.0014383192148064914,6.906865270722207,0.9998711581079548,0.0010898997348327555,-1.4993478537318832
887,0.09006665,0.09006665,724.7691687601839,0.0035907196828096374,6.702661100925395,0.970309576733158,-0.17291818711473272,-1.572355072163019,990.6092672747258,0.0014294205435597927,6.903039541120604,0.999317327022878,-0.0015458442197822109,-1.5661223008333773
888,0.0589775,0.0589775,674.6244374656288,0.004115106899418109,6.666938391704382,0.9651381849020512,-0.12700525129999907,-1.645963712780087,989.3171600858126,0.0014866040226058194,6.902411403247774,0.9992263947521964,-0.008187357463218525,-1.6181053532574474
889,0.38520198,0.38520198,657.3669558267165,0.004076701879392065,6.648049440912469,0.9624037292027612,-0.5189906303173748,-1.6296171054389585,998.5517407732527,0.0011615291580086842,6.907032386187886,0.9998953505494831,0.0009128261097455237,-1.6271022683013014
890,0.02738958,0.02738958,586.4801668815404,0.005560897069148178,6.5840610582036145,0.9531404620306383,-0.0875888915915306,-1.7112440188213949,988.5779394340288,0.0014037612585222202,6.9019928194828335,0.9991657985457538,-0.0008184487168190202,-1.7101591009337103
891,-0.24042992,0.24042992,528.8339934483841,0.006853365998537701,6.522268962644976,0.9441951399885199,-0.23503735932545666,-1.7572713981341357,995.4468616981916,0.0012464309352509693,6.905469714707884,0.9996691306825523,-0.0030005576192948524,-1.7394346834306498
892,0.32085608,0.32085608,1000.0,0.0010000000000000002,6.907755278982141,1.0000000000000007,-0.37085953868963184,-1.7631247136694967,997.8914361036454,0.0012219102574214148,6.90669885135829,0.9998470664374778,-0.0022771368441265594,-1.756747771862371
893,-0.46922004,0.46922004,988.9547619024236,0.0010759332077050722,6.901460874974255,0.9990887916908358,-0.7354435652781737,-1.7115440349383837,995.4922123200362,0.0016176936256900494,6.905506463021666,0.9996744505458506,0.0009880304322900102,-1.7047506472787854
894,0.31285367,0.31285367,985.411592207823,0.0011753516108716881,6.899536435235209,0.9988102005043614,-0.3608116911471395,-1.728000209455708,997.6110383826955,0.001263555834732381,6.906558152237464,0.99982669815355,-0.00332402200626003,-1.7187969070336764
895,-0.00219453,0.00219453,941.7990861422569,0.001859105715294439,6.874762623613292,0.995223823943325,-0.04344666631804461,-1.798734100555217,989.6577061566188,0.0013192733830492658,6.90253024636135,0.9992435990550093,-0.004144485973298195,-1.7757506018183247
896,-0.08725559,0.08725559,839.6059645179439,0.0033476079486668277,6.811305632838762,0.9860374836328036,-0.03472770396256841,-1.8715320257550498,989.5453540699707,0.0013720552231948327,6.902482610404646,0.9992367030439637,-0.006716162192539343,-1.8391320165898781
897,-0.08407398,0.08407398,691.4421877499683,0.006294552215360076,6.7057088843126715,0.9707507885688682,0.00045512135105241214,-1.9451962683810415,990.4629742014727,0.0013157294886551928,6.902974338244485,0.9993078879397772,-0.0035168919566181955,-1.899836152762888
898,-0.03826394,0.03826394,509.7800247915347,0.011623989047413673,6.545732314637467,0.9475918080876174,0.05970436119533318,-2.0295862111690206,989.728103995831,0.0013388581280861802,6.902557687182618,0.9992475715207612,-0.0048411252297846374,-1.9706158612160327
899,-0.11258845,0.11258845,1000.0,0.0010000000000000002,6.907755278982141,1.0000000000000007,0.04949269174560733,-2.0989023495625894,992.0032520028991,0.0013157719389631324,6.903740035932068,0.999418734033285,-0.005198197016332173,-2.030756770832313
900,0.11507655,0.11507655,950.2738106899948,0.001750053906705322,6.882023047975636,0.9962748780222723,0.07842784318298435,-2.1809141062677693,991.906331008896,0.0012737073396874347,6.903670943383688,0.9994087318624508,-0.0026747346671101013,-2.095420684585915
901,-0.10681843,0.10681843,817.3775499279191,0.0031529179624900467,6.804630995074078,0.9850712308495019,0.12744499994675174,-2.2749030127479584,991.103972533843,0.0013095389189894317,6.90326879640117,0.999350515123977,-0.00015358693795786138,-2.1633927490845624
902,-0.51730827,0.51730827,938.5300858127824,0.0019405511805863555,6.872151074632284,0.9948457635061011,-1.1373028062954313,-2.049609951851863,967.1763504247772,0.00316560401714185,6.892702415944065,0.9978208748819066,0.005566712834681908,-1.99893797701941
903,-0.00016104,0.00016104,878.9577384709297,0.0021439910689847403,6.833758273070558,0.989287836218413,0.11722314068635242,-2.129342661249949,988.9609101427706,0.0015025031791703325,6.902202071852257,0.9991960909288758,-0.0060867479628603505,-2.060257736300257
904,0.28186977,0.28186977,842.572149047676,0.0022746813819120183,6.806216495532287,0.9853007555495203,-0.23115472575473195,-2.1243507296850943,997.9381444334775,0.001283416471238795,6.906724238051038,0.9998507415376692,-0.0008652005873184265,-2.054654210678713
905,-0.51122344,0.51122344,861.1160666756259,0.0022872152396313603,6.816692842796442,0.9868173621519619,-1.003425842128343,-1.9739347024033926,980.5251244701135,0.0023867287625946943,6.898157957329055,0.9986106453883385,0.005926413054786472,-1.9210944411394562
906,-0.00193016,0.00193016,815.0898358854228,0.002346216952619939,6.78123676897531,0.9816845697484713,0.07477094360127445,-2.0372260004116995,989.31998747297,0.001415129705117494,6.902409719888267,0.9992261510609481,-0.003428465085606902,-1.9873384554690001
907,-0.13004569,0.13004569,745.2780614707441,0.002885400969853919,6.722220358231683,0.9731410692392402,0.036619630101674794,-2.1013991233906104,991.8496424977071,0.001336528272809929,6.903654060232007,0.9994062877759136,-0.0031255227251865136,-2.0332194027739945
908,0.28228836,0.28228836,709.731051297977,0.0031124910224819865,6.686775255089918,0.9680098650042536,-0.23044886901641526,-2.0900442478432364,997.8703253938174,0.0011906233234575435,6.906691270250797,0.9998459689597607,0.0005541739784993283,-2.023777661914529
909,-0.08359012,0.08359012,620.7505019861426,0.004228371147649291,6.596904241825033,0.954999703289589,0.10315435276598084,-2.154424915256399,990.968708272774,0.001328554933421113,6.903192319678549,0.9993394439844343,-0.0001694637986284775,-2.0832458637303555
910,0.21454552,0.21454552,560.4837892882,0.004900314232482225,6.524797535720116,0.9445611884330607,-0.06113227738737592,-2.1811066726175183,995.9046067771293,0.001243442171944438,6.905704939188078,0.9997031829138044,-0.0039018239053261183,-2.1021297479782586
911,0.20166849,0.20166849,1000.0,0.0010000000000000002,6.907755278982141,1.0000000000000007,-0.029260645313626377,-2.2048648709708436,995.3421806571966,0.0012300661783613662,6.9054117029229936,0.9996607326165312,-0.0030273882549431974,-2.1232374865602788
912,0.20131479,0.20131479,981.3104462182305,0.0012294480716943065,6.897922390987509,0.9985765436675869,-0.022640799639028764,-2.2230926184597672,995.5069595787394,0.0012313557978362783,6.905496994283567,0.9996730798056148,-0.0018186315962847033,-2.150112526871193
913,0.50745508,0.50745508,964.5926811852818,0.0013061171022078664,6.886859579529264,0.9969750376773695,-1.0392636283214864,-2.0692600157401344,981.0578577717201,0.0021444821020110477,6.898283039204396,0.998628752844421,0.000939973032529906,-2.014050517138519
914,-0.07033226,0.07033226,968.434244632031,0.0015433373522915261,6.889970855474172,0.9974254410022202,0.09936786155883937,-2.125062285367694,989.4394363937879,0.0014135480269382892,6.902470619091397,0.9992349671235721,-0.006694575741927444,-2.0573518541334908
915,0.01924076,0.01924076,913.6901319835277,0.002031221153911777,6.856736128185194,0.9926142214458326,0.14741815559637672,-2.1823934874781346,988.9371034739473,0.001377759795787945,6.902180454031894,0.9991929614288444,-0.0014270360267589766,-2.124636532449024
916,0.13008142,0.13008142,829.013066529074,0.002669277366971062,6.799087886088559,0.9842687836345022,0.09189488741594509,-2.227940588686911,992.415207915462,0.0012982361344206282,6.903937187105404,0.9994472745888451,-0.0055051159896430946,-2.1678430486601945
917,0.02939715,0.02939715,703.8292563967613,0.004318713655728187,6.700654799926294,0.9700191349155092,0.19751745338804483,-2.2903591170710484,988.7925756916281,0.001308367053373653,6.902103493744153,0.9991818202860805,-0.0014000737392008133,-2.2276971884850214
918,-0.08948077,0.08948077,584.5628459532076,0.006006317938512124,6.585231127232538,0.9533098468715406,0.18111660364619997,-2.3288751451510605,991.1506677951588,0.0013018712026767933,6.903305302227551,0.9993557998836285,-0.004851314233627946,-2.288616691549698
919,-0.3539715,0.3539715,618.1529717642048,0.004097827060398122,6.6068893522224,0.9564451960718462,-0.4455532772433388,-2.260185186467461,995.5042259964217,0.00151995249699063,6.905491828683642,0.9996723320084339,2.043598668066693e-07,-2.224440516097202
920,0.00418539,0.00418539,511.1342099472863,0.005980600186416661,6.480960945680971,0.9382151920465756,0.21325900206659298,-2.3096404357724323,989.4073638533486,0.001397625308566557,6.902413565739458,0.9992267078049317,-0.004682291585858422,-2.2886053756029177
921,-0.61792106,0.61792106,652.8067876865683,0.004388402906562305,6.649215993318702,0.9625726049603872,-1.6375294493614696,-2.0569489346548586,928.4313938222224,0.003926272278698549,6.872985474975602,0.9949665553277014,0.01476123784794936,-2.015903797391638
922,-0.77105911,0.77105911,602.0413629192558,0.005787557740934489,6.6093229217403735,0.9567974913428408,-2.0983992206678677,-1.7796610637444188,890.4993428212774,0.004497622002433916,6.854777932619617,0.9923307436029601,0.016084882854515037,-1.753904597831007
923,-0.43024341,0.43024341,586.147132368017,0.006032203344272827,6.588617071015903,0.9538000124385907,-0.618411063602144,-1.7501477658563678,998.0945132369764,0.0013833741882766544,6.906813485875338,0.9998636614835409,0.0005787331519426786,-1.7225240907058041
924,0.25061605,0.25061605,585.4818147679022,0.005808986179660619,6.586979934830092,0.9535630127013834,-0.2383905427455444,-1.777386197696943,995.8636250755135,0.0012857642275720834,6.9056769520063925,0.9996991313542812,-0.00544834479594325,-1.7344224938171438
925,0.08470973,0.08470973,571.963266784456,0.00602322030580754,6.574573451145355,0.9517669902333488,-0.05298601751519261,-1.8173294402870372,990.3780744923013,0.0012894217165676219,6.9029088281194255,0.9992984043778365,-0.0038328139342542755,-1.7904334281183845
926,0.24437477,0.24437477,548.0987387706564,0.007169211867072733,6.548210023279782,0.9479504931513245,-0.21083542348153106,-1.8432421786149524,995.7680343195533,0.0012206102758735168,6.905634558006454,0.9996929941942015,-0.0035737381212408437,-1.8166822687498718
927,-0.26474075,0.26474075,519.3139481568387,0.008322855221878733,6.513851889822506,0.9429766438949944,-0.2391453069431595,-1.8675194270686286,996.5988838291815,0.001195927072468206,6.906053568757087,0.9997536522131542,-0.0011457411516699878,-1.8427688915031406
928,0.39981549,0.39981549,512.516098758594,0.007739873667764521,6.5015379361811085,0.941194016522704,-0.546987423494615,-1.8431115158413687,997.8402286813725,0.001405717953503533,6.906684558693945,0.9998449973623921,0.00033423269546428713,-1.8231476535750275
929,-0.55879331,0.55879331,517.9656413120447,0.006149820127771671,6.507462052811926,0.9420516202436756,-1.0386322588948849,-1.7472574332008044,982.8222545729224,0.001950847168636466,6.899228783493959,0.9987656633531705,0.002193182547577166,-1.722960864211637
930,-0.46144386,0.46144386,506.67228604921587,0.006515266309271662,6.4925464868661305,0.9398923709154346,-0.7039086283983638,-1.7031138282928375,997.3155243342314,0.0013068239707203406,6.906396298433941,0.9998032674156349,-0.0030722798630806736,-1.6899544085390619
931,0.48957093,0.48957093,1000.0,0.0010000000000000002,6.907755278982141,1.0000000000000007,-0.7760779451036965,-1.6590164698326753,995.4812959611482,0.0016272386651231647,6.90551892637346,0.9996762548008207,0.0020549703720451618,-1.6435627266407646
932,0.07736786,0.07736786,962.753711017343,0.002197530614326667,6.888541778552401,0.9972185609284401,-0.0983916423285045,-1.7156050843901327,989.0406150278009,0.0013468601482324821,6.9022231994804155,0.9991991494663175,-0.007033993704856911,-1.704076966607446
933,0.33074929,0.33074929,934.8809548260564,0.0018305272014616431,6.87181029746753,0.9947964309586973,-0.39406176239096524,-1.7187503864729927,997.9725755036312,0.0011602733287852107,6.906733129377555,0.9998520286890168,-0.002405066495512642,-1.7085791426427355
934,0.11241494,0.11241494,836.5104026909985,0.0029718133392088518,6.8111381227328724,0.9860132340612534,-0.0912207539004708,-1.7723162641673853,991.1197610139898,0.001386217255305544,6.903294496216912,0.9993542355533646,-0.0021499422116928457,-1.758137832287972
935,-0.28828116,0.28828116,777.9326341027133,0.0032494071921385244,6.7668979411497325,0.9796088118146016,-0.29965495246538243,-1.7912360471720832,996.9158407912892,0.0012291115837054626,6.90620765960591,0.9997759591482727,0.0003801052334244659,-1.7737040306984706
936,-0.58813189,0.58813189,862.3453306917253,0.002341858509470079,6.822930026067917,0.9877202869111023,-1.111674738109791,-1.683224369210106,976.0439524125828,0.0028248865119190085,6.8965616000313545,0.9983795489998262,-0.0018327591338920257,-1.6791803762896984
937,-0.83647111,0.83647111,824.3557782539641,0.0029233030713991938,6.796727723309733,0.9839271150774229,-1.9409541595583173,-1.4706695889289376,928.7275689454842,0.0038969644732828653,6.8736760885979065,0.9950665318894661,0.007932566217469628,-1.4757552307110107
938,0.88154624,0.88154624,669.369360749694,0.0040906058827446,6.648074515599095,0.9624073591354403,-1.8804021992479294,-1.2943245480393415,923.6929433495625,0.004871302572519767,6.871541336917311,0.994757494931094,0.011659977342602268,-1.31430257445159
939,-0.88766044,0.88766044,531.9706145105106,0.006023003541618228,6.468357493799015,0.9363906555114866,-1.7371090310106476,-1.1544020884422892,961.8075595481092,0.0020890304804003557,6.88851093526486,0.9972140959052458,0.00911555418929666,-1.184004491294326
940,0.82227736,0.82227736,1000.0,0.0010000000000000002,6.907755278982141,1.0000000000000007,-1.460626742757257,-1.0771538565083434,978.2674631674371,0.0020216004106287824,6.896909638386628,0.9984299327122216,0.0016563559617708279,-1.1089105378010184
941,0.05676375,0.05676375,963.5260044003002,0.0016560921649354553,6.88898830836146,0.9972832027391333,-0.3655214279070105,-1.1553904797501775,988.7247624338021,0.0014566486486799115,6.902085549179956,0.9991792225443435,-0.005724667602876821,-1.1661263401937485
942,0.1286949,0.1286949,872.6296094628979,0.002443348287856976,6.837819922670149,0.9898758202212553,-0.3573339053542375,-1.2192158826437889,991.4284824706519,0.0013449884813237698,6.903439867790851,0.9993752802441603,-0.006727444314159392,-1.2193211694810673
943,0.08954781,0.08954781,744.2715257524665,0.003659968415634749,6.752195030477862,0.977480347490365,-0.31005830406218937,-1.2879219287219272,989.5298953244771,0.0013743786326308718,6.902475755131588,0.9992357106415434,-0.004926015528064376,-1.2861066842236786
944,0.21856674,0.21856674,630.4767192617713,0.004843481859189723,6.656689633684735,0.9636545252172865,-0.3569238578643974,-1.3522442557345735,992.8024492096829,0.0012943851818655032,6.904141643566351,0.9994768726931047,-0.00044938025653529223,-1.3385722244091935
945,-0.34472147,0.34472147,565.7207240467392,0.005316896947946631,6.586614655308143,0.9535101330744719,-0.48969385420812017,-1.3853006846838363,996.8277668717177,0.0011965739348747044,6.906166618542989,0.9997700178458867,-0.002811947188825492,-1.3715562773588572
946,-0.87984396,0.87984396,734.1430105259212,0.0045020702351528255,6.739323804808451,0.9756170467291794,-1.7923823387746314,-1.2025719700292048,943.168510413904,0.00306423505683779,6.880113930633068,0.995998504979878,0.01881631034737996,-1.20913812884988
947,-0.23542767,0.23542767,674.7926070237436,0.005077966613640577,6.682453659500286,0.9673842499650553,-0.4068734798748199,-1.2660600693201158,992.9978238671976,0.0013324484959247047,6.904233463772709,0.9994901650294208,-0.004069021272884221,-1.2617656948258542
948,0.16523511,0.16523511,603.6417918355119,0.0049901248341864555,6.604016320248549,0.9560292820943211,-0.3281492144615381,-1.3304871936928224,991.2647919258527,0.0013689977549626233,6.903366935576738,0.9993647222247796,-0.0043209044737926305,-1.3142104756990391
949,-0.3851779,0.3851779,566.4786272149618,0.005402550157101441,6.556851696871295,0.9492015035363922,-0.56024220336037,-1.353932385707306,997.6578353571829,0.0012342195925373655,6.906587704874975,0.9998309763360156,-0.0025774387824428757,-1.334199467070189
950,0.3738281,0.3738281,527.3239324031052,0.0059152451858118064,6.50413530561704,0.9415700242605336,-0.5375152590359198,-1.3757989030882234,997.8017741258828,0.0012040487185061904,6.9066551050981175,0.9998407335176788,-0.0021707148449570113,-1.35941477675527
951,-0.04826487,0.04826487,1000.0,0.0010000000000000002,6.907755278982141,1.0000000000000007,-0.22471639333696825,-1.4426059917496832,989.6416077649993,0.0013301030203348358,6.90253599502269,0.9992444312589754,-0.0033816388038285794,-1.4458248716986424
952,-0.45810298,0.45810298,996.6048918741224,0.001044247737946653,6.905960829339298,0.999740226807354,-0.6815740659418736,-1.4305723337378424,998.2559712560156,0.0011981403557193653,6.906861056372172,0.9998705480182997,-0.001535732980568305,-1.4300472249063056
953,0.05903199,0.05903199,956.5089553366279,0.0015181734853889457,6.884206537170236,0.9965909704584424,-0.19705046313850794,-1.50452589511302,989.5663246712819,0.0013664744329201107,6.902520629374711,0.9992422068535992,-0.0037741425185657818,-1.506483959073258
954,0.1705544,0.1705544,868.0121110781758,0.0023370175646221106,6.831625904813332,0.9889791442959133,-0.22604991916875594,-1.5766908833640345,991.9181649059592,0.0012924218530066486,6.903687118729141,0.9994110734835419,-0.001386563856624612,-1.5847164000458855
955,0.19081457,0.19081457,756.6176301635004,0.0036905927920511477,6.755470932165001,0.9779545828323589,-0.22046717526840443,-1.635988901083451,993.0204951946399,0.0013154905439983265,6.904261393755414,0.9994942083085436,-0.001253803360674155,-1.6500134268607154
956,-1.15456731,1.15456731,810.569952268729,0.0027723948191474496,6.778578513248213,0.981299747817216,-3.1424659280724025,-1.2268942184251324,762.5530823856616,0.01044218746876036,6.797578117460617,0.9840502222398135,0.029888258726312067,-1.217564055092905
957,-1.33583919,1.33583919,1000.0,0.0010000000000000002,6.907755278982141,1.0000000000000007,-3.123320099108999,-0.9141679859361861,829.8625732604062,0.004263844385080255,6.81731836719479,0.9869079160834614,0.008141775852690714,-0.9281470802107982
958,0.43333993,0.43333993,991.761059316282,0.0011318842860736367,6.903493840927616,0.999383093655983,-0.706603909577189,-0.9494523422933936,997.1834558880281,0.0012343236331186435,6.906344049511707,0.999795703609431,-0.004381191421773067,-0.9516232852789919
959,-0.61167206,0.61167206,988.3329883876697,0.0011559664538467026,6.901517871396498,0.9990970427680586,-0.9614917694759804,-0.9426056660952123,998.7380285556845,0.0012556567027519477,6.9071280149536385,0.9999091942312422,0.0011760835285752336,-0.9512734142005571
960,0.3991265,0.3991265,963.2553457205228,0.001292086792181369,6.887121402427754,0.9970129404240529,-0.6611752016116732,-0.9836906454773975,996.4878755126672,0.0012249349575411807,6.9059932707224725,0.9997449231785867,-0.002884433334527259,-0.9812731896425775
961,0.38501821,0.38501821,924.0830918233155,0.0015044350871655401,6.863041621222678,0.9935270350564521,-0.6356286319819828,-1.023214707027986,996.4362061973036,0.0012456962824390443,6.9059704576742025,0.9997416206515936,-0.003355000831033017,-1.022093599209899
962,-0.4120198,0.4120198,880.7757308563312,0.0016900965582182085,6.8340680985281095,0.9893326880472689,-0.6596712499642932,-1.0584152386939811,997.2395357628035,0.0012143430143489232,6.906366315668011,0.999798926965703,-0.00457991839462224,-1.041448541922093
963,-0.34217788,0.34217788,815.3817561528249,0.0020777308067845123,6.787286692662619,0.9825603859062493,-0.567000416425647,-1.1055806189689523,995.4540336824587,0.001264316679831094,6.90547297586466,0.9996696027833497,-0.003406078480880481,-1.0907412396488247
964,0.26760567,0.26760567,724.9412040176736,0.002830028809750069,6.716001722423717,0.9722408295004517,-0.4745607437146777,-1.1638713445177622,993.4752929103512,0.0012677208186072696,6.904486216106458,0.9995267546773661,-0.0010870165561041034,-1.1580506919182647
965,-0.13160736,0.13160736,602.0577792662764,0.004270716612077862,6.6037823474103305,0.9559954110568033,-0.34510704824586114,-1.2543315882864774,990.6245399955392,0.0013434930946232728,6.903061449822162,0.9993204986322755,0.00041836664610528373,-1.2434982537468948
966,0.40278841,0.40278841,556.3231633223991,0.004651410283292278,6.547498081895173,0.9478474290797332,-0.6008684482556728,-1.2867947765870311,997.9313162350479,0.0012309237258838403,6.906719080911467,0.9998499949652497,-0.0022737155966199296,-1.2669805042724387
967,0.46055807,0.46055807,537.9063002865855,0.004770539174407071,6.516563874497113,0.943369243888057,-0.6974028169578261,-1.2950776965173874,998.1066640758427,0.00137336309165834,6.906816515631185,0.9998641000856229,0.0003497813127273375,-1.2780668148797827
968,-0.34029862,0.34029862,1000.0,0.0010000000000000002,6.907755278982141,1.0000000000000007,-0.49826322471811935,-1.3290868725118563,996.8168657952895,0.0012211812947819818,6.906162839944527,0.9997694708377329,0.00013727878130875837,-1.3290588201037286
969,-0.22807174,0.22807174,971.711399671838,0.001427862631298338,6.89295222919649,0.9978570390542516,-0.3499266538286694,-1.3975833421738753,993.2655317685313,0.001313150178147998,6.904378372940885,0.9995111427801262,-0.002740406430064901,-1.3879769630100456
970,0.02508305,0.02508305,870.3168117745399,0.0025727623815059333,6.834476793703804,0.989391852733797,-0.20292882240387833,-1.483634871711719,988.9076769562301,0.0013846930508513017,6.902169638057624,0.9991913956561971,-0.0037738722006359637,-1.4672533253105495
971,-0.53925582,0.53925582,901.083628441862,0.001836312800487686,6.849350870579037,0.9915450959039033,-0.8764226042786794,-1.4388769411852405,995.9889887272993,0.0013642893487689023,6.905740080985895,0.9997082702100966,-0.002525617809935099,-1.4230830446702838
972,-0.4451919,0.4451919,882.5115271035785,0.0018981118613076676,6.835155018400947,0.9894900358149503,-0.6572530607744094,-1.4449766621900273,998.1953482991049,0.0013844555255423821,6.906859100264311,0.999870264842683,-0.001164886079831895,-1.4147024279492761
973,-0.21797554,0.21797554,807.1311407581362,0.0022904112924300446,6.779088613160431,0.9813735923429144,-0.29899159683453735,-1.5029231067914233,993.2832621040639,0.0014083416911006984,6.9043932870809055,0.9995133018230306,-0.003707519520725455,-1.4750511888952724
974,0.46211303,0.46211303,798.922345146958,0.0021913907831853366,6.769239892290817,0.9799478439670882,-0.6926756754097001,-1.481264026563297,997.5808419324965,0.0015252701362290936,6.906553353638687,0.9998260034852267,-0.0020194833125959377,-1.4501267740482944
975,0.0585801,0.0585801,701.395441698852,0.002960551321930642,6.683904974356545,0.9675943493095811,-0.17548992130036822,-1.5482812397004593,989.9449598379,0.0014419874991677055,6.902695162470954,0.9992674731071352,0.000623171230418329,-1.5491101070545916
976,-0.14052931,0.14052931,602.4042882929028,0.004151055528322698,6.583150845731859,0.9530086952793573,-0.17978343617039005,-1.624416892565773,991.436431483288,0.0013013410385582704,6.903443283889137,0.9993757747750388,-0.0008113479293401227,-1.6255154970202341
977,-0.23081812,0.23081812,524.6418712579282,0.0054279617088691,6.488932147635852,0.9393691417209559,-0.25034494487034564,-1.6696848430009166,994.8676859815124,0.0012185599189438485,6.905171940666906,0.9996260234749353,-0.0022145148340158016,-1.6913377057869114
978,-0.2988013,0.2988013,1000.0,0.0010000000000000002,6.907755278982141,1.0000000000000007,-0.3428199838657191,-1.709160314696557,997.1604399292924,0.0012554071228986921,6.906333467135806,0.9997941716536113,-0.0007763132172611265,-1.7231624510845416
979,-0.14637386,0.14637386,963.5335598045162,0.0017138375647310796,6.888922306490313,0.9972736479896551,-0.12120238377894754,-1.7725584793885405,992.1205823191647,0.0012962761890912098,6.903808949475819,0.9994287102905447,-0.002023899596444778,-1.7968791461797096
980,-0.16632291,0.16632291,873.2946224413264,0.00265050976105444,6.837917220051091,0.9898899054598043,-0.11367577610067947,-1.837884091956044,992.9453552944208,0.0012850265877426773,6.904222621499466,0.9994885954496072,-0.004765240471673593,-1.865727641771186
981,-0.06163393,0.06163393,725.8294952105617,0.004285380252431333,6.739460844221236,0.9756368852161047,-0.004447570980022242,-1.9049982942210968,990.300670643801,0.0013123677164504873,6.9028599478093415,0.9992913282281887,-0.006253425419176395,-1.944592280420522
982,0.12290209,0.12290209,578.4660173176202,0.007128676515016786,6.612568448910239,0.9572673295230874,-0.012508158358392585,-1.9747649774450353,991.4329466185116,0.0013408840607872122,6.903456235001899,0.9993776496406411,-0.005496979444336247,-2.0188369395867287
983,-0.02346248,0.02346248,1000.0,0.0010000000000000002,6.907755278982141,1.0000000000000007,0.0733846227494297,-2.050394225022495,989.344915918018,0.0014114829320166767,6.902393304169476,0.9992237746422524,-0.01003924259253619,-2.108444736877963
984,0.20934382,0.20934382,980.5756878891373,0.001258062866536338,6.897556684806214,0.9985236022754087,-0.08474360070394038,-2.073223662237053,995.7287326035231,0.001226689525085186,6.9056174522839475,0.999690517887237,-0.003100104672944859,-2.14337002299445
985,-0.0812035,0.0812035,893.6958419547364,0.0023283020074380567,6.848792333049115,0.991464239314843,0.09550609704145252,-2.1349516087066864,990.5776574718926,0.00134766950976035,6.903013179133629,0.9993135107343863,-0.006058890161203756,-2.2196889481723483
986,0.46414159,0.46414159,948.7210736556132,0.0015497470381057715,6.878495419416478,0.9957642014831234,-0.8142091386475023,-2.020024234402208,980.1884147317669,0.0027346437289368685,6.898379757243028,0.9986427542145803,0.00899742931767733,-2.0780003393990776
987,0.19507409,0.19507409,901.0852297750586,0.0018039694751906044,6.847525705551423,0.9912808762038847,-0.06523726793529949,-2.0513700269391992,995.127078751981,0.001258705135154464,6.905319040934499,0.9996473184197694,-0.0015260450195961894,-2.1110103853761455
988,0.04903464,0.04903464,803.7496972883774,0.0027787924950984744,6.779258483829581,0.9813981836409975,0.10242520501472452,-2.1088114402324982,989.4848842184325,0.0013598563752092064,6.902455589748289,0.9992327914033127,-0.0028128482592002513,-2.182761067351315
989,0.12784853,0.12784853,692.8206632983507,0.004037519163867186,6.690436662913587,0.9685399080755258,0.06672758463926876,-2.1643190982517675,992.3788589276555,0.0012819172816212507,6.903911689163999,0.999443583383761,-0.005481722295959557,-2.243145965991476
990,-0.15231076,0.15231076,585.0627963053867,0.005404395453177441,6.586925217402857,0.9535550915424795,0.051246524248840686,-2.2031033680647747,993.8466539008114,0.0012887833802649904,6.904665234383991,0.9995526702273968,-0.003592668614816219,-2.285885405633892
991,-0.07033539,0.07033539,1000.0,0.0010000000000000002,6.907755278982141,1.0000000000000007,0.16286187209688663,-2.2573107570888764,990.0825961192371,0.0013368104941432536,6.902758301507928,0.9992766134189188,-0.0015962353446550281,-2.3561086904987123
992,-0.07805335,0.07805335,955.9925302794779,0.0017787455397146191,6.88492637502998,0.996695177661893,0.18485858494679075,-2.3219860625313897,990.3177360208095,0.001380843724828253,6.902901761466404,0.9992973813750321,-0.003906633206111287,-2.4191385214597547
993,-0.2148523,0.2148523,906.0641634437626,0.0019151635635380056,6.85541360455065,0.9924227665402763,-0.022711017315177884,-2.3312295213713297,997.3950095262163,0.0011686094431494901,6.906445084082156,0.9998103298615735,-0.00023375703573158546,-2.42901219573385
994,-0.36698223,0.36698223,933.4651754896639,0.001707821255535655,6.869372890663127,0.9944435801835954,-0.5062878099051904,-2.256123244024247,994.0387263939793,0.0013919802205154422,6.904757132010788,0.9995659737714694,-0.0016399320519715488,-2.325933958261818
995,0.15522579,0.15522579,866.9568334659015,0.0020731210276288404,6.82486340244353,0.9880001718082257,0.08173224899687437,-2.2911638071583136,994.517308934064,0.0013348386015635762,6.905002195735154,0.999601450379205,-0.001864145789188143,-2.36024641745675
996,0.28596695,0.28596695,843.4792931597528,0.0020462771209816587,6.805602623175043,0.985211888423739,-0.22018744784171052,-2.269198151804106,998.2408626782,0.0013045031978539186,6.906883299826736,0.9998737680881583,0.0010261269872477996,-2.33370976349058
997,0.11945553,0.11945553,753.3075662048254,0.0027153952956095353,6.733003316616727,0.9747020623476459,0.14151220826493205,-2.314680013257953,992.3208840155494,0.0013738439809900694,6.903911400026699,0.9994435415268498,-0.0023327647125279682,-2.3683060866202927
998,-0.02913292,0.02913292,631.8123790097878,0.004284325260070941,6.621262354031963,0.9585259011966056,0.23847635252391264,-2.3728357837511425,989.0192974074463,0.0014030466207579034,6.902222590256767,0.9991990612721612,-0.0029296117505177577,-2.428194709345931
999,0.69038763,0.69038763,781.3587702351682,0.002774082297717331,6.762937265571784,0.9790354452985642,-2.115322657782908,-2.03645494125794,877.4462064879102,0.004772446747234924,6.846506798561275,0.9911333743094201,0.00084327632542891,-2.057646018949975
