section,t,y,h_true,q_true,h_mean,h_std,h_q05,h_q95,q_prob,vol_mean,detected,y0,y1,y2,h_common_true,h_common_mean,h_common_std,vol_common_mean,parameter,value
svj_filtered,0.0,0.6267127804985572,-0.8119842132930288,0.0,-0.9795369055494917,0.5523586440366949,-1.9051926664865506,-0.05241159682361973,0.030118913369981147,0.6127682625500863,0.0,,,,,,,,,
svj_filtered,1.0,-0.5536802853902336,-1.1102799651923134,1.0,-0.959822356611328,0.5178442570019531,-1.7998602648869546,-0.11682942752469205,0.045777519141224875,0.6188383556363822,0.0,,,,,,,,,
svj_filtered,2.0,0.44662226083729206,-1.1094917398621873,0.0,-1.0047463768755405,0.5081378345290348,-1.8454579852817357,-0.18498048139538115,0.02394669741249769,0.6050929548109406,0.0,,,,,,,,,
svj_filtered,3.0,-0.4966860525730846,-1.0963023830321392,0.0,-1.005581512448213,0.5016335064805224,-1.8410637036395108,-0.19624907704247774,0.04592219664683768,0.6048403402307986,0.0,,,,,,,,,
svj_filtered,4.0,-0.02971018092827681,-1.0381006939288002,0.0,-1.1483655351362345,0.48420159185860195,-1.95188865765193,-0.36718414958641576,0.02953366565547487,0.5631649174330474,0.0,,,,,,,,,
svj_filtered,5.0,-0.09074391211513207,-1.0646870276427254,0.0,-1.2952004007733187,0.4994603140536321,-2.057544945640321,-0.42830188553086135,0.02469916037161152,0.5233000864582283,0.0,,,,,,,,,
svj_filtered,6.0,0.2080160902610493,-1.1269955901379096,0.0,-1.3815706755531334,0.5122730317251053,-2.1614523217997856,-0.45360003217622974,0.018773034563341725,0.5011823170655938,0.0,,,,,,,,,
svj_filtered,7.0,-0.23906534629002438,-1.061275830694374,0.0,-1.4428605267320624,0.5135487057904359,-2.2095033543395184,-0.5467180455895966,0.025927042972546888,0.4860565696658438,0.0,,,,,,,,,
svj_filtered,8.0,0.6396531266707175,-1.1362739651342733,0.0,-1.340993184586432,0.4866567172356675,-2.0711278145537717,-0.47675585850694224,0.031010915660721648,0.5114545303346653,0.0,,,,,,,,,
svj_filtered,9.0,0.36622393704304823,-1.1492778648284765,0.0,-1.3959401431650624,0.47815752532677436,-2.1240882367233,-0.5723524405713435,0.03032163525847202,0.4975943602209397,0.0,,,,,,,,,
svj_filtered,10.0,0.3239981097516221,-1.0333114032031059,0.0,-1.468603031084501,0.4578023019163739,-2.1740188602792325,-0.7165709258502333,0.024561340670957405,0.4798405030833235,0.0,,,,,,,,,
svj_filtered,11.0,0.12416105165597852,-1.1321385172003169,0.0,-1.5489691241310306,0.4401982125180704,-2.248594251914719,-0.8046030476764376,0.02008392652645491,0.4609413064137991,0.0,,,,,,,,,
svj_filtered,12.0,0.04104086549355571,-0.997460044992079,0.0,-1.6130715163654905,0.4514417852658491,-2.385791635445895,-0.8424194721761502,0.01552261126829169,0.4464018345882644,0.0,,,,,,,,,
svj_filtered,13.0,-0.19838485411757073,-0.954168333838819,0.0,-1.68862190126908,0.4308162762772773,-2.3981894043002745,-0.9586299361582973,0.02017440671425461,0.4298534464338291,0.0,,,,,,,,,
svj_filtered,14.0,0.8949721830233712,-1.0260991819675738,0.0,-1.3401852625679913,0.3545021777984415,-1.9156979096079638,-0.7661399918688987,0.055865879786240136,0.5116611797592545,0.0,,,,,,,,,
svj_filtered,15.0,-0.18795298314854506,-1.1551908738625332,0.0,-1.3816835848170415,0.37575287766192184,-1.9493120859452502,-0.7318712816327306,0.020557385183686952,0.5011540238009924,0.0,,,,,,,,,
svj_filtered,16.0,0.4517820653556391,-1.1261221878809065,0.0,-1.4092047364136655,0.37630868458396577,-2.015922440090979,-0.8144328825638291,0.02017732325014284,0.4943050866017314,0.0,,,,,,,,,
svj_filtered,17.0,-0.10632940209068648,-1.174647283081745,0.0,-1.4880905819068468,0.3807505160645279,-2.078572003775096,-0.8478314089676071,0.023961273917428364,0.47518774949253817,0.0,,,,,,,,,
svj_filtered,18.0,0.2517742860691453,-1.3607608130899809,0.0,-1.5361243616217826,0.376564362068855,-2.1249023909445577,-0.9143023210323696,0.022348296244560917,0.4639111738218129,0.0,,,,,,,,,
svj_filtered,19.0,0.08159091456962746,-1.3285741282866967,0.0,-1.6021708072613423,0.3491582288509069,-2.1249929274550614,-0.9727842659072787,0.019945751436366465,0.4488415254099287,0.0,,,,,,,,,
svj_filtered,20.0,-0.3587818363253958,-1.2248783453429952,0.0,-1.6095287669394183,0.38013874359025945,-2.221358820527938,-0.933920266162987,0.029019747530267946,0.44719328027639854,0.0,,,,,,,,,
svj_filtered,21.0,0.2577300135455221,-1.272590071967466,0.0,-1.6373700009530328,0.39190193157451697,-2.281744650959266,-0.9741099291833493,0.020146303235165766,0.4410112028912129,0.0,,,,,,,,,
svj_filtered,22.0,0.22908608743960118,-1.3348227208388508,0.0,-1.6638055290415947,0.42305995704614296,-2.3261112917142834,-0.950799236857503,0.01926452289709696,0.435220376070802,0.0,,,,,,,,,
svj_filtered,23.0,-0.043207449237637745,-1.2249702728677672,0.0,-1.7160028228969464,0.41558214832014306,-2.383031539644595,-1.0048929733548682,0.01889626696848213,0.4240086549042563,0.0,,,,,,,,,
svj_filtered,24.0,-0.4778694818799639,-1.4713213297754386,0.0,-1.664206504256832,0.4012428331590772,-2.3003513648490115,-0.9477438165928156,0.05302642452499055,0.43513312852513475,0.0,,,,,,,,,
svj_filtered,25.0,0.6460765351082898,-1.3972155558736599,0.0,-1.5171799948791787,0.38445921752847745,-2.1259843994927845,-0.8516564551933525,0.026233441324375197,0.4683263029734851,0.0,,,,,,,,,
svj_filtered,26.0,-0.10006027862906322,-1.4387386848566641,0.0,-1.5795380535529153,0.39536555339054097,-2.193028757530431,-0.8860302088219987,0.021545475158011272,0.4539496333846412,0.0,,,,,,,,,
svj_filtered,27.0,-0.7886216557886495,-1.5680798325475513,0.0,-1.3409062512734393,0.35591481382221707,-1.917373232479504,-0.7362427329737804,0.08066221463175542,0.5114767620362142,0.0,,,,,,,,,
svj_filtered,28.0,-0.6879109981074133,-1.4858738910392462,0.0,-1.2173459590193185,0.35174935255027273,-1.79383227056478,-0.6287905103589351,0.05006950016446993,0.5440723854388244,0.0,,,,,,,,,
svj_filtered,29.0,0.010528227526804834,-1.4604782481509884,0.0,-1.274721245018049,0.3643038262934408,-1.8638974227429692,-0.6771310698585269,0.02075128035059047,0.5286859860573371,0.0,,,,,,,,,
svj_filtered,30.0,0.09807435819569722,-1.2063970670083215,0.0,-1.3406981033243743,0.3687193812826515,-1.9234611324550643,-0.7044329738663239,0.021302274149634044,0.5115299962258191,0.0,,,,,,,,,
svj_filtered,31.0,0.199092932158006,-1.1672056524023071,0.0,-1.3894115862840266,0.3885700694225598,-1.987265761681754,-0.7244304000396975,0.020293728003289033,0.4992213007118595,0.0,,,,,,,,,
svj_filtered,32.0,-0.5783325120884389,-0.9426940491473037,0.0,-1.3501165920954694,0.39352147191267317,-1.967056851105367,-0.7014592124425862,0.024944153790505644,0.5091267396656982,0.0,,,,,,,,,
svj_filtered,33.0,-0.13459061236292,-1.0028846981462498,0.0,-1.41706980834485,0.39880039021374636,-2.038320974160186,-0.7593760976745095,0.018541818663005926,0.4923650312396579,0.0,,,,,,,,,
svj_filtered,34.0,0.454618940232399,-1.223419101377261,0.0,-1.4009234093745053,0.4090965901047334,-2.065175536350081,-0.7417186335465685,0.022422607507122175,0.49635608094973044,0.0,,,,,,,,,
svj_filtered,35.0,-0.6255522387133392,-0.9172068945821754,0.0,-1.3287279190174752,0.3761360474722611,-1.9442005594955456,-0.7103904575826387,0.048767088322327734,0.5146007305399324,0.0,,,,,,,,,
svj_filtered,36.0,-0.22349525935120756,-1.2394976298544065,0.0,-1.4124948010796077,0.38189706715872646,-2.040845853447789,-0.7876310700871174,0.022565681884135637,0.493492607212575,0.0,,,,,,,,,
svj_filtered,37.0,0.08100342954899883,-1.3241272208177455,0.0,-1.4431583553067364,0.38858129142273773,-2.0449533254459014,-0.7956974614360314,0.02314812553107877,0.4859841942871643,0.0,,,,,,,,,
svj_filtered,38.0,-0.24907216311321048,-1.3381986297490163,0.0,-1.4866069260450026,0.40742467760775264,-2.1095218516209204,-0.7838484470257367,0.027100473777284303,0.4755403878198525,0.0,,,,,,,,,
svj_filtered,39.0,0.5038527508729448,-1.3361200534792939,0.0,-1.4620355150317306,0.3853212106142932,-2.0437031553690703,-0.7778089786575177,0.023886077466581033,0.4814187730969049,0.0,,,,,,,,,
svj_filtered,40.0,-0.359969038496763,-1.4009307916557878,0.0,-1.4723049707834155,0.3852789716094282,-2.0855791289620105,-0.7972771833689696,0.031714409237057394,0.4789531542608707,0.0,,,,,,,,,
svj_filtered,41.0,-0.528913922762155,-1.0696324080408395,0.0,-1.3919931507602106,0.3878068706823983,-2.007366432540933,-0.7331822139799963,0.03707948941732504,0.4985773304261377,0.0,,,,,,,,,
svj_filtered,42.0,-0.02563245803405812,-0.9278074838684777,0.0,-1.4796476542107257,0.4041147837260643,-2.107747387051351,-0.8217440626751713,0.021806119694686765,0.47719797746510395,0.0,,,,,,,,,
svj_filtered,43.0,-0.7329626861685478,-1.028191413666832,0.0,-1.2656514990887664,0.39195683535165254,-1.8721617070186367,-0.5989835162240191,0.07070326122223744,0.531088954302057,0.0,,,,,,,,,
svj_filtered,44.0,0.08697348003415481,-1.2190363074047699,0.0,-1.2925975726409267,0.37490591740403617,-1.8621476803211499,-0.6581540508737155,0.024066768454986558,0.5239815598949618,0.0,,,,,,,,,
svj_filtered,45.0,0.11859167668001955,-1.2302609670991091,0.0,-1.3295991057794403,0.3854516809373862,-1.9572061898941673,-0.6811854852324656,0.019699303912045205,0.5143766226813539,0.0,,,,,,,,,
svj_filtered,46.0,0.8077736881413752,-1.2849922227111963,0.0,-1.2175195065087339,0.3612086726090206,-1.7895579484727366,-0.5750508006173095,0.03918433039050154,0.5440251762888347,0.0,,,,,,,,,
svj_filtered,47.0,0.8841388732744909,-1.2489572904465744,0.0,-1.0850185546522397,0.34594270919842635,-1.6401038553993859,-0.48334894245203675,0.04419536875922218,0.5812878084931334,0.0,,,,,,,,,
svj_filtered,48.0,0.8940047695081963,-0.9829387136156826,0.0,-0.9917257964826418,0.34807476775146856,-1.5155980563888272,-0.3600966979628825,0.04368886497258206,0.6090451365084109,0.0,,,,,,,,,
svj_filtered,49.0,-0.22210092010857418,-1.1495074045137352,0.0,-1.0618542621644687,0.35418756621504666,-1.633876371909371,-0.42945318268475985,0.026926642521795024,0.5880595086118352,0.0,,,,,,,,,
svj_filtered,50.0,0.7936656220058161,-1.1457904623863338,0.0,-1.0186838889578687,0.34290587566548275,-1.5845050955667055,-0.43204416044664373,0.04475121471433845,0.600890868290226,0.0,,,,,,,,,
svj_filtered,51.0,-0.02771967127590993,-1.1278290124794819,0.0,-1.0610416214208065,0.37216316709963576,-1.6941264873550346,-0.4647192472907913,0.0249389513578939,0.5882984977198168,0.0,,,,,,,,,
svj_filtered,52.0,-0.1788005906793605,-1.2504786826490282,0.0,-1.1152348328163444,0.4022171558478679,-1.8323564616208112,-0.49331974750441954,0.032906753508414315,0.5725716397727856,0.0,,,,,,,,,
svj_filtered,53.0,-0.2785633337981437,-1.1055789408161556,0.0,-1.1468667769853014,0.4040220186643291,-1.8189013330227288,-0.5199853354712181,0.023714867168665284,0.5635870996056948,0.0,,,,,,,,,
svj_filtered,54.0,0.7519727045454037,-1.1515625367459652,0.0,-1.0539089889412545,0.39513445449295564,-1.7187258049319183,-0.4112499713123273,0.04096968782006227,0.5904003018274631,0.0,,,,,,,,,
svj_filtered,55.0,0.13508344818197962,-1.1701915125310713,0.0,-1.1102034856141416,0.41488197715801367,-1.8091677991724546,-0.4664865355329927,0.024917232362504284,0.5740138564443025,0.0,,,,,,,,,
svj_filtered,56.0,0.12915932168368274,-1.1385997633870826,0.0,-1.1868951638203198,0.4101054493498901,-1.8617208573195911,-0.5018900392468939,0.02099223652318389,0.5524194865502478,0.0,,,,,,,,,
svj_filtered,57.0,-0.19684305705414212,-0.7568206648553821,0.0,-1.2505388967984596,0.41001840497241426,-1.9129964233875008,-0.5562676087138685,0.03197732021083155,0.5351172226128041,0.0,,,,,,,,,
svj_filtered,58.0,0.737397298033646,-0.9836323451852711,0.0,-1.161694904352157,0.3792746760842037,-1.7797891912209014,-0.5427268323851976,0.03063455044111834,0.5594240804720494,0.0,,,,,,,,,
svj_filtered,59.0,-0.0941562423530274,-1.0934859504912542,0.0,-1.2171098367254525,0.38660262256966244,-1.8223519773860732,-0.6054082500049764,0.027188327468319437,0.5441366230405718,0.0,,,,,,,,,
svj_filtered,60.0,-0.2833823357904548,-1.250043533755451,0.0,-1.2851418849859015,0.4112635662380948,-1.944119220674732,-0.5888764009084522,0.019377563250731977,0.5259385266857317,0.0,,,,,,,,,
svj_filtered,61.0,-0.7380192789915573,-1.3740713444679258,0.0,-1.1741711824305119,0.3627965720453355,-1.7878033922941494,-0.5662163368928759,0.06115741985796158,0.5559451774980336,0.0,,,,,,,,,
svj_filtered,62.0,1.0901940023754464,-1.0434621373296433,0.0,-0.9475244374553794,0.33067206741522465,-1.5044316864461738,-0.4145548605528511,0.05331331746179925,0.6226552907338789,0.0,,,,,,,,,
svj_filtered,63.0,0.2522223990803552,-0.606398197823693,0.0,-0.9978199716853018,0.3528257523798338,-1.6401422362098381,-0.44584751798550315,0.02296467274509232,0.6071921471684378,0.0,,,,,,,,,
svj_filtered,64.0,0.6496436061111854,-0.3589016052281433,0.0,-1.0164793374081433,0.3652272204234681,-1.6430549755284318,-0.4549800244826293,0.03144263715739276,0.601553580916615,0.0,,,,,,,,,
svj_filtered,65.0,-1.1757639770731751,-0.3129196459013063,0.0,-0.7718279857431714,0.3157705043437771,-1.2860910911320789,-0.24214318692699,0.10908665568070386,0.6798289933054957,0.0,,,,,,,,,
svj_filtered,66.0,-0.46170606442080403,-0.3692581181204669,0.0,-0.8071554494244568,0.3402094791142241,-1.3852564244048513,-0.23917205459582108,0.03740996522886005,0.6679261104167007,0.0,,,,,,,,,
svj_filtered,67.0,0.3001295204593187,-0.317449596195082,0.0,-0.8773893589083452,0.3764294264917331,-1.5300341352567486,-0.2950569936844766,0.0203679339405399,0.6448776439691567,0.0,,,,,,,,,
svj_filtered,68.0,0.2683598242416585,-0.3299528061725495,0.0,-0.9406963795067409,0.3741140203698095,-1.5424659974097206,-0.33753815896653105,0.022372308567443475,0.6247846867790747,0.0,,,,,,,,,
svj_filtered,69.0,0.32153813493880834,-0.36464721174939646,0.0,-0.9803111862267406,0.3741054870390067,-1.6062666713286504,-0.3574698746363113,0.027402381334551987,0.6125310811516301,0.0,,,,,,,,,
svj_filtered,70.0,-0.8671415665794736,-0.4981663768511297,0.0,-0.8448832467893677,0.3667774961568383,-1.4137959104066964,-0.19938541812097263,0.05562661644767723,0.6554445158358487,0.0,,,,,,,,,
svj_filtered,71.0,-1.4758621086128283,-0.33454994258226606,0.0,-0.5035198760000246,0.3322774010668881,-1.0515100183692359,0.0554586088236552,0.1372034043456498,0.7774313473932545,0.0,,,,,,,,,
svj_filtered,72.0,-0.4233811675211594,-0.2153976720710709,0.0,-0.5478125080404539,0.3484470928317294,-1.144986112482819,0.025762360606062774,0.03124846406167038,0.7604033566773511,0.0,,,,,,,,,
svj_filtered,73.0,-0.0936691763082455,-0.19937816125546082,0.0,-0.5865579253926734,0.35348956709930557,-1.1975838917218598,0.023338025100051563,0.02821963237081889,0.7458140573744175,0.0,,,,,,,,,
svj_filtered,74.0,-2.25242659960838,-0.26119342314882976,0.0,-0.14377944421780525,0.35587120511790704,-0.7890744850348412,0.389654990870429,0.3438798728745355,0.9306335184543971,1.0,,,,,,,,,
svj_filtered,75.0,-0.3171014098908218,-0.31888516013081747,0.0,-0.2664714177227355,0.392363230338727,-0.9401802349574943,0.35194144503388713,0.0402249993736771,0.8752587615466692,0.0,,,,,,,,,
svj_filtered,76.0,-1.1347075059327247,-0.6028268726986803,0.0,-0.16999665868434996,0.3609378362510066,-0.798844325671933,0.40716553363508634,0.054438135493532006,0.9185138189224745,0.0,,,,,,,,,
svj_filtered,77.0,-0.8261019517388954,-0.48516786446299165,0.0,-0.2145317871979237,0.36631439824075535,-0.8258026390749782,0.4115024131513957,0.0610953776915878,0.8982867925251552,0.0,,,,,,,,,
svj_filtered,78.0,1.3153017112316407,-0.5507812543824835,0.0,-0.15360726018190823,0.3691493441902788,-0.7439219100959201,0.46462261450749265,0.044363962143830524,0.9260716883656879,0.0,,,,,,,,,
svj_filtered,79.0,0.3616441844314567,-0.387646033404355,0.0,-0.2767439436268932,0.38667650370024836,-0.8978035900172072,0.3701875284067143,0.026063137872320917,0.8707747278421945,0.0,,,,,,,,,
svj_filtered,80.0,-0.6057601289436283,-0.2818184258826656,0.0,-0.3187794887979281,0.4127130355731281,-0.9741561216400021,0.39079007419095346,0.039160952048114095,0.8526639731928414,0.0,,,,,,,,,
svj_filtered,81.0,-0.17644014405159725,-0.15492628291695767,0.0,-0.39089265390212596,0.4042239166600831,-1.0345220424227908,0.3207686659531352,0.025095854492509354,0.8224674867171866,0.0,,,,,,,,,
svj_filtered,82.0,0.7290989648001889,-0.004591430409351088,0.0,-0.3946468480640811,0.3924806713399155,-1.0228819988201834,0.2633350515789208,0.0396025643847091,0.8209250834718729,0.0,,,,,,,,,
svj_filtered,83.0,-0.4527705430586119,-0.27025972584505664,0.0,-0.44309155473902945,0.408660114135576,-1.0785961605671417,0.247621773468914,0.04404823046273555,0.8012792408524617,0.0,,,,,,,,,
svj_filtered,84.0,-0.9810717332177142,-0.06546766907819673,0.0,-0.358459436028146,0.39500020645913786,-0.993449240232536,0.2949362407327037,0.05354042772859317,0.8359138528693894,0.0,,,,,,,,,
svj_filtered,85.0,0.2984911793105193,-0.08858632507441179,0.0,-0.4182783291417902,0.39652503389985194,-1.0435907974751149,0.22975617816684013,0.025732732701388122,0.8112823260303079,0.0,,,,,,,,,
svj_filtered,86.0,0.3132236132826138,0.057368070093825024,0.0,-0.49635702539664805,0.41909120023291113,-1.2017241003313788,0.19721977235521723,0.028415901026058815,0.7802206515519365,0.0,,,,,,,,,
svj_filtered,87.0,-2.101187706876025,0.036452063975897064,0.0,-0.02200880984178509,0.3724237270522108,-0.6843725503816969,0.5547625133270341,0.17984946425187215,0.9890559220526782,0.0,,,,,,,,,
svj_filtered,88.0,1.415733398192685,-0.08330701172204559,0.0,0.03840464739740337,0.34711041616715843,-0.5413910881179151,0.5657760243987922,0.039801784658229394,1.019387874079651,0.0,,,,,,,,,
svj_filtered,89.0,0.7914707012976728,-0.05555430946528551,0.0,-0.01749548907427082,0.35578986385597033,-0.646780422731183,0.5276743361523556,0.024178524146067915,0.9912904056563463,0.0,,,,,,,,,
svj_filtered,90.0,0.280867754736851,0.07638305321702876,0.0,-0.11702932520316403,0.37678340475639893,-0.7587119876653153,0.478849657514387,0.028618023979216183,0.9431644110542942,0.0,,,,,,,,,
svj_filtered,91.0,0.367365664549709,-0.08541022809038928,0.0,-0.19837180248425,0.38616319870070176,-0.8417148155528981,0.39571531521654335,0.03955293641207516,0.9055743449790157,0.0,,,,,,,,,
svj_filtered,92.0,1.5092124228990387,0.03712571578886656,0.0,-0.07075308115667389,0.3283406132148665,-0.6110023801082894,0.4478455484375492,0.05069739520119297,0.9652418950802159,0.0,,,,,,,,,
svj_filtered,93.0,0.800987732973104,-0.10552629000668415,0.0,-0.11594784070616741,0.334490687416288,-0.6569207556893326,0.4341403099884453,0.025956076979404302,0.9436745578151539,0.0,,,,,,,,,
svj_filtered,94.0,1.1453811885783807,-0.13064659297238468,1.0,-0.10768831852901664,0.3304114566825922,-0.6531873715041593,0.44035099021464286,0.039095913184023584,0.9475797665235284,0.0,,,,,,,,,
svj_filtered,95.0,-1.9311234221779758,-0.07360971998459921,0.0,0.09276008240892691,0.318735665222532,-0.43708720400931933,0.6088464553326809,0.1259923071996569,1.047472418001988,0.0,,,,,,,,,
svj_filtered,96.0,1.40396791481155,0.13923672584250985,0.0,0.12240588459000293,0.31888331828621685,-0.41645567402063316,0.649630475647985,0.037043161874554094,1.0631146432217273,0.0,,,,,,,,,
svj_filtered,97.0,-0.7421975464769637,-0.1352793070916042,0.0,0.07050441240576946,0.3397000592962467,-0.49623711882553295,0.5974621058006495,0.03606721007262163,1.0358809314536144,0.0,,,,,,,,,
svj_filtered,98.0,-1.3470428174890792,-0.09527543697630708,0.0,0.1275563462338063,0.33762003784141437,-0.4235843711945679,0.6448226159236193,0.05402726667293849,1.0658559370353482,0.0,,,,,,,,,
svj_filtered,99.0,0.36337086291450593,-0.4689326893619145,0.0,0.03142987137000726,0.3636697504725141,-0.5640284575000201,0.6445973431048666,0.0279080827083747,1.0158390646606723,0.0,,,,,,,,,
svj_filtered,100.0,-1.0480304578897175,-0.37957166474786663,1.0,0.009763868297244368,0.3560690088147684,-0.556757132897062,0.5890145195378749,0.05884996499277627,1.0048938702049135,0.0,,,,,,,,,
svj_filtered,101.0,-0.6113392011301354,-0.28416455199905255,0.0,-0.06624714133058437,0.36616528932601033,-0.6872744558892123,0.5157157943737186,0.050009660764787245,0.9674190075922398,0.0,,,,,,,,,
svj_filtered,102.0,-0.3334200499678631,-0.3325813275137998,0.0,-0.16031858211324787,0.38692226688293696,-0.8065782437255885,0.4847463860429861,0.04737462001098827,0.9229693139192224,0.0,,,,,,,,,
svj_filtered,103.0,0.7231608445902846,-0.274428799328569,0.0,-0.21447570504050212,0.39262073217319776,-0.8456296204002107,0.45434041749457027,0.03000741635177494,0.898311981808975,0.0,,,,,,,,,
svj_filtered,104.0,-1.732978408735321,-0.5951549910068352,0.0,0.057695001223757925,0.350419153641601,-0.5307356984383303,0.6208015666183091,0.12175810288584943,1.02926761982393,0.0,,,,,,,,,
svj_filtered,105.0,0.13875173713366099,-0.7090400072999068,0.0,-0.041834564163650306,0.37971480370158267,-0.6979559789667599,0.5531262604886102,0.031159639761342145,0.9792999668737709,0.0,,,,,,,,,
svj_filtered,106.0,1.0258937605406442,-0.5543861825742907,0.0,-0.06570795917858022,0.37851005452914405,-0.7445198387506443,0.5355096974206133,0.03189228375837981,0.9676798502822923,0.0,,,,,,,,,
svj_filtered,107.0,-1.1223635019451839,-0.5539355983319456,0.0,-0.035664289869978015,0.3525648040160666,-0.6000148244297326,0.5787320171623811,0.06073808482854472,0.9823259068993647,0.0,,,,,,,,,
svj_filtered,108.0,1.2122800953622577,-0.7005376084420352,0.0,-0.026367171188932028,0.372784480793201,-0.6377162599497275,0.5915199486751284,0.030923940154273265,0.9869029372257333,0.0,,,,,,,,,
svj_filtered,109.0,0.3001410522620878,-0.9168487074953302,0.0,-0.1343654766993723,0.38920991074355454,-0.7788840448166822,0.5084513994738118,0.025214880571670498,0.9350243209227278,0.0,,,,,,,,,
svj_filtered,110.0,-0.37831474742416654,-0.9390062438736293,0.0,-0.21843408641411916,0.4001187489502861,-0.8760175191762523,0.45035627691696456,0.049531669629993474,0.8965358093725035,0.0,,,,,,,,,
svj_filtered,111.0,-0.8974552672280689,-1.0209210923134535,1.0,-0.2207272964074804,0.39375331199718094,-0.8599690891707974,0.4416849026709509,0.05043607038474498,0.8955084260477595,0.0,,,,,,,,,
svj_filtered,112.0,0.781760235130675,-1.0486801106845107,0.0,-0.2599816932398269,0.38767221081414643,-0.8674819910251251,0.41294260750639955,0.03006570206485893,0.8781034684985782,0.0,,,,,,,,,
svj_filtered,113.0,-0.19138236043681656,-1.0986376299936322,0.0,-0.36309066759002817,0.3914030415892041,-0.9505933458836038,0.3150062439891156,0.0332474262340618,0.8339804369483136,0.0,,,,,,,,,
svj_filtered,114.0,0.21924388960624877,-0.9284896344072167,0.0,-0.4749759164140083,0.3941461617424851,-1.0752673917699918,0.2329036638736593,0.025062621938925608,0.7886063871587704,0.0,,,,,,,,,
svj_filtered,115.0,0.11643961167144289,-0.6379830613560552,0.0,-0.5563508571239674,0.40365052867939394,-1.167519698197246,0.12820520758907542,0.03202524121361676,0.7571639816742343,0.0,,,,,,,,,
svj_filtered,116.0,-0.0202692249622007,-0.4874075458954158,0.0,-0.6591553407915615,0.4042471762309023,-1.3165292679777054,0.01576851482285846,0.028491366372445988,0.7192274203312005,0.0,,,,,,,,,
svj_filtered,117.0,-1.6506007278965462,-0.4556990877999203,0.0,-0.2661546942276932,0.38346650327878773,-0.8995289757576811,0.37291365448549574,0.15371332861342643,0.8753973800293238,0.0,,,,,,,,,
svj_filtered,118.0,1.4069747777158408,-0.6396357321143639,0.0,-0.1598826901877257,0.3432047617414002,-0.7366582581524119,0.3984960645733052,0.03399496736279545,0.9231704932772616,0.0,,,,,,,,,
svj_filtered,119.0,-0.3194917866309981,-0.4845476546648382,0.0,-0.22859098998451094,0.3559975653347908,-0.8350747680486005,0.34691336613152485,0.03115151149877544,0.8919943370755818,0.0,,,,,,,,,
svj_filtered,120.0,-0.2586380013370916,-0.5426658007309073,0.0,-0.31733976766173977,0.3616438486652551,-0.9381117090442237,0.24328351658581832,0.02854450115765078,0.853277993342909,0.0,,,,,,,,,
svj_filtered,121.0,2.1301923388766473,-0.39680809679882634,0.0,0.031486198257668976,0.29898323532980714,-0.4495691354663943,0.5378528100057869,0.0596149995976325,1.0158676745899862,0.0,,,,,,,,,
svj_filtered,122.0,0.47993279326450516,-0.38144189250107036,0.0,-0.056551045961049616,0.31941966124871723,-0.5639567560093401,0.4424015259058666,0.030103868780509694,0.9721204883652254,0.0,,,,,,,,,
svj_filtered,123.0,0.3508040272289015,-0.40851611488494194,0.0,-0.14777983664002597,0.35091928919308535,-0.7006325481327988,0.41330112258885476,0.03253396707521972,0.9287739292085189,0.0,,,,,,,,,
svj_filtered,124.0,0.5045520991457114,-0.5539912098162588,0.0,-0.22394741132669305,0.36418333279996457,-0.7948945265964259,0.3723765792894513,0.03345838299599136,0.8940677661101174,0.0,,,,,,,,,
svj_filtered,125.0,0.3708257097706108,-0.4045784228548846,0.0,-0.29170644983097027,0.3678623522143503,-0.8997382274542723,0.3041145273097935,0.02465253795782306,0.8642845493132597,0.0,,,,,,,,,
svj_filtered,126.0,-0.2654883380308282,-0.46874202850119995,0.0,-0.36693928580606316,0.3953631187673149,-1.0403790157796347,0.27644502890439066,0.03311214503496576,0.8323771439080305,0.0,,,,,,,,,
svj_filtered,127.0,0.6050914461250007,-0.7833015669147636,0.0,-0.3947127195229062,0.40212839988321153,-1.081572738021419,0.28548968370356664,0.02954213332556101,0.820898046150705,0.0,,,,,,,,,
svj_filtered,128.0,-0.3469425360263438,-0.8977245549000392,0.0,-0.4786049039646341,0.400318756618191,-1.1343499244090913,0.1909775753299337,0.03402685671715562,0.7871767631922326,0.0,,,,,,,,,
svj_filtered,129.0,0.3554357853687016,-0.5377305664159278,0.0,-0.5211706125332969,0.3978658170518696,-1.1871654344530618,0.14777661283200905,0.02830873065910746,0.7706004165274688,0.0,,,,,,,,,
svj_filtered,130.0,-0.058127901487741024,-0.7857424023726164,0.0,-0.5990313495139241,0.4370166280701613,-1.3077666679344635,0.11360750753903007,0.019831204876256035,0.741177104547739,0.0,,,,,,,,,
svj_filtered,131.0,-0.4915458364140961,-0.6735492120479258,0.0,-0.651282588931829,0.4494235462554565,-1.3917339598928902,0.07939967660926275,0.047537674444358524,0.7220641493897462,0.0,,,,,,,,,
svj_filtered,132.0,-2.144866788380212,-0.5486704244249059,1.0,-0.029590137676586012,0.3952740749603073,-0.7175887550887425,0.5797237816618858,0.19876098485239385,0.9853138404244353,0.0,,,,,,,,,
svj_filtered,133.0,-0.36929649667138464,-0.3618426612441238,0.0,-0.12100298930047687,0.4284617420079703,-0.8244731037060135,0.583625275597723,0.039800853868188046,0.9412923621145007,0.0,,,,,,,,,
svj_filtered,134.0,1.4424461063624963,-0.1627305449661934,0.0,-0.005182474638570621,0.375210078065631,-0.6429143456753391,0.6115692910615863,0.03490255063803445,0.9974121170381995,0.0,,,,,,,,,
svj_filtered,135.0,0.4007603572300385,-0.24211420023383332,0.0,-0.10341142958698421,0.37834193568239355,-0.7532183035173685,0.551664461129641,0.03220624296868378,0.9496082813962806,0.0,,,,,,,,,
svj_filtered,136.0,0.8940449544435123,-0.49971463505389546,0.0,-0.13698211988808945,0.3973954916959956,-0.8148814193181445,0.5335875344538628,0.02689649682193967,0.9338018083066234,0.0,,,,,,,,,
svj_filtered,137.0,-0.5337573945403004,-0.8738622417373494,0.0,-0.19605785074884213,0.40897274559321173,-0.8770325972670695,0.4796879318011841,0.03870388335734866,0.906622678974194,0.0,,,,,,,,,
svj_filtered,138.0,-0.10456595234148286,-0.8404964893188874,0.0,-0.29089187509855896,0.42856527005927175,-0.9772915733461512,0.42085606625390837,0.034494276723543695,0.8646366331857913,0.0,,,,,,,,,
svj_filtered,139.0,0.44092922213817626,-0.8147733585463294,0.0,-0.4022268178885243,0.43907475516952066,-1.1122303267650802,0.3432320566479564,0.03416481291127285,0.8178196782281257,0.0,,,,,,,,,
svj_filtered,140.0,1.3899177957882893,-0.7625744671415244,0.0,-0.23736419511311435,0.3923542346505905,-0.8699461922394474,0.43009642681550386,0.04661713501249381,0.8880900818976739,0.0,,,,,,,,,
svj_filtered,141.0,-0.6979362456751478,-0.7827613587851552,0.0,-0.2558011563412373,0.39366169174719734,-0.9003464910443119,0.4261486941507342,0.06019140341802059,0.8799408601258732,0.0,,,,,,,,,
svj_filtered,142.0,-0.5456046189563267,-0.9759492861617618,0.0,-0.3295368420947757,0.40381273660193623,-1.000399146097078,0.3547401928908479,0.03610217896426657,0.8480900811613559,0.0,,,,,,,,,
svj_filtered,143.0,-0.4672847737841155,-0.9872728648247197,0.0,-0.4273859402086615,0.40880527830578206,-1.096731054998422,0.25954476572605534,0.03898294189870355,0.8075963031702976,0.0,,,,,,,,,
svj_filtered,144.0,-0.42629654041888193,-0.8526269942769835,0.0,-0.5246573193915465,0.4247734141186315,-1.2212024527107619,0.20869239583373142,0.026590831369038788,0.7692581580042887,0.0,,,,,,,,,
svj_filtered,145.0,-0.046146693504828765,-0.7747839963242041,0.0,-0.5956235049446099,0.4166822176762491,-1.2886154837340433,0.12658188886707827,0.02620248801877858,0.7424410892931271,0.0,,,,,,,,,
svj_filtered,146.0,-1.0037734391718636,-0.7422351046233209,0.0,-0.4832366762685216,0.3926982909854978,-1.1003305202000673,0.20584378029417325,0.07537672174059004,0.785355860742449,0.0,,,,,,,,,
svj_filtered,147.0,0.2761332675967448,-0.5495401364827955,0.0,-0.5517525093266,0.38031038315952487,-1.1520722701676323,0.12634542614330774,0.02910273424929124,0.7589068361329069,0.0,,,,,,,,,
svj_filtered,148.0,-1.4690635713481477,-0.9245422272582929,1.0,-0.259270770818666,0.348019626841146,-0.8314353890719192,0.34479397052674154,0.13028734597894648,0.8784156557024392,0.0,,,,,,,,,
svj_filtered,149.0,-0.555881044215139,-0.8196464880459454,0.0,-0.3274192073668714,0.35136179138437523,-0.8983626185914692,0.27112710236714316,0.04508579122735733,0.8489885292277546,0.0,,,,,,,,,
svj_filtered,150.0,-1.5545818227077195,-0.7897398381580776,1.0,-0.1130274763645846,0.3409004278492222,-0.6295780385104621,0.4980094002586892,0.12213155491436017,0.9450535010886889,0.0,,,,,,,,,
svj_filtered,151.0,-1.27177614487094,-0.522852815391369,0.0,-0.049186984827277944,0.3397638737010118,-0.5816183236121674,0.5200869820360114,0.08326859713092134,0.9757064635017557,0.0,,,,,,,,,
svj_filtered,152.0,0.5642947731003976,-0.7293276119565028,0.0,-0.12396631029844798,0.3785834018796879,-0.7659330497146349,0.5093046825529775,0.03471639448580328,0.93989871911141,0.0,,,,,,,,,
svj_filtered,153.0,-0.39133049357872735,-0.701198825624682,1.0,-0.2062999714123917,0.40402956387196126,-0.8929481878789709,0.46941617005637304,0.03660327553141594,0.9019916774768075,0.0,,,,,,,,,
svj_filtered,154.0,0.41744994016653003,-0.5189957783147557,0.0,-0.2855190434237964,0.41602009651915245,-0.9837890185498185,0.4201288019619762,0.03031113228951571,0.8669625294943015,0.0,,,,,,,,,
svj_filtered,155.0,0.43634320736307547,-0.4189869326147726,0.0,-0.34051835354194027,0.4272878167838974,-1.0102698043343226,0.38473323892841094,0.03170496428453214,0.8434461866065683,0.0,,,,,,,,,
svj_filtered,156.0,0.33204125691050546,-0.5915635323874893,0.0,-0.4317582414390273,0.4351979902577117,-1.134138612149466,0.30933071733008893,0.028826295487581956,0.8058327044638915,0.0,,,,,,,,,
svj_filtered,157.0,0.16818498864783252,-0.7248064620619705,0.0,-0.5749610419911761,0.4548291036787726,-1.3134069089843992,0.143913323767164,0.0266584123868694,0.7501511788267892,0.0,,,,,,,,,
svj_filtered,158.0,0.021253374268596185,-0.8251587884090459,0.0,-0.6728734415374731,0.44458390971251405,-1.4159396140702587,0.04469796735816939,0.03250584742235287,0.7143110832022656,0.0,,,,,,,,,
svj_filtered,159.0,-0.3593641579078666,-0.7900670076049844,0.0,-0.7496935903510715,0.4752274906150295,-1.5560609452599379,0.0006884111581119401,0.032627736660342126,0.6873945828906276,0.0,,,,,,,,,
svj_filtered,160.0,-1.5710188752090957,-0.8581107457092663,0.0,-0.3106548765376718,0.38522683130848756,-0.9389881110669868,0.30305587897547476,0.13072997466860306,0.8561348002861107,0.0,,,,,,,,,
svj_filtered,161.0,-1.4200517723789003,-0.6207268740862042,0.0,-0.15159313627564394,0.33843570226938435,-0.7076116692392036,0.41548159181385264,0.09420658903129078,0.927004769685403,0.0,,,,,,,,,
svj_filtered,162.0,-0.7930006992397489,-0.6786776642930097,0.0,-0.18011548275322717,0.33848556083319464,-0.7209487004468935,0.4159153059744685,0.04764173325898803,0.9138784151499849,0.0,,,,,,,,,
svj_filtered,163.0,0.5176195787444867,-0.6013831629927477,0.0,-0.2113124208491606,0.35528711612900815,-0.7711391320277032,0.4052376701030774,0.030397557548244726,0.8997339140519713,0.0,,,,,,,,,
svj_filtered,164.0,-0.12189136943507231,-0.30543892081108165,0.0,-0.2844204593744034,0.37992207425662383,-0.9427435189166389,0.3613307514512557,0.030483229835388516,0.8674388759121306,0.0,,,,,,,,,
svj_filtered,165.0,-3.3103717462835234,-0.2339872381414651,1.0,0.2721476533421159,0.4021263152507818,-0.47931575371406127,0.7963879265748061,0.35827678526337364,1.1457664785974335,1.0,,,,,,,,,
svj_filtered,166.0,-0.15507254226269218,-0.2323090155506259,0.0,0.13788256580989222,0.43951386382273505,-0.6846098477479775,0.7647167758788991,0.029365932754394076,1.0713732993735672,0.0,,,,,,,,,
svj_filtered,167.0,0.3185778142626561,-0.0051566034161792396,0.0,0.013422559111046884,0.4664969297786127,-0.8048122892825285,0.7260456930654016,0.03381019066215282,1.0067338506575658,0.0,,,,,,,,,
svj_filtered,168.0,-0.2980975925887524,-0.1653589924934112,0.0,-0.14233243485387226,0.49809969027718143,-1.0239914647659958,0.6488270343089153,0.03292988967192875,0.9313070797952038,0.0,,,,,,,,,
svj_filtered,169.0,-0.2741597120103511,-0.44419262009407345,0.0,-0.2898975096101368,0.5119437362694891,-1.1420509080143286,0.5287364418405192,0.0321632623026071,0.8650666224825959,0.0,,,,,,,,,
svj_filtered,170.0,0.38051677531349476,-0.47310500694401936,0.0,-0.3958726165644877,0.5048648710986651,-1.2190684692287503,0.4054033505124914,0.032659475470874014,0.8204221055669786,0.0,,,,,,,,,
svj_filtered,171.0,0.2051006238921024,-0.5673196611611508,0.0,-0.471947477277576,0.5017476260169189,-1.258114165226051,0.3439135294274433,0.02841425794173858,0.7898014149207012,0.0,,,,,,,,,
svj_filtered,172.0,0.24774138993889683,-0.6873812949317889,0.0,-0.6151247051092491,0.5065161069958197,-1.439710293504604,0.2501415933996438,0.023757263870374083,0.7352370222119391,0.0,,,,,,,,,
svj_filtered,173.0,-0.14087562461759076,-0.3393695136812243,0.0,-0.7713985244854944,0.5022589408834622,-1.6729839953134023,0.08313345221806662,0.028738161396633315,0.6799749890870529,0.0,,,,,,,,,
svj_filtered,174.0,-0.4631419669199242,-0.23667204819066892,0.0,-0.8273537641881602,0.5174082644495034,-1.7590061373007053,0.013224243797999358,0.03033308216608474,0.6612145670187753,0.0,,,,,,,,,
svj_filtered,175.0,1.2737168887982921,-0.32488300768654316,0.0,-0.4956571090439382,0.42132968611966276,-1.1356327266667916,0.2467759307080267,0.041450220443051244,0.7804937439309765,0.0,,,,,,,,,
svj_filtered,176.0,-0.38573544216937616,-0.4139625914283421,1.0,-0.5757594531082161,0.41177114171372725,-1.2216598747249303,0.15727428707701424,0.0389353821674054,0.7498517740724685,0.0,,,,,,,,,
svj_filtered,177.0,-2.0039406090627057,-0.28873566571450837,1.0,-0.05361202944466406,0.3910127001062037,-0.7406747023821091,0.5957092547681494,0.17647501934331156,0.9735500775901613,0.0,,,,,,,,,
svj_filtered,178.0,-0.1447143707790928,-0.6581269976009949,0.0,-0.18244205685885057,0.3891676672812285,-0.8400900168551049,0.43498197788648285,0.027954176237363813,0.912815930329031,0.0,,,,,,,,,
svj_filtered,179.0,-0.04432435388593651,-0.5014383039239256,0.0,-0.26966932415057354,0.41464271406126885,-0.9549805247069202,0.404606088613801,0.03292376121696769,0.873860382006544,0.0,,,,,,,,,
svj_filtered,180.0,0.4667681749150046,-0.3590191115900055,0.0,-0.3730112750302824,0.44307368751263115,-1.0994862376561618,0.3326211580712,0.0264206487699286,0.8298538836243249,0.0,,,,,,,,,
svj_filtered,181.0,0.5711858724581528,-0.4114789556019254,0.0,-0.420374477349448,0.4267076298692784,-1.136849313103347,0.27170842362340614,0.031150917193319937,0.8104324874581942,0.0,,,,,,,,,
svj_filtered,182.0,-0.9078091832497266,-0.5843963040399638,0.0,-0.3602354466832776,0.38354761101730983,-0.9851567247327856,0.26171890137388765,0.050132165030221,0.8351718863985014,0.0,,,,,,,,,
svj_filtered,183.0,-0.6745851624539716,-0.8313861070990682,0.0,-0.40886130707063684,0.3969977759173292,-1.0368913814248932,0.2571061972948847,0.045539369279456385,0.8151112650421994,0.0,,,,,,,,,
svj_filtered,184.0,-0.9780309511886981,-0.8508713644245961,0.0,-0.33531381730121446,0.3940663691358133,-0.9794337909631168,0.29718736803169865,0.05236950574839178,0.8456439180322131,0.0,,,,,,,,,
svj_filtered,185.0,0.46685150611186577,-0.9937781897761483,0.0,-0.41687978756668226,0.41406016621308817,-1.0566439862850747,0.2830600028088384,0.032388444021925464,0.811849830457869,0.0,,,,,,,,,
svj_filtered,186.0,0.032546414621834295,-1.1649889819517985,0.0,-0.5219054793502051,0.43573497068742234,-1.2257159072463149,0.19201161093289404,0.03357758770508697,0.770317324201842,0.0,,,,,,,,,
svj_filtered,187.0,0.09224833244087383,-1.0777284896636254,0.0,-0.5975636223945453,0.4563970593535087,-1.3562232420249514,0.1583661355903142,0.02933797117554189,0.7417212270474599,0.0,,,,,,,,,
svj_filtered,188.0,-1.3914546907952816,-0.9587315266109779,0.0,-0.26331396194742795,0.39552764074963576,-0.9229452670132082,0.3426260806640053,0.11732544094077424,0.8766416482761354,0.0,,,,,,,,,
svj_filtered,189.0,-1.2406483515478162,-0.8097077711649225,0.0,-0.12936124400657545,0.37825856915521017,-0.7360531921807126,0.46813421880813566,0.09232984525751763,0.93736678990325,0.0,,,,,,,,,
svj_filtered,190.0,0.34598749470703827,-0.8005613148788948,0.0,-0.18818671871175305,0.39011214385353377,-0.899191518833987,0.38280353437976283,0.026660234905231523,0.9101977827952935,0.0,,,,,,,,,
svj_filtered,191.0,-0.19445047221449246,-0.8623019799203822,0.0,-0.29519215833018103,0.3971680503865003,-1.0089610385620562,0.31537090782942045,0.034334070284942925,0.8627795392012164,0.0,,,,,,,,,
svj_filtered,192.0,0.6826381337917045,-1.018693106382093,0.0,-0.36173653112928583,0.40559744668238634,-1.0859378132389832,0.24900796993194135,0.032946070587454385,0.8345452898073068,0.0,,,,,,,,,
svj_filtered,193.0,0.24824437107514613,-1.1562598728619993,0.0,-0.4353997098403073,0.3984444004022087,-1.1297131235078357,0.1983372427870155,0.026141099389659934,0.8043668321857312,0.0,,,,,,,,,
svj_filtered,194.0,0.3932955557887823,-0.9641222866195727,0.0,-0.5208021213899047,0.4180527190808012,-1.2154816676867954,0.14879682653371665,0.029425720884388988,0.7707424093221313,0.0,,,,,,,,,
svj_filtered,195.0,-0.35215574354026574,-0.9140799068206696,0.0,-0.6166679685553351,0.4130273500854352,-1.2976851113697514,0.06367471165473398,0.03295004076054327,0.7346699088311214,0.0,,,,,,,,,
svj_filtered,196.0,0.7808240995332244,-1.1086336532620527,0.0,-0.6289547477674096,0.3980223905042754,-1.2478431845739788,0.03664424835783557,0.03457258605150198,0.7301703806780543,0.0,,,,,,,,,
svj_filtered,197.0,0.11894491996621853,-1.06709263113581,0.0,-0.7275214454834119,0.42061664018323996,-1.414181338836411,-0.05191896469207952,0.029151199943892224,0.6950574862969016,0.0,,,,,,,,,
svj_filtered,198.0,-0.704583801694473,-1.2291005577710332,0.0,-0.6943027456216166,0.39918247819276914,-1.3364999182496948,-0.021829288032336337,0.06395657654684353,0.7066983452458807,0.0,,,,,,,,,
svj_filtered,199.0,0.4834707493317992,-1.2299071078103918,0.0,-0.7141553506897156,0.41057381535138243,-1.350274399874982,-0.04676629065410125,0.03040824133980579,0.6997181447754972,0.0,,,,,,,,,
svj_filtered,200.0,-0.11018222980433683,-1.2212930787123601,0.0,-0.7993640402766308,0.426592422997644,-1.4669265917162164,-0.09534441800582072,0.028764355965004457,0.670533228203184,0.0,,,,,,,,,
svj_filtered,201.0,-0.6280639839819816,-1.3770183659592323,0.0,-0.7829036288721768,0.4214510106208179,-1.4437656844065485,-0.07375085077013564,0.039888162044662695,0.6760746267469768,0.0,,,,,,,,,
svj_filtered,202.0,-0.06439943557382881,-1.2890245427983251,0.0,-0.8746008309396971,0.4360569529216502,-1.5343671078647445,-0.15367833856574112,0.029917171943599878,0.6457774007459144,0.0,,,,,,,,,
svj_filtered,203.0,0.022105675880573213,-1.130998598629387,0.0,-0.981544705753348,0.43517457671960685,-1.6355245629626984,-0.2584440775878223,0.03156882226157856,0.6121534131042026,0.0,,,,,,,,,
svj_filtered,204.0,0.20262603525660344,-1.253825439865878,0.0,-1.078943744554699,0.46548382148969086,-1.7855596175123905,-0.33595662455949793,0.02892648833072115,0.5830560991654516,0.0,,,,,,,,,
svj_filtered,205.0,-0.7348726744149636,-1.0531110099291416,0.0,-0.932300658059616,0.41658286982758996,-1.5760397772219135,-0.25050105119026356,0.05778757554965583,0.6274129585762384,0.0,,,,,,,,,
svj_filtered,206.0,-0.3335186591544347,-1.099383669182902,0.0,-1.0055757284880882,0.43434992179231097,-1.672988353359213,-0.2862438331509841,0.030083916279068614,0.6048420894195328,0.0,,,,,,,,,
svj_filtered,207.0,0.18346303325996663,-1.05846943686193,0.0,-1.0674582409164843,0.42424953969567386,-1.7603625493085464,-0.356050091757731,0.022232604245700525,0.5864140784317285,0.0,,,,,,,,,
svj_filtered,208.0,-0.6518245426102017,-1.1170142407754529,0.0,-1.014538105807042,0.41583302478097295,-1.71396648075473,-0.26751173755850527,0.04958357703064988,0.6021377417791509,0.0,,,,,,,,,
svj_filtered,209.0,-1.1699859743630523,-1.185689982132001,0.0,-0.6917731670175133,0.37172697201436083,-1.2901126669543768,-0.06604930248685081,0.12399173856306088,0.707592735240945,0.0,,,,,,,,,
svj_filtered,210.0,-0.056694846242809065,-1.4593960556544177,0.0,-0.7576875697348,0.36933388314340354,-1.3215086660647328,-0.11242038763848161,0.020923422901371183,0.6846525574029072,0.0,,,,,,,,,
svj_filtered,211.0,0.8301610764241196,-1.26348569964551,0.0,-0.7291586682704814,0.3653355114842497,-1.2831449409802862,-0.09222860076650752,0.03854450325889098,0.6944887371434869,0.0,,,,,,,,,
svj_filtered,212.0,-0.43865738085669037,-1.4247482433899017,0.0,-0.7874292123379573,0.3875324870647594,-1.386595128798925,-0.12558180940197936,0.04349820918043211,0.6745465401935794,0.0,,,,,,,,,
svj_filtered,213.0,-0.1618156488717169,-1.4609450968416606,0.0,-0.8829489640036408,0.42719895948375136,-1.5695775859801149,-0.159283303899766,0.0252158368092998,0.6430875007266513,0.0,,,,,,,,,
svj_filtered,214.0,-0.05220231166446406,-1.1613577118267402,0.0,-0.9688185719848269,0.4197674521626165,-1.6384439959493193,-0.2478331047531021,0.023161183833491413,0.6160610051656259,0.0,,,,,,,,,
svj_filtered,215.0,0.482180485212003,-1.1368583065650164,0.0,-1.0130784711098229,0.3980755671997869,-1.652681653163142,-0.3674754832516152,0.028168765673540194,0.6025773527476971,0.0,,,,,,,,,
svj_filtered,216.0,-0.2636109420585824,-1.2388422368607854,0.0,-1.0609794718902856,0.42369543336574567,-1.7969857420532702,-0.3777865809957487,0.033783966601483695,0.588316779241582,0.0,,,,,,,,,
svj_filtered,217.0,0.008087404150219864,-1.0953867657711451,0.0,-1.1660676835754789,0.41230029894871634,-1.862175909780931,-0.47014498370288815,0.025543690616073943,0.5582022976073812,0.0,,,,,,,,,
svj_filtered,218.0,0.39588759380940575,-1.0420376938071956,0.0,-1.1921854350251508,0.395423763127701,-1.8662962447354445,-0.5291898906244531,0.020664627002275813,0.550960192964473,0.0,,,,,,,,,
svj_filtered,219.0,0.046365279118741165,-1.1880794759675248,0.0,-1.296209226114889,0.41907357549539964,-1.98934094055311,-0.6112486039875469,0.019285404568905838,0.5230361938249851,0.0,,,,,,,,,
svj_filtered,220.0,-0.213886063203033,-1.2864630163743414,0.0,-1.3407133842044308,0.42661071879029594,-2.0062090678849,-0.6140982488291145,0.02459974780019443,0.5115260879264909,0.0,,,,,,,,,
svj_filtered,221.0,-0.5091879079046323,-1.365600246123061,0.0,-1.34074219062424,0.4159511522341856,-1.9884544026932245,-0.6155126909458997,0.03449965898400964,0.5115187203619332,0.0,,,,,,,,,
svj_filtered,222.0,-1.0504626051405879,-1.245989837120935,0.0,-0.9494093043657668,0.4299701556388504,-1.5975401119148354,-0.16767507797753534,0.10227417006777392,0.6220687559852353,0.0,,,,,,,,,
svj_filtered,223.0,-0.01504955982627523,-1.2404580359467037,0.0,-1.0552924465422435,0.40736920857932285,-1.6792262381641203,-0.34324759115419823,0.021715866263953172,0.5899920461522514,0.0,,,,,,,,,
svj_filtered,224.0,-2.254486215198167,-1.1994103189417755,1.0,-0.47608340918169956,0.5591432256217412,-1.4746526816291066,0.24018317925325838,0.5095201188456642,0.7881698201084719,1.0,,,,,,,,,
svj_filtered,225.0,-0.21880524585537975,-1.3574265880566296,0.0,-0.6154046090477803,0.5791629839925608,-1.6278332265023008,0.24846251838239175,0.02879272295879891,0.7351341315428475,0.0,,,,,,,,,
svj_filtered,226.0,-0.235778686525969,-1.7219587670388787,0.0,-0.8206895790506255,0.6195277356866868,-1.7591100446489256,0.18465214883229636,0.026737633351051324,0.663421469924378,0.0,,,,,,,,,
svj_filtered,227.0,0.4349091479059737,-1.7615582981159212,0.0,-0.8968817354767255,0.6121405712263296,-1.8009526879083209,0.14769450174574536,0.024138348705525427,0.638623073649865,0.0,,,,,,,,,
svj_filtered,228.0,-0.6119476787678984,-1.8401141450246488,0.0,-0.8611274626113169,0.5772140595844074,-1.6798078443202173,0.10441301949356223,0.022497839347625975,0.6501424857261986,0.0,,,,,,,,,
svj_filtered,229.0,0.6599578802995711,-1.756456964875909,0.0,-0.8760807513801843,0.5598334306206784,-1.6611652894283024,0.14054441167229276,0.038576768786743536,0.6452997279094742,0.0,,,,,,,,,
svj_filtered,230.0,-0.5122099232733274,-1.8270943727238393,0.0,-0.8712060074341503,0.5407426241152433,-1.6421606527864285,0.07922302568788336,0.049386956176852105,0.6468744817312854,0.0,,,,,,,,,
svj_filtered,231.0,0.1620853995590257,-1.7917936043929006,0.0,-0.987430774154441,0.5193179318958033,-1.7370119140785456,-0.05360766122138927,0.022290404443849235,0.6103544731428233,0.0,,,,,,,,,
svj_filtered,232.0,0.49853472544740957,-1.6847024829635946,0.0,-0.9872568249529983,0.49239646109776375,-1.6915530267243426,-0.09927598022817771,0.02882567016504061,0.6104075607880284,0.0,,,,,,,,,
svj_filtered,233.0,-0.9115018182468424,-1.448716144990193,0.0,-0.7106096753056379,0.47241712404431524,-1.4599746841844778,0.08734863725826761,0.06112904904588896,0.7009597317172354,0.0,,,,,,,,,
svj_filtered,234.0,-0.2722457912402183,-1.4829406429347567,0.0,-0.7851754416575072,0.477722606389533,-1.5964260295128734,0.02874002961877234,0.03214344394516627,0.6753071052553473,0.0,,,,,,,,,
svj_filtered,235.0,0.19611008283607226,-1.4933760999391739,0.0,-0.8594248419240866,0.47504309248972826,-1.6423547923882678,-0.050440194357450466,0.026182652286998592,0.6506961944046429,0.0,,,,,,,,,
svj_filtered,236.0,0.2103575546899442,-1.513415216429634,0.0,-0.9353761721682239,0.45055010071494694,-1.6749601421881168,-0.16437512117606237,0.027152586386574164,0.6264488913138201,0.0,,,,,,,,,
svj_filtered,237.0,0.11383850404229262,-1.3232166296046683,1.0,-1.01906023250677,0.45598983078314254,-1.7931176665878814,-0.26171151605118803,0.01974885060922032,0.6007778082269786,0.0,,,,,,,,,
svj_filtered,238.0,0.4118971944015422,-1.4861498070943633,0.0,-1.0872895579481476,0.44011908817047785,-1.8082839768955836,-0.3806159785661598,0.022835297237034452,0.5806281298326376,0.0,,,,,,,,,
svj_filtered,239.0,0.5843032384267508,-1.4398238529622747,0.0,-1.096045439106189,0.442958879395926,-1.8103867456667748,-0.3846725699037056,0.028980201172669535,0.578091730535554,0.0,,,,,,,,,
svj_filtered,240.0,-1.467547483893403,-1.3832252638298397,0.0,-0.6101893547496227,0.3627472624635909,-1.27009800659165,-0.0418280064513758,0.17970267229317166,0.7370535887892392,0.0,,,,,,,,,
svj_filtered,241.0,0.23416413034033678,-1.314295645457187,0.0,-0.6501651147578476,0.3847456892780144,-1.316597853947044,-0.031958954188432254,0.025988037022473952,0.7224677061397594,0.0,,,,,,,,,
svj_filtered,242.0,0.7397720774615535,-1.233237375503452,0.0,-0.6675574498955907,0.39057520792062683,-1.3089718746295549,-0.026959456032408124,0.034926612977324925,0.7162122445964901,0.0,,,,,,,,,
svj_filtered,243.0,0.2131366378538537,-1.2988447739742497,0.0,-0.7603441559388392,0.4104668784514761,-1.3946214482642065,-0.0511357654119666,0.02133665772361209,0.6837437418539646,0.0,,,,,,,,,
svj_filtered,244.0,-0.06499598142959993,-1.047348270980231,0.0,-0.8190600785920421,0.4145745004548637,-1.435078599272092,-0.07994960138543611,0.024270357255141393,0.663962212974465,0.0,,,,,,,,,
svj_filtered,245.0,-1.1946012034654019,-1.0512694332793378,1.0,-0.5352063220170087,0.3995070430723469,-1.1652057147113533,0.17513798857846155,0.10779982260487476,0.7652113865725639,0.0,,,,,,,,,
svj_filtered,246.0,-0.06733061968299872,-0.9110776867028425,0.0,-0.6353284850691783,0.4079658966591606,-1.2685347897965826,0.04982460934791118,0.027354672987121263,0.7278471274996999,0.0,,,,,,,,,
svj_filtered,247.0,-0.6707274510815049,-0.8802770533408323,0.0,-0.6487417928674515,0.4191626741508979,-1.2863827860181436,0.05260481423562424,0.044106874473614166,0.7229820411847604,0.0,,,,,,,,,
svj_filtered,248.0,0.3099215552913073,-0.7181668594302277,0.0,-0.7152777096926284,0.43757421887355563,-1.423508045436456,-0.01257617911579706,0.02315953815962851,0.6993255874537153,0.0,,,,,,,,,
svj_filtered,249.0,0.5295911619692606,-0.6571163827424179,0.0,-0.7541998721336155,0.45989759522260604,-1.501601798173825,0.038924433535036856,0.029033150276214163,0.6858475295665172,0.0,,,,,,,,,
svj_filtered,250.0,0.2438655918526225,-0.6112449235042059,0.0,-0.882209295103829,0.48093273092158584,-1.6345340880680663,-0.06163546941889837,0.02510427948899389,0.643325380624103,0.0,,,,,,,,,
svj_filtered,251.0,1.0590809484167567,-0.6683005397196468,0.0,-0.6983708679738315,0.4214332901269087,-1.359307603132074,0.036555332449290344,0.04473596828232832,0.7052623385364565,0.0,,,,,,,,,
svj_filtered,252.0,0.28747244023150054,-0.40909601533800344,0.0,-0.7602210629110593,0.42071379788494023,-1.4237487325058482,-0.05442588950994466,0.029550440264129483,0.6837858251926978,0.0,,,,,,,,,
svj_filtered,253.0,0.7048401473312876,-0.31179970411022684,0.0,-0.749716560263311,0.4074957482110537,-1.4142626826688407,-0.08145568524812252,0.031782908373881064,0.6873866882393411,0.0,,,,,,,,,
svj_filtered,254.0,0.5344501863831518,-0.34133810989080987,0.0,-0.7780685972765707,0.42236573810457695,-1.4211767763922047,-0.07300797468623557,0.0284336441772795,0.6777110250500279,0.0,,,,,,,,,
svj_filtered,255.0,-0.3129923297085549,-0.3606489729140923,0.0,-0.8744982732959302,0.41569981348068386,-1.5205362786280228,-0.16185188352921426,0.028608794677773164,0.6458105162992797,0.0,,,,,,,,,
svj_filtered,256.0,1.262439858142139,-0.26639227918219854,0.0,-0.6075408268450703,0.39435668141796615,-1.2113936272224801,0.05615203547941152,0.061423238723215756,0.7380302888493749,0.0,,,,,,,,,
svj_filtered,257.0,-0.8513522245336198,-0.36351222237027,0.0,-0.550866870088059,0.3901370873653248,-1.1589864039662139,0.08756414171598378,0.05913774213489059,0.7592429693868521,0.0,,,,,,,,,
svj_filtered,258.0,0.5138072692962333,-0.37478085790053195,0.0,-0.5957190597607722,0.37738502529446966,-1.2231354817766915,0.02598863829883829,0.030547133644202366,0.7424056182295923,0.0,,,,,,,,,
svj_filtered,259.0,0.5191472141371198,-0.34255612798461044,0.0,-0.6211908341573502,0.4025079031007107,-1.2859296954605475,0.019500097198294195,0.028010754490452924,0.7330103793658079,0.0,,,,,,,,,
svj_filtered,260.0,-2.65452406786294,-0.6784724454116886,1.0,-0.11214087279685885,0.4302560156559341,-0.8728765507099234,0.6296528214126703,0.4121744432111383,0.9454725378645802,1.0,,,,,,,,,
svj_filtered,261.0,0.1436946581796889,-0.6888132178829898,0.0,-0.2152766073268773,0.43336303017658084,-0.9152450754548643,0.43589459019362986,0.02459751901863035,0.8979523237664638,0.0,,,,,,,,,
svj_filtered,262.0,-0.0009461141529519217,-0.7732029829560351,0.0,-0.3418401761034278,0.45973270835796953,-1.1834430779616893,0.32764582382526264,0.02379216005439275,0.8428889276767807,0.0,,,,,,,,,
svj_filtered,263.0,0.49384452351740693,-0.6320864459232389,0.0,-0.4231492636526548,0.4770367521680128,-1.3297979218042326,0.27405621262907004,0.028377421502610856,0.8093088785991083,0.0,,,,,,,,,
svj_filtered,264.0,0.06879111830785568,-0.7863426251151651,0.0,-0.5848605696178698,0.5141303117725916,-1.5480531137543299,0.2175716101327846,0.026544579162207226,0.7464472819368596,0.0,,,,,,,,,
svj_filtered,265.0,0.34474732714083023,-0.907100865065858,0.0,-0.6741664598779128,0.47425536508220334,-1.49003655476587,0.07749038863579044,0.03250765186585912,0.7138494237861888,0.0,,,,,,,,,
svj_filtered,266.0,-1.862278495418016,-1.0532316142240918,1.0,-0.12600542027029604,0.38797011661976194,-0.7825308635388069,0.45081031481506717,0.1729162938410806,0.9389409290288714,0.0,,,,,,,,,
svj_filtered,267.0,0.877251253752829,-1.0351875026112678,0.0,-0.1501573372809921,0.36963730917879123,-0.7763231427908572,0.4142138251139539,0.03476301141821174,0.9276705048804677,0.0,,,,,,,,,
svj_filtered,268.0,0.2681730401200505,-1.0116555154348377,0.0,-0.23111900865035517,0.37449891308318684,-0.8539369377297665,0.3846569771390078,0.02971153443935044,0.8908675601868791,0.0,,,,,,,,,
svj_filtered,269.0,0.6750381101247015,-1.0343586156260953,0.0,-0.2711468277586009,0.38735275231488214,-0.9359000831638709,0.34084245922676076,0.03129554147983772,0.8732150544706705,0.0,,,,,,,,,
svj_filtered,270.0,0.2586195564054424,-1.129982925189266,0.0,-0.3711926486391026,0.40463312565629767,-1.0717239376676375,0.2413226489623659,0.024648844152210036,0.8306088238976737,0.0,,,,,,,,,
svj_filtered,271.0,-0.7074088745828493,-0.9093145438946079,0.0,-0.36753825092195247,0.3903037971865736,-0.9989884288601668,0.27013532394303846,0.04359101245802772,0.8321278987959431,0.0,,,,,,,,,
svj_filtered,272.0,-1.271591091350792,-0.9464290056106158,1.0,-0.17675653827952065,0.36799046157117266,-0.7739657573833623,0.4447625651090803,0.10052852980421675,0.9154145381529876,0.0,,,,,,,,,
svj_filtered,273.0,0.9863755819450032,-0.750184155781088,0.0,-0.19704650455000822,0.3821783666921913,-0.796523056571092,0.45124332682380586,0.03935088146283375,0.9061746217477923,0.0,,,,,,,,,
svj_filtered,274.0,0.043173572485320576,-0.7211157590474081,0.0,-0.2611514844289164,0.41008917444249815,-0.8789816253061675,0.4120769827923368,0.022177121090629835,0.8775900198198717,0.0,,,,,,,,,
svj_filtered,275.0,-1.0807683398045869,-0.7129229274341531,0.0,-0.17607403264742377,0.371662131287074,-0.7647065310724874,0.4276351060042567,0.06834741448570701,0.915726979249654,0.0,,,,,,,,,
svj_filtered,276.0,0.006227367294688247,-0.6235485071189445,0.0,-0.27565467533749904,0.3892336589807876,-0.8799925691952205,0.40993576029016904,0.03367369983204438,0.8712491106621311,0.0,,,,,,,,,
svj_filtered,277.0,0.9476165462717057,-0.515602213968032,0.0,-0.29381397484599525,0.37616455112875613,-0.8739017674859776,0.3492159467458709,0.032494876886279916,0.8633742783483099,0.0,,,,,,,,,
svj_filtered,278.0,1.0725753365871724,-0.29325632210174624,0.0,-0.29666720452220774,0.36724763825850826,-0.8632423705523777,0.310889119954854,0.04097449813610529,0.8621434539568998,0.0,,,,,,,,,
svj_filtered,279.0,0.4833320963136736,-0.14494373497801682,0.0,-0.35389748320733205,0.38633141732047777,-0.9702166367039915,0.27640013146228576,0.03934736706012336,0.8378227288718494,0.0,,,,,,,,,
svj_filtered,280.0,-0.6719877563249238,-0.3351960741107329,0.0,-0.3889026492361018,0.41690275396735466,-1.1127476871794018,0.2890582243045989,0.04404215165448501,0.8232862510539594,0.0,,,,,,,,,
svj_filtered,281.0,-0.2508365456678361,-0.15960543171619787,0.0,-0.4702352984587693,0.43087330564341386,-1.2117802191101728,0.2175474581952602,0.030149342318307765,0.7904778450485687,0.0,,,,,,,,,
svj_filtered,282.0,0.0660543384835018,-0.3576545949562271,0.0,-0.5573155129026851,0.4534052131520833,-1.3261592329929788,0.1712902996553698,0.02844826206225329,0.7567988684282837,0.0,,,,,,,,,
svj_filtered,283.0,-0.8914780542616432,-0.20687288529403502,0.0,-0.45896926007443234,0.41847035617100414,-1.1207701282256846,0.2673993873924005,0.05615960779961567,0.7949431867911405,0.0,,,,,,,,,
svj_filtered,284.0,-0.2173586922011,-0.16311910702864202,0.0,-0.5604771083811062,0.41429254454951653,-1.2036215750720183,0.16898012310140054,0.03806327929173263,0.7556034675804484,0.0,,,,,,,,,
svj_filtered,285.0,-0.08837439249707173,-0.21585189579506597,0.0,-0.6733599689097048,0.3974707886491405,-1.2810959532754143,0.06600854975376019,0.035557103480859886,0.714137338388891,0.0,,,,,,,,,
svj_filtered,286.0,-0.22916741261913964,-0.2759607554478147,0.0,-0.7622595871404906,0.3792895443247519,-1.3817501097394558,-0.11964480052955086,0.02624766433698828,0.6830892232767783,0.0,,,,,,,,,
svj_filtered,287.0,1.0545936904106405,-0.4005598342108767,0.0,-0.6507647359262096,0.3663192746782918,-1.2437846364625111,-0.03505648195729473,0.04212244176344561,0.7222511351414906,0.0,,,,,,,,,
svj_filtered,288.0,0.003093708374262491,-0.4092873440769952,0.0,-0.7597554998678726,0.37394817466223823,-1.3813811827789522,-0.11957049162579628,0.02434534567582991,0.6839450164252,0.0,,,,,,,,,
svj_filtered,289.0,-0.4991113113952839,-0.16918947329720646,0.0,-0.7934331355128195,0.3777786517326429,-1.4070048630478669,-0.14810270850219828,0.035502448837694184,0.6725246137821219,0.0,,,,,,,,,
svj_filtered,290.0,-0.34908499887811156,-0.19193460680765492,0.0,-0.8240854752965706,0.39787123987511935,-1.4697893017513732,-0.16004389316775802,0.024156878925213426,0.6622959704750228,0.0,,,,,,,,,
svj_filtered,291.0,0.932657237987241,-0.06332001461716102,0.0,-0.7533484185331487,0.3899462102487582,-1.3746088458316295,-0.10976224177178912,0.04125799836350276,0.6861395754021861,0.0,,,,,,,,,
svj_filtered,292.0,0.10785383369090419,-0.050523624663827,0.0,-0.8230007087014776,0.4039161084703179,-1.493863411477778,-0.1320832103201287,0.022463736381951746,0.6626552861820512,0.0,,,,,,,,,
svj_filtered,293.0,-4.313780881537097,-0.07880693891073917,1.0,-0.4611774421814589,0.43969356577589863,-1.282989810200787,0.17684216551377865,0.981371551430775,0.7940659814769335,1.0,,,,,,,,,
svj_filtered,294.0,-1.3074587125325396,-0.2845032946995726,0.0,-0.22463253600937672,0.3422687442613152,-0.8204380844860654,0.2588415974151468,0.0755469973348197,0.893761544615811,0.0,,,,,,,,,
svj_filtered,295.0,1.4360309098089958,-0.4537419007052094,0.0,-0.12758624288105308,0.3090053350921679,-0.6733056251170708,0.3346310991664155,0.04497868214499268,0.9381990727279109,0.0,,,,,,,,,
svj_filtered,296.0,-1.462544743159026,-0.5318920563367506,0.0,-0.020367763489745033,0.2894550761161956,-0.5334750444542744,0.43006387171484,0.08414272598656597,0.9898677983952296,0.0,,,,,,,,,
svj_filtered,297.0,-1.2073146735678704,-0.5634673226079268,0.0,0.024849310567653726,0.2917445359774741,-0.4649410710826648,0.48215982084000725,0.06724463860427474,1.0125021619786438,0.0,,,,,,,,,
svj_filtered,298.0,0.2955351088628943,-0.6908594716762277,0.0,-0.027501575554980905,0.3095236781742113,-0.5316781041125171,0.5132184476030198,0.026894463434872663,0.9863433224476706,0.0,,,,,,,,,
svj_filtered,299.0,0.4038899403126989,-0.8982070351494965,0.0,-0.1073139438885005,0.3505468599732728,-0.6869000964106962,0.45583009275021497,0.0322565956986713,0.9477571580429582,0.0,,,,,,,,,
svj_filtered,300.0,0.2326336964284451,-0.9028566255877406,0.0,-0.15922965326946814,0.36118680236875245,-0.719712535715874,0.4176080444280783,0.024125489507668615,0.9234719747011861,0.0,,,,,,,,,
svj_filtered,301.0,0.6707019997547629,-0.8138261197489185,0.0,-0.21595921308055388,0.3934790003633357,-0.8301599825254238,0.4490047965535284,0.03010705742099734,0.8976459023493288,0.0,,,,,,,,,
svj_filtered,302.0,1.2766468103739514,-0.8579094536164139,0.0,-0.13023977234518874,0.37443499181520346,-0.7063548135825538,0.5129923594148434,0.038300886930136446,0.9369551286795794,0.0,,,,,,,,,
svj_filtered,303.0,-0.627168437301188,-1.046372152131296,0.0,-0.21224901324767353,0.3885889692231754,-0.858645401950892,0.43575519455815903,0.034997200008429034,0.8993126707207024,0.0,,,,,,,,,
svj_filtered,304.0,-0.054991216435526354,-1.2433621575611091,0.0,-0.33437891588165125,0.39621066764579355,-0.9715617152126017,0.3312673180339861,0.02311301884393796,0.846039307287214,0.0,,,,,,,,,
svj_filtered,305.0,-0.4514847491254798,-1.3336458358951147,0.0,-0.39577808259209296,0.39902963671232616,-1.00593213578421,0.26266199641109694,0.035246344905340246,0.8204608853638132,0.0,,,,,,,,,
svj_filtered,306.0,-0.29941337205339835,-0.9813915292268519,0.0,-0.47760307473527813,0.41157408868512413,-1.1288969568400269,0.22159814766973102,0.027205677056504868,0.7875711703111486,0.0,,,,,,,,,
svj_filtered,307.0,-0.8317014490909126,-1.0098432849279537,0.0,-0.42121126574589296,0.3878606181390966,-1.0407982124557489,0.21731968590441814,0.05568645916405916,0.8100934781321036,0.0,,,,,,,,,
svj_filtered,308.0,0.698240705882132,-1.2811407883771744,0.0,-0.4693258428306305,0.3914814082851301,-1.082190931786169,0.21310313731509004,0.03327627606687568,0.7908373790499779,0.0,,,,,,,,,
svj_filtered,309.0,0.41276693072505394,-1.2793719898815124,0.0,-0.5579105347848836,0.3878271229332138,-1.1292022234204266,0.13753769346851835,0.029518825110423044,0.7565737459745718,0.0,,,,,,,,,
svj_filtered,310.0,-0.2854788972309892,-1.4061253794807533,0.0,-0.6259324007251124,0.4068481946859888,-1.2338898451351594,0.10077009586124087,0.029446055872969744,0.7312746289685079,0.0,,,,,,,,,
svj_filtered,311.0,-0.5832100701790167,-1.3100105625039058,0.0,-0.6613505168192445,0.41740087679325916,-1.3041938086566898,0.049632434575700324,0.03163648847410428,0.718438438003399,0.0,,,,,,,,,
svj_filtered,312.0,0.04130748558748406,-1.4783294954135295,0.0,-0.7791359128526,0.44239813910102765,-1.498247651063871,-0.07994493393057645,0.03188218730456245,0.6773494557691989,0.0,,,,,,,,,
svj_filtered,313.0,0.28121345880080345,-1.4149281302327263,0.0,-0.8471743014020081,0.4361326869783108,-1.623032755479172,-0.15572570100983385,0.02502394977650841,0.6546941161289167,0.0,,,,,,,,,
svj_filtered,314.0,-0.5201774685343101,-1.3097516791259496,0.0,-0.8818922581422858,0.43495049777831307,-1.5960432338243966,-0.18859822097268425,0.04585694749016138,0.6434273676692835,0.0,,,,,,,,,
svj_filtered,315.0,0.04025967756866347,-1.0479211973214677,0.0,-0.9657260037846085,0.44791257199166307,-1.7061622752543586,-0.24888888668839207,0.026326271352198248,0.6170143473816131,0.0,,,,,,,,,
svj_filtered,316.0,-0.8959572286901557,-1.1083059681703689,0.0,-0.7652003060166986,0.397380570814164,-1.4206231229527362,-0.1280837376571942,0.057385403511813836,0.6820855746332144,0.0,,,,,,,,,
svj_filtered,317.0,0.18685803954379737,-0.959961903748842,0.0,-0.8387432325658557,0.40852957994943107,-1.4887388965429014,-0.14961239450333286,0.019747986719292704,0.6574598270879151,0.0,,,,,,,,,
svj_filtered,318.0,-0.02257099498886925,-1.069971774937573,0.0,-0.9314537885298118,0.43423803725377313,-1.60846268507327,-0.22385377534629192,0.027912019872528636,0.6276786832894201,0.0,,,,,,,,,
svj_filtered,319.0,0.06507244602723193,-0.8069254153997941,0.0,-1.0209010658932516,0.421531369733329,-1.7135309508617733,-0.32506603624391284,0.022267997832337308,0.6002250967048335,0.0,,,,,,,,,
svj_filtered,320.0,-0.08166172020608495,-0.6933509514761653,0.0,-1.1181503461236735,0.4570335860193882,-1.867361307949266,-0.3573076547935983,0.0203280245713965,0.5717375777326538,0.0,,,,,,,,,
svj_filtered,321.0,0.3923482629484362,-0.8279589901587485,0.0,-1.1351120471285845,0.47169186907269567,-1.9235254337092413,-0.37517779580412847,0.015515157641039487,0.5669092598698785,0.0,,,,,,,,,
svj_filtered,322.0,0.27600831374367785,-0.6025753723663394,0.0,-1.2380844472609247,0.4781431371161193,-2.0491255195682867,-0.4777614841565265,0.025664286549791977,0.5384599148817037,0.0,,,,,,,,,
svj_filtered,323.0,1.1370650688964024,-0.7080382145840811,0.0,-0.827068679647042,0.36594862722242044,-1.4142937026681404,-0.20186707393857525,0.04077867651935147,0.6613088247621818,0.0,,,,,,,,,
svj_filtered,324.0,-1.5587583167642554,-0.6622423455951143,0.0,-0.47773698347431837,0.33702172607883735,-1.0574433718721543,0.05179403479440414,0.20670897305330985,0.7875184407452454,0.0,,,,,,,,,
svj_filtered,325.0,0.15385326062856264,-0.9744904644570542,0.0,-0.5614062398424121,0.36786116144896647,-1.2517888799113701,0.013449412710738962,0.0292950564330224,0.7552525216284911,0.0,,,,,,,,,
svj_filtered,326.0,0.45819972717581076,-1.1742151660211249,0.0,-0.6106427846036601,0.36503173668168926,-1.2444693512744605,-0.01330918899239203,0.029957635217073085,0.7368865066793678,0.0,,,,,,,,,
svj_filtered,327.0,-1.2019905405498525,-1.1435327292690693,0.0,-0.4468191340066696,0.3537569177501089,-1.0076439197479636,0.14473615388718114,0.09362127668341796,0.7997872157519289,0.0,,,,,,,,,
svj_filtered,328.0,-2.4571128980336727,-1.1005806842528234,1.0,0.010666232573868022,0.4042779952644214,-0.6421180820941158,0.6290526081693821,0.28179793674658105,1.0053473626662053,0.0,,,,,,,,,
svj_filtered,329.0,-1.1039455198081545,-1.2711829585602519,0.0,0.04446097817422556,0.38263371589462514,-0.6079627431206839,0.6485186398009841,0.07344975303962174,1.0224794276626765,0.0,,,,,,,,,
svj_filtered,330.0,-1.3813907159009928,-1.1709069040498847,0.0,0.13904046811282178,0.36781207863901844,-0.46297602781537694,0.75547794849028,0.0790600878020824,1.0719937517673714,0.0,,,,,,,,,
svj_filtered,331.0,-0.18004571494109145,-1.3152424908287466,0.0,0.04879339808520076,0.39794197545747845,-0.6128716207863735,0.7132550586071459,0.03296722549457993,1.0246967334860826,0.0,,,,,,,,,
svj_filtered,332.0,0.192463859835299,-1.4827853328739729,0.0,-0.03485771505903154,0.4051305845237483,-0.6510259507966143,0.6929034436670519,0.03461240465835647,0.982722146459529,0.0,,,,,,,,,
svj_filtered,333.0,0.188286697088881,-1.3834827100123896,0.0,-0.11582799262282548,0.4214289438803097,-0.7376707989095147,0.6243358221296266,0.028599879110679977,0.9437311083030302,0.0,,,,,,,,,
svj_filtered,334.0,-0.2526270584686149,-1.5947365505811333,0.0,-0.22607104418988594,0.4116274072784418,-0.8478013936499385,0.504469994395554,0.03511215783444286,0.8931189340969592,0.0,,,,,,,,,
svj_filtered,335.0,0.43902868499947195,-1.580231623291081,0.0,-0.3264293896369639,0.4194574358221585,-0.9693617253611123,0.43270114950175687,0.0264370646421294,0.8494088051676794,0.0,,,,,,,,,
svj_filtered,336.0,0.34721559375879996,-1.5188846010677546,0.0,-0.3908145704042,0.4150027339917209,-1.037903316462857,0.35910433020251353,0.0315248145235746,0.8224995979131678,0.0,,,,,,,,,
svj_filtered,337.0,0.11063839354256753,-1.785016377930608,0.0,-0.5080705740989786,0.422970400301888,-1.1536926970167012,0.2759087359316007,0.026290588594028424,0.7756644306543995,0.0,,,,,,,,,
svj_filtered,338.0,0.24979031709389632,-1.6996701492736768,1.0,-0.6282698462519772,0.4297127515357274,-1.3071454973280825,0.14966290027763496,0.019098176463798508,0.7304204708975279,0.0,,,,,,,,,
svj_filtered,339.0,0.22647017748284146,-1.2720682157127174,0.0,-0.6941135383876912,0.4204104017337618,-1.3800685273615183,0.04062100935015514,0.025757612457677777,0.7067652046279623,0.0,,,,,,,,,
svj_filtered,340.0,1.2689013091042727,-1.1980575148330017,0.0,-0.474532511333735,0.3849736227219403,-1.0585940049256932,0.2378928738773944,0.04252547090364349,0.7887812425802008,0.0,,,,,,,,,
svj_filtered,341.0,-0.061629091744429244,-1.1430892688298082,0.0,-0.5615447466778185,0.39540016718596727,-1.2105807275953084,0.11015242654985888,0.029813062788401824,0.7552002196212066,0.0,,,,,,,,,
svj_filtered,342.0,0.19579085349121955,-1.1767288077125888,0.0,-0.6721308014269272,0.41484733983979694,-1.278662372350376,0.031085324539665893,0.020520993168716476,0.7145763704833581,0.0,,,,,,,,,
svj_filtered,343.0,-0.32586291101919074,-0.8844837223214483,0.0,-0.7488995764878207,0.42967187707606896,-1.4073496992276016,-0.05873311090211841,0.03744802977409474,0.6876675374836445,0.0,,,,,,,,,
svj_filtered,344.0,0.5699828112847704,-0.9495002066535713,0.0,-0.7736824122129431,0.3973271875886516,-1.404969638533497,-0.13159528754398106,0.029250094364168276,0.6791989390079248,0.0,,,,,,,,,
svj_filtered,345.0,0.20573900415986182,-1.2109965659353117,0.0,-0.8187638023799967,0.4251026512811551,-1.4832517939128314,-0.09538657532560085,0.032662413401405035,0.6640605783648171,0.0,,,,,,,,,
svj_filtered,346.0,0.4828225669979912,-1.373714855487382,0.0,-0.8384971744602034,0.4187450645812881,-1.4943831646812071,-0.16724217431626143,0.025840105972325944,0.6575407187236215,0.0,,,,,,,,,
svj_filtered,347.0,-0.8201580021132274,-1.5897166261917912,1.0,-0.7117112334594533,0.40595187540719513,-1.3599132324069945,-0.11150086495805142,0.06378730581862552,0.7005737640644616,0.0,,,,,,,,,
svj_filtered,348.0,0.08062352056304063,-1.5756697349716597,0.0,-0.7977332231221748,0.4226086936104153,-1.4457358060996635,-0.12952261512701146,0.02603414247987676,0.6710802097251826,0.0,,,,,,,,,
svj_filtered,349.0,-0.6183392996187982,-1.514714930395403,1.0,-0.8083616842172984,0.415184332992044,-1.4758328749563165,-0.11777473238583658,0.05965928761063331,0.667523394014826,0.0,,,,,,,,,
svj_filtered,350.0,0.043458031689491194,-1.5468892657091933,0.0,-0.8982460724220651,0.42936081879933274,-1.5446009065413817,-0.1434204218105378,0.03103992725419529,0.638187573682164,0.0,,,,,,,,,
svj_filtered,351.0,-0.4678927835954372,-1.3431689218763416,0.0,-0.9275969200443199,0.40623554251743593,-1.5427315897530773,-0.22736715303586988,0.03134444966130508,0.6288902882304633,0.0,,,,,,,,,
svj_filtered,352.0,0.22569722516171267,-1.4336606577720028,0.0,-0.9980425074712156,0.4059899940235557,-1.5840622118006813,-0.2906134323737597,0.022303832474835323,0.6071245899361476,0.0,,,,,,,,,
svj_filtered,353.0,0.024701281911566897,-1.7013335554479907,1.0,-1.0921829464921138,0.4129409651133241,-1.7315790761760024,-0.36283758210805017,0.028312161046545742,0.5792092468075319,0.0,,,,,,,,,
svj_filtered,354.0,0.5365148097095861,-1.5939615722845668,1.0,-1.10264700328718,0.39252684088030815,-1.6898938460869255,-0.40096175944802936,0.02833859127435511,0.5761867214442989,0.0,,,,,,,,,
svj_filtered,355.0,0.31108345397254455,-1.606753152373295,0.0,-1.1544704515939626,0.4031349664674562,-1.7726247841945197,-0.4390452010023258,0.023541264942361115,0.5614485010240431,0.0,,,,,,,,,
svj_filtered,356.0,0.2364136439689363,-1.5501645302864628,0.0,-1.2071475842753823,0.4114949805234121,-1.8706457678214619,-0.49741255626854985,0.016273042210423194,0.5468537979210054,0.0,,,,,,,,,
svj_filtered,357.0,0.5675717527856288,-1.5964869059666245,0.0,-1.1722491630515244,0.4055983754649047,-1.8357455218821779,-0.4972495734670605,0.03236885357615505,0.5564797030013926,0.0,,,,,,,,,
svj_filtered,358.0,0.5009630129376421,-1.3734061811794802,0.0,-1.1760321372756355,0.38864609861270016,-1.77278309720766,-0.5512993579238298,0.026765778490988393,0.555428123652959,0.0,,,,,,,,,
svj_filtered,359.0,-0.11397987288303639,-1.2165331447206589,0.0,-1.2372059632710397,0.40878831251908915,-1.9547912989704832,-0.56959449260815,0.020740688189937864,0.5386964810400051,0.0,,,,,,,,,
svj_filtered,360.0,-0.5125001281675519,-1.1514575609311115,0.0,-1.222071718273312,0.40479084968920975,-1.8366047881726604,-0.5356878104439694,0.041334679339743385,0.5427883255206,0.0,,,,,,,,,
svj_filtered,361.0,0.4469419766624305,-1.0232497747454312,0.0,-1.2337508664832852,0.4055761131003124,-1.8893086126119507,-0.5199191241421478,0.02947666922852487,0.5396279095929153,0.0,,,,,,,,,
svj_filtered,362.0,-0.9611068846221485,-1.0631915010267394,0.0,-0.9777058250412801,0.35698972217807223,-1.5588269759695312,-0.39936761390199804,0.09320124705631344,0.6133295334547373,0.0,,,,,,,,,
svj_filtered,363.0,-1.7697376456863534,-1.025753464264045,0.0,-0.5856495918209526,0.32111491773623846,-1.168265287976561,-0.06084114776895547,0.32960759660251704,0.7461528582779399,1.0,,,,,,,,,
svj_filtered,364.0,0.19670536320839813,-1.2120784807902487,0.0,-0.6475704862175016,0.34018396599421263,-1.2623182821066505,-0.11484836005871578,0.030518692441044586,0.7234055820330246,0.0,,,,,,,,,
svj_filtered,365.0,0.14300230386398646,-1.4143189408628296,0.0,-0.7531530540181572,0.3587253377695454,-1.348363604076831,-0.1406840053161958,0.027827725407973042,0.6862066023384865,0.0,,,,,,,,,
svj_filtered,366.0,-0.35039266823220777,-1.0530224038546918,0.0,-0.8049161167225041,0.3619916277601016,-1.3916080978891536,-0.21169443125170734,0.02339304391354923,0.6686743836374732,0.0,,,,,,,,,
svj_filtered,367.0,-0.22800599463006205,-1.1002634834669809,0.0,-0.8878653429865666,0.38319062074118343,-1.5639783393484288,-0.21731244451210047,0.022866865499579125,0.6415086111901696,0.0,,,,,,,,,
svj_filtered,368.0,0.058524023729642265,-0.8771783913566151,0.0,-0.9589746817222167,0.3844661638837246,-1.644857465058805,-0.33268314606063254,0.025000373926554704,0.6191006980949796,0.0,,,,,,,,,
svj_filtered,369.0,-0.5333097447517184,-0.6130652804822077,0.0,-0.9825474903384227,0.4060795899581192,-1.665823201414599,-0.2888556712254684,0.03321684784038206,0.6118465610340815,0.0,,,,,,,,,
svj_filtered,370.0,0.027630021814978045,-0.7527372054558532,0.0,-1.069153757613693,0.40712292410079315,-1.7334399249369263,-0.40543124144180764,0.02479643164887835,0.585917151667667,0.0,,,,,,,,,
svj_filtered,371.0,-1.0975475157552657,-0.9531140895547321,0.0,-0.7826344135609268,0.3383014268621872,-1.3516387597954904,-0.2327076765306658,0.09477984095832137,0.6761656376927584,0.0,,,,,,,,,
svj_filtered,372.0,-1.4141086254496393,-0.938097862951027,0.0,-0.5177241114381552,0.3173623580820678,-1.0344649166407984,-1.4491260989707433e-05,0.1046312116267726,0.7719294989593195,0.0,,,,,,,,,
svj_filtered,373.0,-0.8977978746519772,-0.9685689961126785,0.0,-0.48376732425588564,0.321466625873251,-1.0038226854854835,0.01530704695810893,0.07419965815918127,0.7851475146298489,0.0,,,,,,,,,
svj_filtered,374.0,0.33689751392575185,-1.0281135666191774,0.0,-0.5684617038805426,0.33728536019341454,-1.1398394845779818,-0.016798032457117,0.02971648220161099,0.7525928871226036,0.0,,,,,,,,,
svj_filtered,375.0,-0.4885093567063291,-1.0100824940670206,0.0,-0.6300389956733544,0.35177199254298425,-1.2426400370767563,-0.05733301355386078,0.04517928065204988,0.7297746451034969,0.0,,,,,,,,,
svj_filtered,376.0,0.11522675955030749,-0.8780712324087799,0.0,-0.7045158559736768,0.378968006799295,-1.3675083421108203,-0.0761071177256891,0.024187768586308903,0.7030987497417893,0.0,,,,,,,,,
svj_filtered,377.0,-0.6584681552443509,-0.9741730586653328,0.0,-0.7256542754191774,0.3739647774104892,-1.3572417315313898,-0.12133270212934516,0.0474024264535287,0.6957066845563059,0.0,,,,,,,,,
svj_filtered,378.0,-0.6878676995398963,-1.0279900781474194,0.0,-0.7261098423403198,0.3759599407836557,-1.35290804830958,-0.1179907315228933,0.03677861544954832,0.6955482321272616,0.0,,,,,,,,,
svj_filtered,379.0,-0.3942321662878956,-0.920353822354339,0.0,-0.7744889414948837,0.39957694005685657,-1.4156172057736198,-0.10802333991500943,0.041306070276498075,0.6789250973106864,0.0,,,,,,,,,
svj_filtered,380.0,0.3472545540323762,-0.723971198352483,0.0,-0.8321261948815195,0.4109344613352489,-1.5087041501809526,-0.17951476311023484,0.023833163741448563,0.6596386476607624,0.0,,,,,,,,,
svj_filtered,381.0,0.07835564967875382,-1.0483309145013617,0.0,-0.9190363234770759,0.4164985803477224,-1.616935956990485,-0.2480697496926162,0.020106657733909326,0.6315878954149033,0.0,,,,,,,,,
svj_filtered,382.0,-1.1894996045090034,-1.0366940116909207,0.0,-0.642213898153466,0.35843823581471446,-1.2272471510716487,-0.058014943674606384,0.10113004895788347,0.7253456717917929,0.0,,,,,,,,,
svj_filtered,383.0,0.6890791508312943,-1.287942163608847,0.0,-0.646026774399205,0.3556371129398959,-1.2103420297033438,-0.05051920052161149,0.03285180168385884,0.7239641624502938,0.0,,,,,,,,,
svj_filtered,384.0,-1.4165057011614528,-1.3265800571833652,0.0,-0.4014344502993003,0.32553258081857805,-0.9498580249643769,0.12808851622145534,0.13748774196982674,0.8181437493231738,0.0,,,,,,,,,
svj_filtered,385.0,0.5487961775297008,-1.3519014860603011,0.0,-0.47283435374149047,0.3427199220533915,-1.063011499523271,0.05547757675202296,0.030785505568344505,0.789451264418469,0.0,,,,,,,,,
svj_filtered,386.0,0.34534435757704884,-1.1615664660009881,0.0,-0.5312139466151182,0.3609619684328413,-1.1495813450572292,0.0478120055826346,0.0303042250969155,0.7667404177399328,0.0,,,,,,,,,
svj_filtered,387.0,-0.6810400258647432,-1.0734154377446723,0.0,-0.5423215514781252,0.376743887662668,-1.1487578693713099,0.09297758999608008,0.04024765706071565,0.7624938960300816,0.0,,,,,,,,,
svj_filtered,388.0,-1.1482144127965166,-0.7698996666845614,0.0,-0.38959609284900054,0.3613920294477565,-0.9742760505703134,0.23692531541693573,0.08375363232343802,0.8230008492381448,0.0,,,,,,,,,
svj_filtered,389.0,0.531199980237421,-0.9163423797745323,0.0,-0.4308293982068601,0.364422980587425,-1.0175559552032298,0.1770821713443018,0.03761680583650523,0.8062070375082421,0.0,,,,,,,,,
svj_filtered,390.0,-0.15216495238811,-0.8833088000734094,0.0,-0.529125869736645,0.37423311760535505,-1.1315408237836935,0.09632319882703734,0.027991344835975953,0.7675413422341973,0.0,,,,,,,,,
svj_filtered,391.0,0.22211909139849226,-1.1539202522057277,0.0,-0.6011271766542902,0.3909535641980501,-1.246325028430081,0.05192390944379016,0.028094890716427068,0.740400821811619,0.0,,,,,,,,,
svj_filtered,392.0,-0.1829114936886921,-1.3843613821748715,0.0,-0.7086183822790191,0.40162867506808686,-1.3737501658548639,-0.05265913647085616,0.026792347890803543,0.7016579873803157,0.0,,,,,,,,,
svj_filtered,393.0,0.3502933659711064,-1.579217578999858,0.0,-0.7873344457247622,0.39250598972693795,-1.4501198088902403,-0.17353797930029402,0.024256951084803295,0.674578503196358,0.0,,,,,,,,,
svj_filtered,394.0,0.06809237373636738,-1.4404728549813257,0.0,-0.8775439682271118,0.3921138167921846,-1.5101417021553611,-0.20302751561168622,0.022620701252892682,0.6448277938493939,0.0,,,,,,,,,
svj_filtered,395.0,-0.292498125442341,-1.5497449354502222,0.0,-0.9185480855651179,0.4093952824132961,-1.55173982470122,-0.22399030559863053,0.039840758953389205,0.6317420968135175,0.0,,,,,,,,,
svj_filtered,396.0,-0.6757180013229025,-1.7077736573555562,0.0,-0.9302449951819733,0.3826409135501418,-1.5176370749230454,-0.26003409476202594,0.05347790645363113,0.6280581648650393,0.0,,,,,,,,,
svj_filtered,397.0,-0.0055780681870560905,-1.6827711409524846,0.0,-0.9957833059885213,0.3981490972127115,-1.6709170740368187,-0.34709048279364463,0.02306361929029267,0.6078107858137503,0.0,,,,,,,,,
svj_filtered,398.0,0.4018045827350006,-1.8803278987136547,0.0,-1.0127392531204498,0.397839028708423,-1.6791819208651966,-0.3675923842690276,0.023895036669670598,0.6026795639544424,0.0,,,,,,,,,
svj_filtered,399.0,-0.05129452128544508,-2.1860461674086955,0.0,-1.0809722778127333,0.42207596810181747,-1.7946850323168488,-0.41111661757856843,0.01998695702872999,0.5824650246254854,0.0,,,,,,,,,
svj_filtered,400.0,-0.5763862249931629,-2.0679344079824684,0.0,-1.0769505331951867,0.39517438003002664,-1.6755694813339452,-0.3967806360459419,0.04617397949462382,0.5836374658340394,0.0,,,,,,,,,
svj_filtered,401.0,-0.138059245667981,-2.3875478720058254,0.0,-1.1347719619007786,0.4194744446023066,-1.812515218778789,-0.4786637103763726,0.021935357213120413,0.5670056667986834,0.0,,,,,,,,,
svj_filtered,402.0,-0.2034705533268191,-2.5538877738361796,0.0,-1.2040143489959023,0.43360985811506403,-1.9464340715034314,-0.5106629970584615,0.022089348365339545,0.5477111801468914,0.0,,,,,,,,,
svj_filtered,403.0,0.07007065422470307,-2.4505754909218895,0.0,-1.3148777908940927,0.4947849405655154,-2.2784274361057757,-0.5636085526651543,0.021626141315507656,0.5181767413259314,0.0,,,,,,,,,
svj_filtered,404.0,0.38266271347679187,-2.17039299545445,0.0,-1.3143498025930764,0.4894765353793588,-2.1631167328074867,-0.5217614638276079,0.027590550056384788,0.5183135550127828,0.0,,,,,,,,,
svj_filtered,405.0,0.5134010734308917,-1.9456002341901109,0.0,-1.2633267457008963,0.4807324267685678,-2.055713868874004,-0.48459973925623473,0.02268453003582726,0.53170663864634,0.0,,,,,,,,,
svj_filtered,406.0,-0.15287396363706746,-1.8410203613845477,0.0,-1.3877882099469552,0.47575069378424384,-2.1851745346975266,-0.5981182769212432,0.021738006286247558,0.49962667723253473,0.0,,,,,,,,,
svj_filtered,407.0,0.0323973552739442,-1.7725568910794627,0.0,-1.5047540346603758,0.4885951777883821,-2.359382313770044,-0.6778230527491261,0.01673160279226048,0.47124506268764904,0.0,,,,,,,,,
svj_filtered,408.0,-0.7042467927759355,-1.8510909136211038,0.0,-1.2883860280851953,0.3975412217762235,-1.9112839262106038,-0.5831344300119852,0.05760918634299883,0.5250861082934438,0.0,,,,,,,,,
svj_filtered,409.0,0.01914821272809215,-1.7769563075839738,0.0,-1.3803333175042778,0.39790997062154904,-1.999299497287922,-0.6737931120127234,0.021114284860891126,0.501492483989568,0.0,,,,,,,,,
svj_filtered,410.0,0.498748892549715,-1.6393694022500849,0.0,-1.3702033688101705,0.40143232844185345,-2.0283828213800357,-0.6581546197320611,0.02790775804076849,0.5040389740657091,0.0,,,,,,,,,
svj_filtered,411.0,0.402140258181227,-1.971833004250884,0.0,-1.364041764798568,0.40030399817011014,-2.017777149911732,-0.6952285063603283,0.02262195395600819,0.5055942128092247,0.0,,,,,,,,,
svj_filtered,412.0,-0.00588619607075693,-2.125659375849586,0.0,-1.4359602388123447,0.4125410222686623,-2.0969430091275596,-0.7348444591063161,0.017678179904609626,0.48773643101922587,0.0,,,,,,,,,
svj_filtered,413.0,0.34950255609045,-2.0494293063726,0.0,-1.451182312194547,0.4110059930914747,-2.114152671634599,-0.7609067899499089,0.017666666616804858,0.484038342144063,0.0,,,,,,,,,
svj_filtered,414.0,0.18352205505207098,-2.016704140687733,0.0,-1.5191739311027956,0.46094433100835297,-2.263954977395966,-0.7572828932576006,0.017409207718703662,0.46785962925156305,0.0,,,,,,,,,
svj_filtered,415.0,0.016522697921507706,-2.3483191941217565,0.0,-1.6107852970055414,0.47269457026280703,-2.4309644469012635,-0.8390969300162285,0.02072288652460684,0.4469124126142849,0.0,,,,,,,,,
svj_filtered,416.0,-0.21697868533621673,-2.3257449438972917,0.0,-1.6786909365998062,0.46182621710265154,-2.4108509014135517,-0.8688374219503032,0.026204302175074815,0.43199318414703836,0.0,,,,,,,,,
svj_filtered,417.0,-0.118379647627769,-2.361962999976053,0.0,-1.741138885310865,0.4625242346159376,-2.4565332155386854,-0.9424151236828735,0.022019312080108138,0.41871304827769545,0.0,,,,,,,,,
svj_filtered,418.0,-0.5416818489464645,-2.3565710729714486,0.0,-1.6547736912111535,0.4191310488567185,-2.3329689084932435,-0.961042419500902,0.04574142673501787,0.4371902405257605,0.0,,,,,,,,,
svj_filtered,419.0,-0.3656353211591897,-2.203104470906987,0.0,-1.6564454560166735,0.41100055758908577,-2.3145301615278084,-0.9439068816507885,0.028691121558066142,0.4368249535867776,0.0,,,,,,,,,
svj_filtered,420.0,-0.2337960047394899,-2.182410650435872,0.0,-1.701433629529166,0.4210819295539589,-2.369422352135484,-0.9566318289333493,0.023735223734623535,0.42710866439656814,0.0,,,,,,,,,
svj_filtered,421.0,-0.2428689157031506,-2.1133432166667783,0.0,-1.7513493264497826,0.3997781711202259,-2.3993645735328766,-1.0884882705181758,0.02902881490971702,0.41658087305428565,0.0,,,,,,,,,
svj_filtered,422.0,-0.20687212417527423,-2.093340980571885,1.0,-1.8051520661474436,0.4041852011005105,-2.455786343428017,-1.1121569732370962,0.022329689587429855,0.4055236706799702,0.0,,,,,,,,,
svj_filtered,423.0,0.12790251969541433,-2.094653663051311,0.0,-1.8357443961269562,0.4014978663753485,-2.4529289235351386,-1.1340430418339136,0.017235376499448434,0.39936791346774975,0.0,,,,,,,,,
svj_filtered,424.0,-0.3463638379388518,-2.170716317814918,0.0,-1.8200980670350766,0.4027174021154427,-2.4529025586483537,-1.1484084833487982,0.0369403018942591,0.40250448733892097,0.0,,,,,,,,,
svj_filtered,425.0,0.21138237521507008,-2.216266530234041,0.0,-1.8670699946960174,0.400048874408571,-2.4887887815785357,-1.2124024576342753,0.016713941927994004,0.3931614263617871,0.0,,,,,,,,,
svj_filtered,426.0,0.2819521583690508,-2.2605259647562566,0.0,-1.8868455944182272,0.40975224075970995,-2.5163058390419364,-1.221052701517976,0.02392857248577272,0.3892930810935541,0.0,,,,,,,,,
svj_filtered,427.0,-0.4369348852678419,-2.3029318865463524,0.0,-1.8376873682013848,0.4092190720776607,-2.4775917371295617,-1.191678410964466,0.03314242349459899,0.39898012151383805,0.0,,,,,,,,,
svj_filtered,428.0,-0.1442972247374348,-2.3436255540413757,0.0,-1.861497887682499,0.42923954064081105,-2.523270145666063,-1.1514057092039458,0.018941871554880058,0.3942583224284739,0.0,,,,,,,,,
svj_filtered,429.0,-0.4260671158929899,-1.9471258049161695,0.0,-1.8574608902150924,0.4120396015247542,-2.5014738886542602,-1.196766384944157,0.03891773941837766,0.39505493606438274,0.0,,,,,,,,,
svj_filtered,430.0,0.0874410691911123,-1.992722231826086,0.0,-1.9117680006679654,0.4302621849615366,-2.5763235736473047,-1.20180232276342,0.015235752312904553,0.38447212080137094,0.0,,,,,,,,,
svj_filtered,431.0,0.4430219285523398,-1.6775044455301782,0.0,-1.8270177759760622,0.43961021199633765,-2.540958352338755,-1.113479601748513,0.017275158537837967,0.4011142867217117,0.0,,,,,,,,,
svj_filtered,432.0,0.27647732487347926,-1.6817723371683224,0.0,-1.8612479130582649,0.4472126674883439,-2.5778871581705762,-1.102529602868332,0.019954535961140916,0.3943076027961202,0.0,,,,,,,,,
svj_filtered,433.0,-0.625599219490033,-1.6782944285126074,1.0,-1.6170314593916824,0.41077394386879834,-2.264929628260934,-0.9014636913340838,0.07424256422994092,0.44551884610686965,0.0,,,,,,,,,
svj_filtered,434.0,0.43938698549739835,-1.737209515324558,0.0,-1.6205315269406744,0.3966325305094704,-2.2525632240234232,-0.9425710703663527,0.0249219798980373,0.4447398549082746,0.0,,,,,,,,,
svj_filtered,435.0,0.430632979399071,-1.9247461543325817,0.0,-1.5841609440658853,0.38294170998319876,-2.18626201238314,-0.9444748426914868,0.025554698518601968,0.4529015654003895,0.0,,,,,,,,,
svj_filtered,436.0,0.028589576529754124,-1.882363170828288,0.0,-1.646242004248795,0.4039715819420132,-2.3236103457173005,-0.9651056004502974,0.0168124692040168,0.43905920919304553,0.0,,,,,,,,,
svj_filtered,437.0,-0.08499525524096857,-1.8502637908524995,0.0,-1.689332174965425,0.41440132184331596,-2.393396564199791,-1.0596235417330946,0.019495720356296105,0.42970081673950494,0.0,,,,,,,,,
svj_filtered,438.0,-0.4931547869057938,-2.0410526874729267,0.0,-1.6416720471442785,0.3827616458279047,-2.277246719825909,-1.026442032371574,0.05001014557535602,0.44006359713467247,0.0,,,,,,,,,
svj_filtered,439.0,-0.14026152317191543,-2.0382544335796307,0.0,-1.7147521040934572,0.4060421395339565,-2.364772369265358,-1.0422274539116438,0.0278183285759401,0.4242738956297684,0.0,,,,,,,,,
svj_filtered,440.0,0.2748869748125494,-1.7854977508260412,0.0,-1.7463464172785832,0.42428916628937546,-2.435827332226046,-1.0206232112463178,0.01627391964884465,0.4176242356074314,0.0,,,,,,,,,
svj_filtered,441.0,-0.19226986110106983,-1.8781305967405695,0.0,-1.791604011227737,0.4475535317360509,-2.5039681241730674,-1.03787843919308,0.02210804189368451,0.4082800244286061,0.0,,,,,,,,,
svj_filtered,442.0,-0.2780488624583733,-1.717858306389909,0.0,-1.8150449351333862,0.4415387679208213,-2.5268136662165044,-1.057970127109718,0.020258145149008346,0.40352272725518085,0.0,,,,,,,,,
svj_filtered,443.0,0.7017882278621463,-1.7811683694514677,0.0,-1.6087983581403396,0.37604377120653676,-2.206835125819349,-0.9707531291766839,0.044139859691570166,0.4473566270554656,0.0,,,,,,,,,
svj_filtered,444.0,-0.5789702574008612,-1.4175866877830354,0.0,-1.5209428561301206,0.3665254892282205,-2.093786575480344,-0.8587610726978049,0.029867974998062225,0.46744600789109186,0.0,,,,,,,,,
svj_filtered,445.0,-0.49151440350721975,-1.5216999763117844,0.0,-1.49976215255381,0.373610919924759,-2.1123284288443673,-0.8478453908159507,0.04008501934689755,0.47242273167056975,0.0,,,,,,,,,
svj_filtered,446.0,-0.42755505337713134,-1.527691633800469,0.0,-1.5082373728489658,0.37263898359255704,-2.087898831545769,-0.8442962422782943,0.029997941841279588,0.4704250240513942,0.0,,,,,,,,,
svj_filtered,447.0,-0.261675882413248,-1.090425539271996,0.0,-1.5220291366193242,0.36816170666745784,-2.088328859536346,-0.8826502398856431,0.022338243444323416,0.4671921880881425,0.0,,,,,,,,,
svj_filtered,448.0,0.6533957408911577,-1.0769101268062782,0.0,-1.465282423924037,0.36820649450271403,-2.0454702144657646,-0.8047038674569135,0.03842882182158305,0.4806378457207875,0.0,,,,,,,,,
svj_filtered,449.0,-0.670033792153033,-1.030065442391673,0.0,-1.352376657079248,0.363805405046491,-1.9293094443743557,-0.6903483881181667,0.05783202675189965,0.5085517348556343,0.0,,,,,,,,,
svj_filtered,450.0,-1.6251602987712896,-0.8098101895989188,0.0,-0.8760736727723244,0.38882179952797163,-1.5628226832097727,-0.3483614620066146,0.3234245968574202,0.6453020118253789,1.0,,,,,,,,,
svj_filtered,451.0,0.685297435581468,-0.9630282807098058,0.0,-0.8425023301359962,0.39496218297798025,-1.5395840122088145,-0.2634799189340679,0.02843787023293117,0.6562252598468051,0.0,,,,,,,,,
svj_filtered,452.0,-0.9087772509524584,-1.2029393826247299,0.0,-0.705696204371959,0.34800954167639186,-1.335181175141502,-0.18660964808390965,0.08546675007076683,0.7026839214227694,0.0,,,,,,,,,
svj_filtered,453.0,-1.0174862127341096,-1.1980368784519735,0.0,-0.5771424203191482,0.3037973144896175,-1.0707130293441174,-0.11012330636781706,0.07649153117860354,0.7493334430935082,0.0,,,,,,,,,
svj_filtered,454.0,-0.3029722989717288,-1.2409504886094735,0.0,-0.6132329971164578,0.33074037397230943,-1.1677781663980806,-0.09709198189909599,0.037753582238506396,0.7359327780775584,0.0,,,,,,,,,
svj_filtered,455.0,-0.15891089616880008,-1.3001737969374094,0.0,-0.6820755735879025,0.3444433756674942,-1.2738063793289436,-0.15215688666043023,0.02441315909010891,0.7110320400775916,0.0,,,,,,,,,
svj_filtered,456.0,0.24256802075857675,-1.3526159222844873,0.0,-0.7635078980059342,0.38075625044992334,-1.4203391170775173,-0.1681364148488475,0.021990926306959174,0.6826630024548941,0.0,,,,,,,,,
svj_filtered,457.0,-0.9982128370617678,-1.3421219091843966,0.0,-0.6280405554573616,0.3349553148828669,-1.2215374972326212,-0.09747164998281022,0.06180457294743255,0.7305042150429644,0.0,,,,,,,,,
svj_filtered,458.0,0.0754048858405708,-1.6279333323877092,0.0,-0.6965411064588574,0.35965617717397597,-1.2896613251638906,-0.11762302367430104,0.030075484890473157,0.7059078647236816,0.0,,,,,,,,,
svj_filtered,459.0,0.6417448066127878,-1.6784143936919447,1.0,-0.7513496327239747,0.38323799869768443,-1.3690689792062274,-0.10547624417135112,0.039358775202761875,0.6868256411929383,0.0,,,,,,,,,
svj_filtered,460.0,0.5229202459417702,-1.6971862306418737,0.0,-0.7716350703033518,0.3829638227992264,-1.3981923638890414,-0.13184358788284156,0.02698261981859898,0.6798945712228159,0.0,,,,,,,,,
svj_filtered,461.0,0.3906276084741618,-1.5795868819250205,0.0,-0.8039783581560008,0.3963077229406193,-1.4405394160979321,-0.16098864071098015,0.02136931198420567,0.6689879847179815,0.0,,,,,,,,,
svj_filtered,462.0,-0.3418403317147123,-1.328376838297407,1.0,-0.8682073614149752,0.4073687760698041,-1.502549260037679,-0.14866266059726216,0.03259934100173077,0.6478450829666192,0.0,,,,,,,,,
svj_filtered,463.0,0.3005941145065368,-1.3099140224327612,0.0,-0.9299543321486026,0.42244773389288603,-1.581507025470203,-0.18418902535891007,0.022184904874975448,0.6281494481437139,0.0,,,,,,,,,
svj_filtered,464.0,0.7765979092880756,-1.287422167310128,0.0,-0.8626346966864127,0.4073512842627876,-1.5084050484730391,-0.14669825126687813,0.039511515752348084,0.6496527118462719,0.0,,,,,,,,,
svj_filtered,465.0,0.4334519424660373,-1.4139033298477257,0.0,-0.8968765575843928,0.40785913953638325,-1.538475306840523,-0.21914720859415165,0.027629623836634226,0.6386247270127635,0.0,,,,,,,,,
svj_filtered,466.0,0.014500497334783853,-1.6260922054664744,0.0,-0.9738681964413494,0.40104203871622013,-1.6244582327832708,-0.3171894318501932,0.03149237787352968,0.6145075287497967,0.0,,,,,,,,,
svj_filtered,467.0,-0.26410536174246857,-1.7750553118834616,0.0,-1.0752530610906814,0.4400680337149643,-1.8673895811827552,-0.3613073719012127,0.025539862452965578,0.584133030264689,0.0,,,,,,,,,
svj_filtered,468.0,0.20134678271631645,-1.7171113491154528,0.0,-1.188474210599411,0.4457863877324386,-1.9603874622742912,-0.4722625193061598,0.01684887852102543,0.5519835105740378,0.0,,,,,,,,,
svj_filtered,469.0,0.15998404287337245,-1.7993880630681809,0.0,-1.2588265649432595,0.4650359990646851,-2.0070681017810186,-0.47521614708726484,0.023066900615256382,0.5329043736389687,0.0,,,,,,,,,
svj_filtered,470.0,0.5235593268093953,-1.9849507298388054,0.0,-1.2747919774909349,0.43883320538342957,-1.991134117418216,-0.5693465479760345,0.02008438940421297,0.5286672887543786,0.0,,,,,,,,,
svj_filtered,471.0,-0.08491025575956156,-1.8017873819674874,0.0,-1.3408134061945134,0.4324429780272649,-2.027901070723542,-0.6491134923863269,0.0227644094905846,0.5115005066375223,0.0,,,,,,,,,
svj_filtered,472.0,0.37718529652693183,-1.6759551677984588,0.0,-1.3858706494647983,0.4248742348732529,-2.0715925643370454,-0.7104024823180503,0.020170235252459714,0.5001059391352884,0.0,,,,,,,,,
svj_filtered,473.0,-0.44597421406339444,-1.7399474942933435,0.0,-1.4034128053569677,0.4117077370949219,-2.03500277735254,-0.7228303980259998,0.03452448429622651,0.4957386518689191,0.0,,,,,,,,,
svj_filtered,474.0,0.5264486102758278,-1.9920083661807686,0.0,-1.3441043245460564,0.40629954824025405,-1.9948513748482481,-0.6634627775309572,0.02494640536983049,0.510659545508811,0.0,,,,,,,,,
svj_filtered,475.0,-0.15159115286744848,-2.206160788489323,0.0,-1.396327705637992,0.4059548788186053,-2.0307486935635772,-0.7093579827229912,0.023077134070614506,0.4974979451125794,0.0,,,,,,,,,
svj_filtered,476.0,-0.36212786620693055,-2.154758850237136,0.0,-1.4150115734703408,0.40064799723368216,-2.0762644159670223,-0.7545433777049166,0.02549117531915213,0.4928719934959071,0.0,,,,,,,,,
svj_filtered,477.0,0.3602819516313964,-2.0901708320432943,0.0,-1.4121569102968081,0.402870645006262,-2.036652007543077,-0.7391510432788265,0.027369949416187853,0.4935759875574176,0.0,,,,,,,,,
svj_filtered,478.0,-0.08979940934095958,-2.1749426863392705,0.0,-1.480630653115274,0.41233686764787514,-2.1439230299822163,-0.8076843767932503,0.022685300154001393,0.4769634925498777,0.0,,,,,,,,,
svj_filtered,479.0,-0.14777857144920098,-2.226933495891333,0.0,-1.5332516127222968,0.4254140448656634,-2.260047824462835,-0.8209890613640102,0.021044124522743637,0.4645780027722256,0.0,,,,,,,,,
svj_filtered,480.0,0.18606008849505146,-2.3514858848113778,0.0,-1.591112593813106,0.45325139840115447,-2.341633807724114,-0.8440201779092305,0.02257404678282715,0.45133009154016746,0.0,,,,,,,,,
svj_filtered,481.0,0.010094720565816107,-2.33044521749181,0.0,-1.691390249583253,0.4765695458246347,-2.502257476477725,-0.9570281002792411,0.017700030562467686,0.42925886599830904,0.0,,,,,,,,,
svj_filtered,482.0,-0.3155867932775549,-2.268433511394085,1.0,-1.7011707127487194,0.45591417566925246,-2.4746809127933047,-0.976662037824845,0.023170659067307912,0.42716481510470017,0.0,,,,,,,,,
svj_filtered,483.0,0.40545575154630764,-2.1539073998858442,0.0,-1.6576635197498675,0.43087170133318603,-2.3486396525715185,-0.9376509406381502,0.02773819224485335,0.43655899426698974,0.0,,,,,,,,,
svj_filtered,484.0,-0.08749558454833829,-2.576435062692182,0.0,-1.7320835644913606,0.4490385640952078,-2.4383974873757177,-1.0071237202099952,0.01881715718440378,0.4206131370017368,0.0,,,,,,,,,
svj_filtered,485.0,-0.48605841576751074,-2.7490699081818484,0.0,-1.6572642445588401,0.40634711811253915,-2.3330433607317387,-1.0136001109150947,0.04260883663221221,0.4366461565550504,0.0,,,,,,,,,
svj_filtered,486.0,-0.16480450834616048,-2.5272491457920903,0.0,-1.701786968403081,0.40790673983354775,-2.3867543733792287,-1.0452022500690659,0.022268738668099055,0.4270332140143941,0.0,,,,,,,,,
svj_filtered,487.0,-0.46062491420341745,-2.634015322583574,0.0,-1.6766412045104522,0.4117149723846278,-2.3935605353244274,-1.0076676278982608,0.03212556095905369,0.4324361462426358,0.0,,,,,,,,,
svj_filtered,488.0,-0.3596626285820717,-2.645533680683967,0.0,-1.6432143493483236,0.4116297501540107,-2.3400034720814613,-0.9987358971494773,0.029182795663197973,0.4397243724203489,0.0,,,,,,,,,
svj_filtered,489.0,-0.20857726271534646,-2.3555333045606957,0.0,-1.7001945221173034,0.4014873533493726,-2.3749444264656807,-1.0619234235108692,0.021429152577677787,0.42737336314150765,0.0,,,,,,,,,
svj_filtered,490.0,-0.3634051293602541,-2.435110131539142,0.0,-1.7180245266790384,0.3901198132716293,-2.3786234838447227,-1.102367183909567,0.025060558811168743,0.4235802615112407,0.0,,,,,,,,,
svj_filtered,491.0,-0.19313594939143888,-2.719111758903696,0.0,-1.7600909983354884,0.39662506978106893,-2.395110982032025,-1.1170320320061733,0.015688944901090192,0.4147640398336353,0.0,,,,,,,,,
svj_filtered,492.0,0.013883794676895243,-2.8039038394270888,0.0,-1.7915782442374986,0.42661930758438965,-2.4741813354928555,-1.0805639156182063,0.01700719640709641,0.4082852845361923,0.0,,,,,,,,,
svj_filtered,493.0,0.05545401302252857,-2.712981072894976,0.0,-1.8577195532791566,0.4498460477037705,-2.6285746067959934,-1.1018600300519363,0.017371991905868505,0.39500384630809415,0.0,,,,,,,,,
svj_filtered,494.0,-0.07007987749680614,-2.8152709776450777,0.0,-1.9560623243167603,0.47830204232885115,-2.775394080016634,-1.173155263914923,0.020209904125697523,0.376050753436238,0.0,,,,,,,,,
svj_filtered,495.0,-0.06519390132738218,-2.8487205943120593,0.0,-2.0919235451774068,0.5153120867549272,-2.901350765268219,-1.2451166276388967,0.012020922496709396,0.35135373443299517,0.0,,,,,,,,,
svj_filtered,496.0,0.057948919580184804,-2.828678490249395,0.0,-2.2203033300498287,0.5122560794741128,-3.001210330596442,-1.3923099264172984,0.009175563624374522,0.32950898229725895,0.0,,,,,,,,,
svj_filtered,497.0,-0.05853202778180374,-2.7871102273298884,0.0,-2.3016968606467945,0.5042189519613123,-3.0550512951606943,-1.43801311865292,0.017010174617220094,0.31636823907314476,0.0,,,,,,,,,
svj_filtered,498.0,-0.33393285093472364,-2.779501513683882,0.0,-2.2720770679135796,0.48538722127180417,-2.986091597996629,-1.4000183955415362,0.02647439226590243,0.321088486822294,0.0,,,,,,,,,
svj_filtered,499.0,0.4269829879965114,-2.610637934315062,0.0,-2.166770797116275,0.45475154105284854,-2.8834926812440385,-1.40107839218586,0.03238351553946166,0.3384478032870416,0.0,,,,,,,,,
factor_filtered,0.0,,,,,,,,,,,-0.47582692935339843,-1.0928135447298242,0.01269457685719354,-0.8493061075836243,-1.0191103443539227,0.5197992277842278,0.6007627553727116,,
factor_filtered,1.0,,,,,,,,,,,0.9237176934745207,-0.0780045914915911,-0.2583510064057874,-0.8229672226140914,-0.9928794617875536,0.46299908844601434,0.608693920692967,,
factor_filtered,2.0,,,,,,,,,,,-0.434290148282617,-0.23832400518391067,0.9886056628890736,-0.948072037299366,-0.8471237503729792,0.3857227209332852,0.6547106640686794,,
factor_filtered,3.0,,,,,,,,,,,0.20751503985592007,0.12975699984285088,0.04568950781724554,-1.0584878045631934,-1.0562930227968692,0.40459123947317643,0.5896969539580679,,
factor_filtered,4.0,,,,,,,,,,,0.25722431567159537,-0.6228922339814106,-0.9356293500007876,-1.0553419092818666,-0.9600492035292187,0.37196460003515464,0.6187681688300483,,
factor_filtered,5.0,,,,,,,,,,,0.008964592957808723,0.22588595463174818,-0.505545681093116,-1.305575206260983,-1.0878444856428509,0.3716885378407272,0.5804670488659593,,
factor_filtered,6.0,,,,,,,,,,,-0.4170170360596551,0.11610415736586858,0.43119592712081684,-1.1699932627719472,-1.162671373476715,0.37353296839013694,0.5591510169659367,,
factor_filtered,7.0,,,,,,,,,,,0.20595238468815155,0.19608810514141092,-0.7599424921322081,-1.2506630312386864,-1.1299427020757318,0.36375844695108117,0.5683764299191102,,
factor_filtered,8.0,,,,,,,,,,,0.07288792386055712,0.795276972827615,-0.3353782527788614,-1.0981845249616036,-1.187249884154392,0.3740790387102547,0.5523215180259529,,
factor_filtered,9.0,,,,,,,,,,,0.28356389004232263,0.016192277303490328,1.392039369242812,-1.1102849709337796,-1.0239288943815616,0.3437406533403219,0.5993170948731097,,
factor_filtered,10.0,,,,,,,,,,,0.2307156206265406,0.8705209640587174,-0.5692395520052903,-1.3103051780466415,-1.038197394310242,0.3404749816745704,0.5950566325824214,,
factor_filtered,11.0,,,,,,,,,,,-0.1206303110602035,0.022580925345847415,-0.5912880887632287,-1.170419413222895,-1.1034857638598983,0.34913325754779084,0.5759451307547905,,
factor_filtered,12.0,,,,,,,,,,,0.48357310101308204,-2.0302555149971813,0.9842733635368317,-1.16878485985328,-0.9255266634148375,0.3358005623746177,0.629541607415985,,
factor_filtered,13.0,,,,,,,,,,,-0.23008164742598583,-0.41288751425204684,-1.3924480645045807,-1.267021147312512,-0.8278085936119131,0.36193426635630477,0.6610642141953983,,
factor_filtered,14.0,,,,,,,,,,,-0.062050199757309195,0.6479216645088229,-0.2833854527899942,-1.3370649683731182,-0.9295929561913573,0.3667384024963433,0.6282629574523467,,
factor_filtered,15.0,,,,,,,,,,,-0.14483683671571115,1.038528869923749,-0.2825898307720983,-1.4382279524835875,-0.9889497186063417,0.36702560269761203,0.6098911018535716,,
factor_filtered,16.0,,,,,,,,,,,-0.02048402659824039,0.43969567508120067,-0.6639889076181849,-1.721543062925011,-1.0530826983429762,0.3714936357325521,0.590644273331143,,
factor_filtered,17.0,,,,,,,,,,,-0.3530987974861619,-0.3470007150866528,-0.2989354079483944,-1.8181214538012733,-1.16892674172786,0.35530016219222105,0.5574049012789669,,
factor_filtered,18.0,,,,,,,,,,,0.06557734264260545,0.1473098695679715,-0.08180519833996092,-1.6576093421431548,-1.2945753778053848,0.35078104277764177,0.5234636493011097,,
factor_filtered,19.0,,,,,,,,,,,-0.3308700633877835,0.31888095651542203,0.275557868664794,-1.6224158568645202,-1.3750532755524303,0.34699038653101477,0.5028181838342889,,
factor_filtered,20.0,,,,,,,,,,,-0.3142195319657057,0.8560763637435191,0.12579635465852293,-1.5982063050738373,-1.3903565149546306,0.36180420202272334,0.4989854921618015,,
factor_filtered,21.0,,,,,,,,,,,-0.11686893172086955,-0.06540987110156969,0.2072299095572174,-1.775740186401931,-1.4978144007327459,0.3707291145061143,0.47288303689223415,,
factor_filtered,22.0,,,,,,,,,,,0.031503387186956645,-0.6930937490940928,-0.13606560661360273,-1.8425522455839662,-1.5903937855628936,0.36485033786558047,0.45149233058979704,,
factor_filtered,23.0,,,,,,,,,,,0.1663968180516908,0.3821508668115882,-0.5923100066674213,-2.0061119172558857,-1.5424544733339505,0.3513150758299769,0.46244519022818464,,
factor_filtered,24.0,,,,,,,,,,,-0.14902733685148473,-1.069835503105722,0.7037969244320154,-2.008378323438406,-1.4073528962748665,0.3821542427884514,0.4947629855580248,,
factor_filtered,25.0,,,,,,,,,,,0.0807046402984533,0.262638403960301,-0.037380450637515175,-2.1595100090926667,-1.547287060300226,0.3842737041327615,0.4613291358292179,,
factor_filtered,26.0,,,,,,,,,,,0.054295381806796265,0.49566316553617146,-0.6560627857785014,-2.050459690326212,-1.5381242374611266,0.37222457978792467,0.4634475232972522,,
factor_filtered,27.0,,,,,,,,,,,0.33078476382038974,-0.15153864116940438,0.3608563474143514,-2.135087697613996,-1.530897248659011,0.401697055723891,0.46512521767196713,,
factor_filtered,28.0,,,,,,,,,,,-0.2790609331771846,0.014446583214956869,-1.1162486439191528,-2.333553454496908,-1.333021762621791,0.40083029649625695,0.5134971081315428,,
factor_filtered,29.0,,,,,,,,,,,0.14448748025444627,-0.4954743546695226,-0.22679950428891138,-2.3470078770175657,-1.3999367774643445,0.39021315527923023,0.49660100173056154,,
factor_filtered,30.0,,,,,,,,,,,0.004420242048233564,-0.7175535181724687,-0.6234722170851711,-2.1100573298206324,-1.3919529828697423,0.3854070215799082,0.4985873439264919,,
factor_filtered,31.0,,,,,,,,,,,0.2861440969780728,1.0632094382022441,0.6254643206646568,-2.0492821812626625,-1.3113541494478524,0.3677976457933234,0.5190904805330188,,
factor_filtered,32.0,,,,,,,,,,,0.6001634282262331,0.10210458479739637,0.3304803455570305,-1.8888050108566148,-1.2730476469966305,0.3710017543471936,0.5291285751206646,,
factor_filtered,33.0,,,,,,,,,,,-0.12080290377844094,-0.3003964960443757,0.17683522689301712,-1.9189205910646323,-1.3783274232438674,0.3712095859673129,0.5019957067479327,,
factor_filtered,34.0,,,,,,,,,,,-0.5831357282606002,-0.643703674724409,0.09547103264297527,-1.5138874360269732,-1.4102563953100864,0.3809048441761424,0.49404523475565976,,
factor_filtered,35.0,,,,,,,,,,,-0.23593107235369004,-0.04135852693774206,1.0090045589417982,-1.6620279734614516,-1.2528010378758163,0.37165852280521827,0.5345123094517846,,
factor_filtered,36.0,,,,,,,,,,,0.42665959295793626,1.0246005102179538,0.29199019538393334,-1.5607993168744252,-1.1996420987258998,0.37793958647999265,0.5489098550738384,,
factor_filtered,37.0,,,,,,,,,,,-0.06509752064473351,-0.6696712549410888,-0.6595544402112126,-1.4278997545049366,-1.1821549427948999,0.38601090632703544,0.5537303345964814,,
factor_filtered,38.0,,,,,,,,,,,-0.45371939519165305,0.08824101246930534,0.22178568413594346,-1.223961793905154,-1.2365406583443266,0.3861768380342044,0.5388757095601762,,
factor_filtered,39.0,,,,,,,,,,,-0.01330696859004238,-0.3032767794531452,0.13229499547156495,-1.3111715399657005,-1.3795549122324746,0.39731300108458156,0.5016877041738624,,
factor_filtered,40.0,,,,,,,,,,,-0.2308951074025309,0.61466763368891,-0.26826083394307443,-1.5375114118045778,-1.4166638058328593,0.4032427614480625,0.4924649921051551,,
factor_filtered,41.0,,,,,,,,,,,0.2387460157866918,0.12088698849330207,-0.3972120830374355,-1.4435044836881135,-1.458413108112504,0.41391419449947753,0.4822915105582339,,
factor_filtered,42.0,,,,,,,,,,,-0.45265386229190036,1.4481482150135456,-0.23939829057013295,-1.4607151074500713,-1.2628748993161014,0.37887348501030677,0.5318267770780799,,
factor_filtered,43.0,,,,,,,,,,,-0.18649001276579624,-0.8473770741894107,-0.04011083571270988,-1.2774871495499995,-1.3576172992900912,0.39929768656839193,0.5072209103668036,,
factor_filtered,44.0,,,,,,,,,,,-0.29741722458998476,0.4096937232785215,0.29138790730084596,-1.0340582564507879,-1.4332314210168555,0.40694141485925767,0.48840235713991687,,
factor_filtered,45.0,,,,,,,,,,,-0.8408671984367059,-0.50930249753024,-0.320356965463051,-0.8201657316497244,-1.320677551769088,0.3865158333911945,0.5166762673796113,,
factor_filtered,46.0,,,,,,,,,,,0.7378880224836994,0.03525993848673436,0.974973442962971,-0.6682553984698124,-1.059629520507468,0.3535206756848733,0.5887140128128389,,
factor_filtered,47.0,,,,,,,,,,,0.1783050636355274,0.4345981844507974,0.7308531842710889,-0.8050634257564627,-1.073880414737686,0.3641239391729987,0.5845340719078626,,
factor_filtered,48.0,,,,,,,,,,,0.08911423213989111,-1.6703781182449258,-0.6685395007427936,-0.8679250188001193,-0.9464491018908073,0.3368619151873857,0.6229901624399731,,
factor_filtered,49.0,,,,,,,,,,,-0.19941488819954514,1.253753591016473,0.4384753873209689,-0.7923872530142344,-0.9567224399570836,0.36773708686461254,0.6197982730226433,,
factor_filtered,50.0,,,,,,,,,,,0.6652084968411304,-0.5471540992585272,0.8282763157549576,-0.845894705609955,-0.8478168139658395,0.3280312995800318,0.6544838253118086,,
factor_filtered,51.0,,,,,,,,,,,-1.2196600993448408,0.4566111606927669,0.3831540842569748,-0.8405382884157003,-0.7830006696262202,0.323258275651704,0.676041824146996,,
factor_filtered,52.0,,,,,,,,,,,1.0540498570164587,-1.4246271533628867,0.30891021098153376,-0.8030027746925787,-0.7202521004715605,0.3392030716164742,0.6975883893479703,,
factor_filtered,53.0,,,,,,,,,,,1.1534570384553184,-0.7468988752256288,0.18539229565240722,-0.8540741376603069,-0.736783929917513,0.35829609938179446,0.6918459491664499,,
factor_filtered,54.0,,,,,,,,,,,-1.1489558735725647,-0.7682121609324983,-0.8302915604530002,-0.949242832193874,-0.6501067531814255,0.3437563673725951,0.7224887886244818,,
factor_filtered,55.0,,,,,,,,,,,0.6867567502324224,0.2505762609599639,-0.7216459263880142,-0.8900522418119764,-0.6730143007681909,0.3493885751580364,0.714260776318997,,
factor_filtered,56.0,,,,,,,,,,,0.24689864960983693,1.1150744246836772,-0.1904551980803915,-0.8772022573396742,-0.698067645209981,0.3705166758168906,0.7053692724402155,,
factor_filtered,57.0,,,,,,,,,,,0.245363220595514,-0.9359133524854839,0.8884266426646819,-0.9235085607787914,-0.6735771489883982,0.38402672503238694,0.7140597943975452,,
factor_filtered,58.0,,,,,,,,,,,-0.9827103185884426,0.397694263583562,-0.021404207696833332,-0.8172219178970369,-0.7302490886667294,0.3977393572889215,0.6941101980025908,,
factor_filtered,59.0,,,,,,,,,,,0.5809488345950848,-0.4100723905564091,1.2265099104437294,-0.7947007831766142,-0.6563052923655119,0.40019046245078715,0.7202530674322556,,
factor_filtered,60.0,,,,,,,,,,,-0.06209794863446292,-0.7955387520737929,0.025879883618376807,-0.6296714159560367,-0.8059440201243949,0.4108159162782091,0.6683308055994456,,
factor_filtered,61.0,,,,,,,,,,,-0.576629095542936,-0.059504731287230286,0.5269373004884912,-0.6605665303656388,-0.8919806217739836,0.39125148045587277,0.6401899749046106,,
factor_filtered,62.0,,,,,,,,,,,-0.23539161274233625,-0.855264891852137,-0.27325318538950694,-0.5235788596925813,-0.9406515287895243,0.3870939159311616,0.624798697956831,,
factor_filtered,63.0,,,,,,,,,,,-0.32233863207072466,0.5488228406412528,-0.622066070468329,-0.5086872188546354,-0.9577227707107219,0.3794209707163246,0.6194883488989842,,
factor_filtered,64.0,,,,,,,,,,,-1.1387286037218796,-0.14489597089950565,0.5674716113961246,-0.6603387089818014,-0.9165098284341212,0.3866910573018365,0.6323862514128316,,
factor_filtered,65.0,,,,,,,,,,,-0.05436196211374162,2.0863073410430726,-0.03351807629947318,-0.7831281570935649,-0.7722902560828694,0.38213270116379056,0.6796718790736715,,
factor_filtered,66.0,,,,,,,,,,,1.0590755622257852,0.9885742343825688,0.1899687043144954,-0.4727314597105862,-0.782775884650065,0.39021565007512,0.6761178104397206,,
factor_filtered,67.0,,,,,,,,,,,0.4144695872997677,-0.9237180318857542,0.7201409865074598,-0.6224151668639926,-0.7279865782397751,0.3904890685837825,0.6948958580900573,,
factor_filtered,68.0,,,,,,,,,,,-0.014163746986764186,0.3150747744907271,0.3703860198674514,-0.39440532252649385,-0.8691649063462656,0.41933391668733266,0.6475349868175636,,
factor_filtered,69.0,,,,,,,,,,,0.4210306344606547,0.4638151622318134,-0.7128089153259389,-0.5788895333046319,-0.8863206100719045,0.42953611743399517,0.6420042823187776,,
factor_filtered,70.0,,,,,,,,,,,0.3372384130060515,-1.0281648544353783,-0.25705878215525385,-0.5279457017822489,-0.904104456297042,0.4202118477143647,0.6363209349929005,,
factor_filtered,71.0,,,,,,,,,,,0.35081449469945575,0.9302340199235603,0.11292865685781246,-0.6178629045467523,-0.9915484961985426,0.42705652552470585,0.6090991308395441,,
factor_filtered,72.0,,,,,,,,,,,-1.0109623278947066,0.44860373259396585,-0.031590122400909554,-0.5589365118922393,-1.0076959613615775,0.4052384808622324,0.604201226133775,,
factor_filtered,73.0,,,,,,,,,,,-0.17153853604348593,0.16977762853594106,0.5393486668537759,-0.7855539381827301,-1.0684177558016543,0.39889300085924184,0.5861328093890176,,
factor_filtered,74.0,,,,,,,,,,,-0.2376460060047901,0.09954842206069256,0.0993601461767313,-0.9816689812882312,-1.1888430676667172,0.37670901466913426,0.5518817184515564,,
factor_filtered,75.0,,,,,,,,,,,-0.22452160680308234,0.22914334119938434,0.646778342466227,-0.985464506463468,-1.2100629979267383,0.37983719077227046,0.5460572261322484,,
factor_filtered,76.0,,,,,,,,,,,0.6618310232465054,0.2818251777240535,0.7168125479505086,-0.9402229821106529,-1.1193638718477668,0.36977799758421626,0.5713907738281538,,
factor_filtered,77.0,,,,,,,,,,,0.4316745243893076,0.48357594306170043,-0.44950070022347044,-0.8162383537809588,-1.1671557357415336,0.36424768985519684,0.5578987035868975,,
factor_filtered,78.0,,,,,,,,,,,0.10012921872605567,0.2639608334056353,0.29975033188112743,-0.6739917872544452,-1.264860842917479,0.33964499084494343,0.5312989501875687,,
factor_filtered,79.0,,,,,,,,,,,0.1491425957582966,-0.4093823478749491,0.5446798560614972,-0.9624491410457536,-1.3073160004102027,0.3295591199540928,0.5201396216858957,,
factor_filtered,80.0,,,,,,,,,,,-0.2886858637822775,-1.473071078271619,-0.2822177326004388,-1.0403184100936669,-1.2194075822841224,0.32864062388595017,0.5435118382539599,,
factor_filtered,81.0,,,,,,,,,,,-0.15911109566506684,-1.1926079766480162,-0.4006733509893705,-1.0606710721626011,-1.2298645032183382,0.35407486663847393,0.540677524100748,,
factor_filtered,82.0,,,,,,,,,,,-0.14774641082231355,-0.5958056632853919,-0.9286092594755068,-1.0242142725276406,-1.1712962735345576,0.36156531798236125,0.5567448980094591,,
factor_filtered,83.0,,,,,,,,,,,-0.021750123249658148,0.6339774697020386,0.6074026108605336,-1.0350330665336946,-1.199995193135888,0.3767702672306388,0.5488129551270904,,
factor_filtered,84.0,,,,,,,,,,,-0.12935888373729387,0.21837048580856838,0.04961102137952946,-1.07874217500889,-1.3507564168477884,0.36459506391864066,0.5089638897708827,,
factor_filtered,85.0,,,,,,,,,,,0.1594017216796662,-0.28029149705017237,-0.5141122191545638,-0.9720139241129837,-1.384251515290493,0.3764897684324335,0.5005109723723693,,
factor_filtered,86.0,,,,,,,,,,,0.18522561082530972,0.4452305875913493,-0.5196179969701427,-1.0161994529589125,-1.4035694583461291,0.3810535402231553,0.49569982391873846,,
factor_filtered,87.0,,,,,,,,,,,-0.29579366805804697,0.3465766642681178,0.37462063824245856,-0.7032663247606641,-1.4502537334967114,0.365627685075882,0.4842631281696291,,
factor_filtered,88.0,,,,,,,,,,,-0.37127490056578033,-0.21857309921905854,0.11920271596909289,-0.6938046742379549,-1.4855672374877862,0.3736043976659384,0.47578765903540254,,
factor_filtered,89.0,,,,,,,,,,,-0.2918980109384029,-0.33163474681353966,-0.1774409703587634,-0.8462371449365199,-1.5768421974613922,0.3667819994588779,0.45456193740501594,,
factor_filtered,90.0,,,,,,,,,,,0.14565147810357235,0.8988290014988487,0.13570600915771183,-0.9564225861204558,-1.568743538714603,0.36301302398120067,0.4564063401871257,,
factor_filtered,91.0,,,,,,,,,,,0.40187299715241215,1.4732341562197255,-0.9076712468111849,-1.0443790766106955,-1.248586168098592,0.33680655798987114,0.5356399471352676,,
factor_filtered,92.0,,,,,,,,,,,0.17044336358967097,-1.6864834960621844,0.5914622189544216,-0.9109372185990116,-1.1811806567393612,0.36239325612301826,0.5540001461813249,,
factor_filtered,93.0,,,,,,,,,,,-0.3011760157582662,-0.028174169404685118,0.22565116823302891,-0.8803166745750903,-1.2353099347272753,0.38928114158843496,0.5392074151403873,,
factor_filtered,94.0,,,,,,,,,,,0.1049426020483426,-2.035534534844795,1.1458425149108207,-0.62880084965356,-0.9592949318179109,0.37129818722977465,0.6190015725025318,,
factor_filtered,95.0,,,,,,,,,,,0.057770152446550316,1.514929350229123,-0.8610819685690839,-0.41515441180166857,-0.916769499262941,0.3768505716245455,0.6323041506117233,,
factor_filtered,96.0,,,,,,,,,,,-0.3138827697366057,2.013161085783379,0.5972367391088991,-0.502095879953254,-0.8249821677789966,0.38168064254194933,0.6619990991216405,,
factor_filtered,97.0,,,,,,,,,,,-0.7258244493341782,-0.5874235083863055,0.2516112674215498,-0.6500373477945507,-0.8327364012453109,0.35575816872159566,0.6594374205095428,,
factor_filtered,98.0,,,,,,,,,,,-1.0971312213520503,0.8046988180890439,-0.587498021198108,-0.4970764899438652,-0.6805235880259404,0.34218006594454076,0.7115840099423552,,
factor_filtered,99.0,,,,,,,,,,,0.5615698344984443,-0.3507880619149437,-0.4518001682154529,-0.5359830042629086,-0.7877087091180182,0.3798079425064632,0.6744522799870962,,
factor_filtered,100.0,,,,,,,,,,,-1.449632556274628,1.4260182353963224,-0.5547077213556744,-0.3447572137866621,-0.5936817953116371,0.35198420862579805,0.7431622418111785,,
factor_filtered,101.0,,,,,,,,,,,1.2998379526111934,0.08404465179096106,-0.30527249779750526,-0.3486732969307466,-0.6026188770395144,0.36915155044329395,0.7398487996045858,,
factor_filtered,102.0,,,,,,,,,,,-0.8538080066925797,0.6899866446417047,0.5513504402290483,-0.5046434407172592,-0.6653286433120589,0.3761226494536326,0.7170108387748145,,
factor_filtered,103.0,,,,,,,,,,,0.6158107504636205,0.23534252364865796,-0.5746846575989216,-0.8245334420885156,-0.7016314407252813,0.3623602622138703,0.7041134956805094,,
factor_filtered,104.0,,,,,,,,,,,0.3413440488469221,0.7152408034893912,-1.450647069237457,-0.6546309499183555,-0.5284459776331528,0.3150459195847896,0.7678023092378798,,
factor_filtered,105.0,,,,,,,,,,,0.13360169439150468,0.6676161661183853,-0.6411266964197258,-0.8117327291209924,-0.5971910100784269,0.33323272106833834,0.7418594271529877,,
factor_filtered,106.0,,,,,,,,,,,0.11831708153409186,-0.7742134457123898,1.2200815108221434,-0.6883481948025518,-0.5924217072169484,0.3291578162772314,0.7436306142899952,,
factor_filtered,107.0,,,,,,,,,,,-0.2322629298412254,0.07206382978753345,1.2589265295448018,-0.6285831208656674,-0.5856761674547322,0.3419689959895086,0.7461429436012595,,
factor_filtered,108.0,,,,,,,,,,,-1.3582043572531652,-0.4264589923339414,-0.8466131441300367,-0.6898897659120673,-0.4684026730705215,0.32356653895030785,0.7912025018878371,,
factor_filtered,109.0,,,,,,,,,,,-0.9078327690853261,0.9785997052643132,0.2476727945718708,-0.8242843112736856,-0.4545721132570344,0.3268636628390878,0.7966928504202279,,
factor_filtered,110.0,,,,,,,,,,,0.16902654827292826,-0.871785381741221,0.9377305612164185,-0.7532396594708283,-0.47077326262126695,0.32214951190399604,0.7902652492661362,,
factor_filtered,111.0,,,,,,,,,,,0.8275810750580903,0.2578127539681026,-0.2723775518245732,-0.711117028197924,-0.523949578565228,0.3375818593633119,0.769530423877065,,
factor_filtered,112.0,,,,,,,,,,,0.5587403173126773,-0.42071182542907776,0.45314149397826486,-0.5341594045414111,-0.5945111538629512,0.3525390932475259,0.7428541317188987,,
factor_filtered,113.0,,,,,,,,,,,-0.1869137873010155,0.000794789711914565,-0.2213848194411279,-0.34243327059727263,-0.8036226960766993,0.4065825084312606,0.6691069621254422,,
factor_filtered,114.0,,,,,,,,,,,-0.6741085426414715,0.6342709822172375,0.6910946840172469,-0.3463481632645729,-0.7367061053839856,0.3923185953648473,0.6918728709843743,,
factor_filtered,115.0,,,,,,,,,,,-0.9486536806069242,0.16351500692499016,0.08924800780056442,-0.1902046554273986,-0.8109988092392926,0.38898954209302894,0.6666438027177578,,
factor_filtered,116.0,,,,,,,,,,,0.2926370477353927,0.6301373010937418,-0.5353975639697276,-0.3151517745677942,-0.8478569937737588,0.41458105232920944,0.6544706769266903,,
factor_filtered,117.0,,,,,,,,,,,-0.8382629984476007,-1.272758702855137,0.272856040429062,-0.3971073456401519,-0.8252366466691483,0.3969177660502613,0.661914872082242,,
factor_filtered,118.0,,,,,,,,,,,0.5829617994408212,-0.046307968911286516,-0.013972654080955545,-0.641586149653006,-0.9009550864315791,0.39009082703965564,0.6373237293169584,,
factor_filtered,119.0,,,,,,,,,,,-0.36137687025365434,0.4771497285950856,-0.9139164563525093,-0.5092573722743449,-0.8329301524904257,0.36795645893708406,0.659373540193166,,
factor_filtered,120.0,,,,,,,,,,,-0.722601068077959,0.3140246296083621,-0.18681816646611665,-0.3564139367608789,-0.8848469788638381,0.3722261761934257,0.6424774954058307,,
factor_filtered,121.0,,,,,,,,,,,0.3714634006286329,0.4836312082608195,1.088371807246785,-0.2798540351742814,-0.8209542443393665,0.33474831134126826,0.6633336834155692,,
factor_filtered,122.0,,,,,,,,,,,-0.14745565204133548,-0.13615056822920665,-0.17492142630585658,-0.3933542359445428,-0.9679150338790974,0.3359847123487142,0.6163393853394755,,
factor_filtered,123.0,,,,,,,,,,,0.004382121668159048,-0.68381148416735,-1.2772119906276962,-0.16484449866498657,-0.8599013371682552,0.352675704357542,0.6505411860495459,,
factor_filtered,124.0,,,,,,,,,,,-0.2841306808257661,1.5556431578981824,-2.0585387336785685,0.06354039676715467,-0.5825137347867608,0.35985188238908944,0.747323690273119,,
factor_filtered,125.0,,,,,,,,,,,-0.7175751126241612,-2.147642786125854,0.1067401703817001,-0.03115991265366265,-0.5004529754915137,0.33315552251677216,0.7786244142111001,,
factor_filtered,126.0,,,,,,,,,,,0.780756095095957,-0.15203167986369182,-1.6248578062874857,0.048693519356673806,-0.4622568472361215,0.33040606637773934,0.7936375376863607,,
factor_filtered,127.0,,,,,,,,,,,-1.0522659648242947,-0.7966110970829732,-1.4730410629562765,0.2111302061696843,-0.38095162365872487,0.3363125703183584,0.8265657506006785,,
factor_filtered,128.0,,,,,,,,,,,0.15839607940116113,-0.523186089579286,-0.3984923357324145,0.12053598611689303,-0.5043405985514758,0.33661273996348257,0.7771123851231072,,
factor_filtered,129.0,,,,,,,,,,,-0.0492387363650476,-0.2600855696319688,0.2769696777972902,0.0764460805595521,-0.6269741532209778,0.34337857436136027,0.7308938245681558,,
factor_filtered,130.0,,,,,,,,,,,-0.18376408878354264,0.9119299605587194,0.08383865694313221,0.11083243372110976,-0.7317530252487645,0.3412987604803096,0.6935884453385363,,
factor_filtered,131.0,,,,,,,,,,,-1.3940642650747883,0.9104359707437976,-0.8680653256487916,0.21064123217287806,-0.5561008665833989,0.31114275089830196,0.7572586295059155,,
factor_filtered,132.0,,,,,,,,,,,0.15863506694795104,-0.5778125160163753,-0.1438473810840574,0.517140613746071,-0.6754811710432713,0.3266094846322871,0.7133803250814887,,
factor_filtered,133.0,,,,,,,,,,,0.6105083596594232,-2.989048533171545,-1.0057769414423299,0.4817494435542719,-0.4072271457923209,0.3276111858513482,0.8157775488423529,,
factor_filtered,134.0,,,,,,,,,,,0.07516073490892565,0.5410891420709665,-0.4632559260394881,0.24145111631865643,-0.5063248985233437,0.3241500159020027,0.7763417554344704,,
factor_filtered,135.0,,,,,,,,,,,0.014059485496286163,-1.2611772484242765,-0.3892334572093285,0.1442242264966491,-0.5975535390304476,0.33718281094427976,0.7417249665794823,,
factor_filtered,136.0,,,,,,,,,,,-0.5750545237707338,-1.5600170150916748,0.7577294364071898,0.015881419023163562,-0.5471459044831203,0.3316803532254678,0.760656842709962,,
factor_filtered,137.0,,,,,,,,,,,-2.091433788477026,0.8774652275264502,-0.10330352010965224,0.010850399220519044,-0.39662308634507404,0.32564276362632283,0.8201143123191963,,
factor_filtered,138.0,,,,,,,,,,,-0.04364833891452063,1.5548798446134697,-0.7300404971844832,-0.008776209686276919,-0.41484114594274457,0.3297701702307358,0.8126777877916306,,
factor_filtered,139.0,,,,,,,,,,,1.661531242264704,0.3196099915086466,-0.21288921427644614,0.028082420022067095,-0.4475997856026031,0.33950350342487157,0.799475099086293,,
factor_filtered,140.0,,,,,,,,,,,0.352619102105527,-0.6283119562620648,0.24359519840714344,-0.11262849758599995,-0.5652635939579266,0.34515362332202676,0.753797287206932,,
factor_filtered,141.0,,,,,,,,,,,-0.2731978206760287,0.29882392581076345,-0.44334599833757976,0.04498948099435482,-0.7370523730503371,0.3687076588917302,0.6917530947511089,,
factor_filtered,142.0,,,,,,,,,,,0.156668967286768,0.8218099361270712,0.38382368020104624,-0.03524497376837838,-0.7932394277187156,0.3757268228320045,0.6725897535663001,,
factor_filtered,143.0,,,,,,,,,,,-0.10550999732227151,-0.335049561422146,0.6763612685836553,0.1193284694958659,-0.8614197935989903,0.3845612390969258,0.6500474642733062,,
factor_filtered,144.0,,,,,,,,,,,1.1793106425436053,0.4915486908003755,0.2504782157331113,0.04669044188639898,-0.821513630083119,0.36895801183242133,0.6631481796558915,,
factor_filtered,145.0,,,,,,,,,,,0.27860716958209286,-0.36059805995636074,0.31107513579556073,-0.011101569053830113,-0.9213517506416329,0.3826020565277133,0.63085712062555,,
factor_filtered,146.0,,,,,,,,,,,-0.6448888624902359,-0.031685510140856916,0.5532117094319109,0.07718375203910752,-0.9246929677577436,0.3809157514643412,0.6298040851708566,,
factor_filtered,147.0,,,,,,,,,,,-0.6063272262448411,-0.801626892679664,0.32930963573392313,-0.013631924954269403,-0.954871472276916,0.37644750839662466,0.6203721518252551,,
factor_filtered,148.0,,,,,,,,,,,-1.5371820063364858,1.4783992530391386,0.5210499485139027,0.20820367629082331,-0.7378912609584144,0.3455344693785451,0.6914630039404994,,
factor_filtered,149.0,,,,,,,,,,,0.5725377032981804,0.27452934307461807,-1.7378252727520591,0.011915037419658464,-0.5671982933864322,0.33682011445448556,0.7530684541915871,,
factor_filtered,150.0,,,,,,,,,,,0.07226572229654873,-1.012518897007129,-0.14357864294386988,-0.3240243738664282,-0.6259493647600981,0.3594092825218479,0.7312684263106185,,
factor_filtered,151.0,,,,,,,,,,,1.9664420772033482,0.1422875472005315,-0.030043555990294006,-0.31484237397507936,-0.5839578082827044,0.39005374282068694,0.7467842898630049,,
factor_filtered,152.0,,,,,,,,,,,0.60308866765575,0.7089766351370385,0.6742721569223051,-0.5244953459973396,-0.6358599381441818,0.4020999887750597,0.7276537448972614,,
factor_filtered,153.0,,,,,,,,,,,-0.4709009497913891,-0.2111600484657275,-0.4753327566679871,-0.6861062864476213,-0.7547101311179214,0.4066869821886154,0.6856725719539769,,
factor_filtered,154.0,,,,,,,,,,,0.08539214966048941,-0.7268502610984007,0.6427287572961841,-0.6233373843934059,-0.7648142420838229,0.3820186863741404,0.6822172516614938,,
factor_filtered,155.0,,,,,,,,,,,0.6898908879697916,-0.024948966679110608,-1.4441352203433375,-0.7533203808439193,-0.6737438370233036,0.40183781905727617,0.7140002842655198,,
factor_filtered,156.0,,,,,,,,,,,-0.7214149449160573,1.139146648688539,0.11932444578944065,-0.8788565089285684,-0.6573457720997832,0.37940091854493235,0.7198784605233238,,
factor_filtered,157.0,,,,,,,,,,,-0.7834390806057138,-0.2249297675443259,0.6300756268310824,-1.005055665451852,-0.715813249374342,0.3830161529273605,0.6991383542212809,,
factor_filtered,158.0,,,,,,,,,,,-0.7106376532970753,0.6355458826719587,-0.30964102356530504,-1.145018234008019,-0.7626288428079059,0.3969113081368772,0.6829631176349197,,
factor_filtered,159.0,,,,,,,,,,,-0.1687980369131067,0.43409277286183345,-0.17880622192620965,-0.9800710391003937,-0.904301940579523,0.4155101118149765,0.636258106403229,,
factor_filtered,160.0,,,,,,,,,,,0.43781151590429307,0.3942640548032191,-0.37840776621242045,-1.0757507049710813,-1.0022553202549154,0.40944647742578755,0.6058470847641388,,
factor_filtered,161.0,,,,,,,,,,,-0.3107337919523069,0.5199613449610728,-0.015831840182675565,-1.0349860043608794,-1.09197697002281,0.42976357659387937,0.5792689016171737,,
factor_filtered,162.0,,,,,,,,,,,-0.35066662535168,0.8009532275486091,-0.22030565775778022,-0.7491181629074535,-1.180173627300463,0.4462895871245368,0.5542791636483101,,
factor_filtered,163.0,,,,,,,,,,,0.3600280279736084,-0.062220432945948485,1.1167839445718069,-0.5990337669510051,-0.9455263558034122,0.37948894144818646,0.6232776596240373,,
factor_filtered,164.0,,,,,,,,,,,-0.17767418830805798,-1.367062283307809,-0.06800970748875468,-0.5851360895182893,-0.9416315747068482,0.38638878767888524,0.6244926072521514,,
factor_filtered,165.0,,,,,,,,,,,-0.20703500567225838,0.0589687486648381,0.2457577858205933,-0.5425698524185927,-1.0685053048307385,0.3945123826230024,0.5861071522713974,,
factor_filtered,166.0,,,,,,,,,,,0.5444199505351839,-0.20569832601286983,-0.6884524123244792,-0.4063455813127731,-1.032887125806178,0.39611183569763647,0.5966386871837477,,
factor_filtered,167.0,,,,,,,,,,,0.11920177506384394,1.0005223918724881,-0.6692614140560023,-0.31679867753338925,-0.9258705531238325,0.3658353778335762,0.6294333702815735,,
factor_filtered,168.0,,,,,,,,,,,0.16406713829107855,0.34102079895690657,-0.8442477658508452,-0.48871588402111676,-0.9153162850137506,0.3802253431672837,0.6327637542678934,,
factor_filtered,169.0,,,,,,,,,,,-0.23916949459056278,-0.11115257430638413,0.8354759462598829,-0.3381115001449505,-0.9127260832583,0.38870707099429425,0.633583778053583,,
factor_filtered,170.0,,,,,,,,,,,-0.2709818364366303,0.6740120882253842,0.25386472349311445,-0.21742254784244588,-0.9691077214894428,0.3708752785288332,0.6159719447364973,,
factor_filtered,171.0,,,,,,,,,,,-0.3737363761245714,-0.18994458197568842,-0.9611775999864385,-0.1841316106424294,-0.938403469700967,0.3664744629091177,0.6255013849990755,,
factor_filtered,172.0,,,,,,,,,,,0.066792541050378,-0.2518276989839366,0.5645662195258845,-0.02050398098729886,-1.0273559287933482,0.3933203984942807,0.5982910340567451,,
factor_filtered,173.0,,,,,,,,,,,-0.6072596985709837,-0.41552146842125126,-0.12596495878218894,-0.20144468442773847,-1.0680601698956078,0.39589916395991026,0.5862376151738607,,
factor_filtered,174.0,,,,,,,,,,,-1.3697145922259393,-0.7721722547089581,1.1808598751373782,-0.07391241153872008,-0.6426295130825777,0.38014313570088976,0.7251949552073693,,
factor_filtered,175.0,,,,,,,,,,,-1.037077259673057,-0.28723420723149223,1.1596187867254544,-0.07440866256765481,-0.5739731145195781,0.3568378146305844,0.7505218178390758,,
factor_filtered,176.0,,,,,,,,,,,0.32810566568362926,0.6018011962267427,1.3653185526043436,-0.263173626792694,-0.5511658229836781,0.39324542035507526,0.7591294889263032,,
factor_filtered,177.0,,,,,,,,,,,0.4729629773411984,0.44068851196286507,1.071719420920201,-0.3733434021846595,-0.5840219111696527,0.4284318025415387,0.7467603547321309,,
factor_filtered,178.0,,,,,,,,,,,0.9148402927675041,0.6850337488948309,-0.8872703668552381,-0.33913219719881726,-0.5469522292237738,0.41706193383155327,0.7607305064822598,,
factor_filtered,179.0,,,,,,,,,,,-0.618182231395005,1.8588818139468526,0.7189971656519413,-0.3127537452875062,-0.4433550144599421,0.37966109214230065,0.8011736954017741,,
factor_filtered,180.0,,,,,,,,,,,3.207503443084761,-0.523852540351962,-1.0505989608567057,-0.3000686838167065,0.01613307847720309,0.33618005702739656,1.0080991614232944,,
factor_filtered,181.0,,,,,,,,,,,0.04738200776388014,-0.40938743012813605,-0.36120401088438714,-0.43597178854518487,-0.16165104801348532,0.34184218174798453,0.9223546061423662,,
factor_filtered,182.0,,,,,,,,,,,0.09666640643844478,-0.20684030100581044,-0.6977400411602024,-0.382254387823012,-0.2861244366684953,0.3706600591974776,0.8667001425787401,,
factor_filtered,183.0,,,,,,,,,,,-1.4842775673416393,1.6115417840381718,0.051639003510415095,-0.3779905604442061,-0.2391987067492978,0.34467816642945354,0.887275849589813,,
factor_filtered,184.0,,,,,,,,,,,1.6784539876370574,1.1055093714842206,-0.45701466485037173,-0.6651985462092981,-0.21196734924371216,0.35671533097548513,0.8994393316432729,,
factor_filtered,185.0,,,,,,,,,,,0.7098521808973093,-0.17089925929883068,-0.867604495549007,-0.8793013353758096,-0.28013865840942764,0.3275505644863292,0.8692979655729879,,
factor_filtered,186.0,,,,,,,,,,,-1.542287224614964,-0.08057245768837663,0.39659287956637174,-1.0081509436440852,-0.3579135359025869,0.3346210604056172,0.8361420467493585,,
factor_filtered,187.0,,,,,,,,,,,-0.8722100744163716,-0.2814107248308623,0.5377164649987063,-0.8298949418372926,-0.4321199489995673,0.3400771516682459,0.8056869797508538,,
factor_filtered,188.0,,,,,,,,,,,0.13075312061096356,-0.5342866060536485,0.17626845937427343,-0.9025013642355735,-0.5623151008913437,0.3720938146496668,0.7549093897996767,,
factor_filtered,189.0,,,,,,,,,,,0.22319414756990064,0.43938180727731285,-0.29841146805289975,-1.021078946293619,-0.6951712635631275,0.38952567368024976,0.7063915217750837,,
factor_filtered,190.0,,,,,,,,,,,-0.02593303966447782,0.8669722253056594,-1.2839573918333993,-0.9766955374178393,-0.5806745496224338,0.37110950480553706,0.7480112396793839,,
factor_filtered,191.0,,,,,,,,,,,-0.43166951813815707,0.07571949909448009,0.06994448316354472,-0.5672384200208719,-0.7267821161243377,0.3654064639949349,0.6953144719961749,,
factor_filtered,192.0,,,,,,,,,,,-1.9907781727541378,-0.8757923298934486,0.11079612152746164,-0.48218887706992775,-0.5779311890630019,0.3546326370445641,0.7490379759618293,,
factor_filtered,193.0,,,,,,,,,,,0.9308419867872146,-1.3133373546311295,0.5027956034670885,-0.480463342675928,-0.5531114755320286,0.35330826475936056,0.7583913469141604,,
factor_filtered,194.0,,,,,,,,,,,-0.8040813104398199,0.5899131219691112,-0.33627735358124383,-0.6581673417207465,-0.6575353511419757,0.35995900938904085,0.7198102268227743,,
factor_filtered,195.0,,,,,,,,,,,-0.7842339959912742,-1.03308494895316,0.7116107910272159,-0.5783150329348106,-0.6400275562956547,0.3654097624672273,0.7261390321538382,,
factor_filtered,196.0,,,,,,,,,,,-0.1684923277790741,0.3719285751030778,0.4647112882230677,-0.6093783907823129,-0.7358107897024181,0.37108459691098394,0.6921826626350533,,
factor_filtered,197.0,,,,,,,,,,,0.5450110959933487,-0.0063162886998193064,0.10919953978087624,-0.6641633814204722,-0.8674017848534645,0.383670965428775,0.6481060799335143,,
factor_filtered,198.0,,,,,,,,,,,-0.43404246270498537,0.23286666063279549,-0.28999776337740396,-0.7990853555062384,-0.9895730651278344,0.38322531510000873,0.6097010447245579,,
factor_filtered,199.0,,,,,,,,,,,-2.113281294887929,0.7806627589718279,-0.009410652777744308,-0.7422998195645865,-0.839290823570923,0.430152789362983,0.6572798421848147,,
factor_filtered,200.0,,,,,,,,,,,-0.8002874814821547,0.004087228672065682,0.4228716650459667,-0.8761861172008348,-0.9198774970327918,0.4231903001084616,0.6313223137510199,,
factor_filtered,201.0,,,,,,,,,,,1.1189953273091113,-0.6703973935232085,0.6761581430735026,-0.8896516719325865,-0.8259396753712847,0.3839160498692913,0.6616822403946033,,
factor_filtered,202.0,,,,,,,,,,,0.046665203466239695,-0.5802109621964366,-0.08242262778991989,-0.7730548288019542,-0.9416712344635313,0.4143367317813574,0.6244802237625063,,
factor_filtered,203.0,,,,,,,,,,,-1.0852105132056329,-0.3127211103421635,0.1315461257103856,-0.7881972213470035,-1.0579603829630497,0.4318326249095273,0.5892055402218782,,
factor_filtered,204.0,,,,,,,,,,,-0.6764006689845684,0.025833205504306643,-0.11985558852082231,-0.8632028553644604,-1.2338248871966053,0.45362697319685724,0.5396079381410951,,
factor_filtered,205.0,,,,,,,,,,,-0.29766969111939257,0.11637373459472784,0.7095569072438388,-0.8505521004845177,-1.1676664748818704,0.40550718634649724,0.5577562514245129,,
factor_filtered,206.0,,,,,,,,,,,1.0523274141131935,0.4862104684321175,-0.27400831034753026,-0.63787764187055,-1.1377921414174414,0.3943768969693776,0.5661500835146993,,
factor_filtered,207.0,,,,,,,,,,,1.3085583886262526,1.146316743025436,-0.6780925960602964,-0.576680165930133,-0.9034824697361559,0.35714191753951846,0.6365188573025475,,
factor_filtered,208.0,,,,,,,,,,,1.1852431687370288,0.5924764864692076,0.5746089808820922,-0.4925572464046333,-0.9012571326395418,0.37204558282393896,0.6372274859767828,,
factor_filtered,209.0,,,,,,,,,,,-0.4945815258632137,1.1402281613219023,0.6185471782492962,-0.21301923928824434,-0.8412398928265958,0.3780794957370045,0.6566396122322258,,
factor_filtered,210.0,,,,,,,,,,,-2.399393716991203,0.15166534076801313,-2.7175098017280375,-0.21565771231320427,-0.36662297595981963,0.28153269409762954,0.8325087988618988,,
factor_filtered,211.0,,,,,,,,,,,-1.5955302541998309,0.179796449070747,-0.1944252119019894,-0.24867176085459808,-0.44721253193093463,0.3143545512622729,0.7996299139077256,,
factor_filtered,212.0,,,,,,,,,,,0.7359630151793276,0.6681620216388728,-0.743964436657268,-0.3204984358877072,-0.5124721272142999,0.34940385202159924,0.7739592436148799,,
factor_filtered,213.0,,,,,,,,,,,1.2803484279142405,-0.7505587066835211,0.2217261520634107,-0.5301616042773641,-0.5741876308999849,0.3785893775102318,0.7504413225441532,,
factor_filtered,214.0,,,,,,,,,,,-0.32482739682061257,-0.23244370109169255,0.18969090279404333,-0.47506866714169027,-0.71372901901485,0.3873202355731404,0.6998673166784072,,
factor_filtered,215.0,,,,,,,,,,,0.11505824893797226,-0.3244435616014621,1.465934118090492,-0.4289039354843143,-0.6088697040784932,0.3728256671324676,0.7375400759014021,,
factor_filtered,216.0,,,,,,,,,,,0.34325449640498373,1.9214875624330534,0.5940015954198654,-0.6591819363899672,-0.4973051114672913,0.37229842833415516,0.7798508810365475,,
factor_filtered,217.0,,,,,,,,,,,0.06413978194546859,-1.6580022330825555,-0.8633946699463176,-0.5476159306986419,-0.470298404599078,0.37681617651149507,0.7904529034391626,,
factor_filtered,218.0,,,,,,,,,,,-0.6992226324150258,1.748922865094671,-0.9018202503250202,-0.4710477621080032,-0.4606573474724344,0.3663127920640591,0.7942725030862601,,
factor_filtered,219.0,,,,,,,,,,,-1.2945688546833813,-0.35312656410935217,0.26853438004410884,-0.4193756526490877,-0.4679876779761213,0.3757528043270445,0.7913666915001992,,
factor_filtered,220.0,,,,,,,,,,,-0.05903543344980647,0.09059836390999329,-0.19474677415735628,-0.34976755817756,-0.6456164558620685,0.4148920352580441,0.7241127056453174,,
factor_filtered,221.0,,,,,,,,,,,-0.22422354344056153,0.9299998513828085,-0.21975153236521264,-0.2686164082195932,-0.7272159797623796,0.42437833697681193,0.6951636525223361,,
factor_filtered,222.0,,,,,,,,,,,-0.1981643823565324,-0.5128017046191607,0.2584479497226579,-0.5445608808062365,-0.839831343326409,0.4329459970992754,0.6571022298168524,,
factor_filtered,223.0,,,,,,,,,,,0.18898159029632772,-0.19798452931946942,-0.49335392016239665,-0.4783452212782518,-0.9526454112614673,0.4433855555311842,0.6210630293689471,,
factor_filtered,224.0,,,,,,,,,,,-0.22337441362350735,1.0474218078061182,-0.8210135099101487,-0.6525934392767713,-0.8547330715968233,0.38763554517422816,0.6522244448022426,,
factor_filtered,225.0,,,,,,,,,,,0.07302445146147496,0.2377098431555028,0.021375679361799356,-0.7430218615941224,-1.0104818669019202,0.4430245309632969,0.6033601882610984,,
factor_filtered,226.0,,,,,,,,,,,-3.4873541521956968,-0.6650635838097098,-0.5937723314019647,-0.7135657786393635,-0.5396775351195795,0.2879123603783975,0.7635025857984333,,
factor_filtered,227.0,,,,,,,,,,,-0.6887315181986068,0.46802703785094746,0.3110057164426618,-1.0579316155058862,-0.6005079658184915,0.31078037790866625,0.7406300894068825,,
factor_filtered,228.0,,,,,,,,,,,-0.4649216902348384,-0.423952817162574,0.008630417905131848,-1.113245038181116,-0.6989867990412274,0.360941502342179,0.705045175485056,,
factor_filtered,229.0,,,,,,,,,,,-1.267801442695981,-1.6383872439072884,-0.3154267013796067,-0.9694637360630725,-0.5757962415875976,0.3609531810452051,0.7498379812460584,,
factor_filtered,230.0,,,,,,,,,,,0.7459927087062722,1.4666949790018227,-0.4260869992518726,-0.8717600660922955,-0.6043311108491147,0.3470729247216356,0.7392156735938586,,
factor_filtered,231.0,,,,,,,,,,,0.24382215653869707,-0.535498901548122,0.0002565961059245508,-0.6849882235596036,-0.7594713656964724,0.36132385885841733,0.68404218940284,,
factor_filtered,232.0,,,,,,,,,,,0.41171374640774183,0.3598666487974665,-0.5884456457252886,-0.8027689148396076,-0.7940180253440179,0.34524058315062756,0.67232796613391,,
factor_filtered,233.0,,,,,,,,,,,-1.0485195786168122,-0.9436405795663457,-0.3847506563039511,-0.8958546416191343,-0.7412634999292675,0.3447347871216643,0.690298097058186,,
factor_filtered,234.0,,,,,,,,,,,-0.02158247000878417,-1.2446593622085227,0.7913298025433978,-0.7915294857534947,-0.6423190093833526,0.31967004832719587,0.7253075518056838,,
factor_filtered,235.0,,,,,,,,,,,0.17394573530862437,0.026787336548350412,-0.4636789039026382,-0.9324339786362359,-0.7364013110828354,0.34529680747398217,0.691978318473217,,
factor_filtered,236.0,,,,,,,,,,,0.6936799213029116,0.10225861587885572,-0.21927538792319937,-1.2514027751131125,-0.825910470326852,0.3507177235508579,0.6616919026947656,,
factor_filtered,237.0,,,,,,,,,,,0.4338859740362857,0.12253487158519279,0.5034841833773582,-1.372799117796497,-0.9121895691394302,0.35268807104859895,0.6337537641737583,,
factor_filtered,238.0,,,,,,,,,,,0.31830087791768774,-0.12787426891877804,0.5720117214074073,-1.3629019866279664,-0.9663667689072262,0.3383304330948127,0.6168166984079675,,
factor_filtered,239.0,,,,,,,,,,,-0.6008621749798881,-0.5319164972113251,-0.40411615375294574,-1.2741671659501115,-1.0060140867697875,0.33594660029604745,0.6047095351771172,,
factor_filtered,240.0,,,,,,,,,,,-0.5684907520887738,0.414284991526235,-0.12768133008040428,-1.3193902837241829,-1.0691472951821392,0.34203880298587025,0.5859190448954701,,
factor_filtered,241.0,,,,,,,,,,,0.33749797421528094,-0.1047202295755172,-0.2650318274717658,-1.3139494082893852,-1.1814562393653674,0.35942991394492213,0.5539238150327841,,
factor_filtered,242.0,,,,,,,,,,,0.026157993952238997,0.6582136373311993,-0.651983520106537,-1.233122503202079,-1.10151387533263,0.3338193960857237,0.5765132605787741,,
factor_filtered,243.0,,,,,,,,,,,-0.15329682371225858,-0.5975021553245313,-0.27245420353583777,-1.3319988184255123,-1.1690157367867107,0.33375704026501735,0.5573800986898014,,
factor_filtered,244.0,,,,,,,,,,,0.40064346798998574,0.37665576050279753,0.22031653550983266,-1.4319664717055154,-1.2476174928140424,0.3490785432506385,0.5358994405605154,,
factor_filtered,245.0,,,,,,,,,,,0.706645515657862,0.4880341976081629,-0.04879324922048276,-1.308208412861232,-1.2499423420196711,0.3490950260652219,0.5352768597878813,,
factor_filtered,246.0,,,,,,,,,,,0.9508926928669291,0.6233688753708004,-0.555284874644217,-1.3943862953736985,-1.0925105577289096,0.33742842978983967,0.579114376849005,,
factor_filtered,247.0,,,,,,,,,,,-0.3523644077353922,0.9998496269181832,-0.15890761150714428,-1.3355683103900189,-1.1385690792539536,0.330117416638104,0.5659301945169716,,
factor_filtered,248.0,,,,,,,,,,,-0.06438781246561394,0.05895613486956511,-0.7144461352155029,-1.1982942147955082,-1.1267589379729275,0.31836419579067876,0.5692819386967037,,
factor_filtered,249.0,,,,,,,,,,,-1.0908299898079294,0.4926941993970304,0.23995892925853574,-1.2006643136776094,-1.0829782111722248,0.336679245608801,0.5818811244788119,,
factor_filtered,250.0,,,,,,,,,,,0.17220849801040913,0.7221366136936641,0.27328154386985803,-0.8854924522971834,-1.1387040857847996,0.34507837745630615,0.5658919936701957,,
factor_filtered,251.0,,,,,,,,,,,0.8572403694231885,1.1187475233364184,-0.37842944413408053,-0.9807834824589806,-1.0279035199649305,0.3576218346053082,0.5981272470357069,,
factor_filtered,252.0,,,,,,,,,,,1.1919412737281894,-1.7807545222849106,0.27466493562367256,-0.8956765327115253,-0.9105708254028578,0.3815438401352279,0.6342669142785176,,
factor_filtered,253.0,,,,,,,,,,,-1.560035255556281,-0.744559060603954,-0.45276018197224654,-0.9255089548678673,-0.8099619829246881,0.4012672311330744,0.6669894892327975,,
factor_filtered,254.0,,,,,,,,,,,-0.04288539856925473,-0.34272452656953195,0.19529260673466073,-0.8144144634001408,-0.9275747481389363,0.3993870795704683,0.6288972601170919,,
factor_filtered,255.0,,,,,,,,,,,-0.09001664977093918,0.8008463680621528,-0.13775976681745533,-0.7244785969323205,-1.0597479107413637,0.42651071668538604,0.5886791648494263,,
factor_filtered,256.0,,,,,,,,,,,1.1583065380191269,0.383003984571893,-0.5158956932751193,-0.621688184228606,-0.959544112995294,0.40873608093622876,0.6189244555363366,,
factor_filtered,257.0,,,,,,,,,,,0.554636860149166,0.903501316746627,0.12334800901100194,-0.6015271905189913,-1.035730626162914,0.3974240810449234,0.5957910187529821,,
factor_filtered,258.0,,,,,,,,,,,0.9813352995203699,-0.13303363465866128,0.10966622443195234,-0.8569161182927265,-1.1216889875975125,0.40092384547742327,0.5707268849637966,,
factor_filtered,259.0,,,,,,,,,,,-0.3629330860477757,1.0360996729444893,0.4817171960914173,-0.5523279999656393,-1.0930482968600603,0.40606527879757864,0.5789586915485406,,
factor_filtered,260.0,,,,,,,,,,,-0.22567519156501176,-0.0952060929425701,-0.5084641767615927,-0.69229235896631,-1.124138341089787,0.3909557294702215,0.5700283568422659,,
factor_filtered,261.0,,,,,,,,,,,-1.4274636254504176,0.17329679333522757,-0.3398369297232808,-0.6745939727856795,-1.0127481187197138,0.3856757826831666,0.6026768924026144,,
factor_filtered,262.0,,,,,,,,,,,-0.033219068484824324,0.516970207846841,-0.2496525586995178,-0.6084495677555262,-1.1226711099339048,0.40757599348123746,0.570446691954529,,
factor_filtered,263.0,,,,,,,,,,,-1.5365859945004587,0.5220245746793453,0.2612945210405343,-0.3597323440129202,-1.015713861604318,0.3848932925338471,0.6017838623379661,,
factor_filtered,264.0,,,,,,,,,,,-2.158614614841698,-0.2449687836127335,-0.11764938449707527,-0.25351556229971617,-0.9010259166694101,0.32439572594026617,0.6373011588209676,,
factor_filtered,265.0,,,,,,,,,,,-0.6799202937669251,-1.1174982737727919,-1.2934361127394258,-0.3425613368681283,-0.6518293666984769,0.3040420191229585,0.7218667720598696,,
factor_filtered,266.0,,,,,,,,,,,-1.7838518868763025,0.6932838050764556,0.7469178833631135,-0.5900939516027253,-0.5685800082472103,0.30167150891673516,0.7525483709267968,,
factor_filtered,267.0,,,,,,,,,,,-0.5063293440031955,-0.8725616408323382,0.17894649063213708,-0.24614444158910287,-0.6222340967612106,0.3251519512533052,0.7326281179157277,,
factor_filtered,268.0,,,,,,,,,,,-0.9282903055407185,0.30401149340275785,1.5149590062338247,-0.37081688211849706,-0.47844131081375957,0.3021720196987371,0.7872411541891712,,
factor_filtered,269.0,,,,,,,,,,,-0.4122236417278175,-0.21272053893219928,-0.1804896841711193,-0.7356005440112701,-0.6031805919620356,0.3257536208003656,0.7396410367262553,,
factor_filtered,270.0,,,,,,,,,,,-1.0781167336286757,0.6434178521452969,0.4745464306307458,-0.7637936652303102,-0.6085122076954248,0.3286284139107099,0.7376719216393961,,
factor_filtered,271.0,,,,,,,,,,,-0.30978413191357407,0.5515017842300959,0.008129587738284556,-0.6312390633785481,-0.7259612652536725,0.3516685973844288,0.6955999053115767,,
factor_filtered,272.0,,,,,,,,,,,-2.126177661931163,1.194689775626077,-0.5402566989342875,-0.5341743563348311,-0.5188539364875397,0.34801210814803524,0.7714935494654362,,
factor_filtered,273.0,,,,,,,,,,,1.6495201674862296,0.2816517056704357,0.4806612707001114,-0.3271003739890609,-0.5282085495321891,0.35160052588065216,0.7678934635705218,,
factor_filtered,274.0,,,,,,,,,,,0.24894342726355487,-0.9252128045758486,-0.13108445756754944,-0.4618530448071073,-0.5921979480337014,0.35409731975456793,0.7437138160336425,,
factor_filtered,275.0,,,,,,,,,,,-1.8539070793584174,0.10936679097640815,-0.05167092792403843,-0.39010006351327076,-0.6300431472254041,0.36030342739473553,0.7297731302563573,,
factor_filtered,276.0,,,,,,,,,,,-0.14662218110306352,0.24493769855776518,1.0959008180156038,-0.6025837371091959,-0.5772306168921685,0.3668789428808081,0.7493003995012313,,
factor_filtered,277.0,,,,,,,,,,,0.19330410966618525,-0.048523356639163705,-0.8344905996405669,-0.5703309399324659,-0.6362344694933788,0.3645452410947285,0.727517493085891,,
factor_filtered,278.0,,,,,,,,,,,-0.26185093372773327,0.3573099046342029,0.3611299388756344,-0.8155589236066956,-0.7512102252632393,0.34418771135757464,0.6868735171707894,,
factor_filtered,279.0,,,,,,,,,,,1.7533869411347347,-0.20566632459393813,0.32565740392917897,-0.9092603577405072,-0.7356201426373568,0.326524587051009,0.6922486470764972,,
factor_filtered,280.0,,,,,,,,,,,0.25755261908135746,0.3640983046354911,0.7445808684987978,-0.6220892854455373,-0.7286274346304735,0.32607491138387207,0.6946732295344319,,
factor_filtered,281.0,,,,,,,,,,,0.2575622069194327,0.2619519106678285,-0.3477574230191434,-0.9426807588681566,-0.8366174627366221,0.34965442636338434,0.6581590027258896,,
factor_filtered,282.0,,,,,,,,,,,0.4920855765882121,0.19567906590631207,-0.24313960811277882,-1.0051251894724835,-0.9475036071345004,0.37735808073240085,0.622661775822402,,
factor_filtered,283.0,,,,,,,,,,,0.3196157972113319,-0.12879178352913462,0.6206708090710183,-1.0293597879857694,-0.9865837903996058,0.37258843250698614,0.6106130080443963,,
factor_filtered,284.0,,,,,,,,,,,-1.9769186698879546,-0.4531414557647972,-0.2673412479185384,-1.3921498657250588,-0.8064238669093469,0.3313403783967731,0.668170476639373,,
factor_filtered,285.0,,,,,,,,,,,-0.6742580512769826,0.33177975513112734,-0.40049994390763377,-1.0976394396559805,-0.8696643147439497,0.3443522554068242,0.6473733147983892,,
factor_filtered,286.0,,,,,,,,,,,1.042710355760746,0.10540275746544364,0.3127542830118404,-1.1367898671757826,-0.9032083279307397,0.3448968416874283,0.6366061114967777,,
factor_filtered,287.0,,,,,,,,,,,0.310663119529833,0.26275515152091955,-0.19530824891352142,-1.0584070516635455,-0.9937431832136232,0.3413380567444394,0.6084311064560132,,
factor_filtered,288.0,,,,,,,,,,,-0.5011695194943149,-0.35559122692294803,0.25561323334444463,-1.1488559376516718,-1.0621091446526152,0.37001778985064376,0.5879845703516825,,
factor_filtered,289.0,,,,,,,,,,,-0.00040677265262946313,-0.5414386511775137,-0.23111658422379983,-0.8542939542199397,-1.1703359105131905,0.37615983110022116,0.5570123008114534,,
factor_filtered,290.0,,,,,,,,,,,-0.37290423849662785,-0.21379140697824625,-0.11783902376996831,-1.077415669607362,-1.2984313415166828,0.3896517683476422,0.5224553931452693,,
factor_filtered,291.0,,,,,,,,,,,-1.519991262483847,0.47408296728892396,-0.4303657017176074,-1.4883147563004082,-1.0965413996951197,0.3622571008016405,0.5779483929511705,,
factor_filtered,292.0,,,,,,,,,,,-0.11958497238921216,-0.4065593292162137,0.8000383698392732,-1.3028644587065459,-0.998850965882693,0.34826559378312316,0.6068792220411491,,
factor_filtered,293.0,,,,,,,,,,,0.46459108822233924,-0.45258308901212846,-0.40407050703876524,-1.311389601196883,-1.023521888746778,0.37282930072216536,0.5994390700011476,,
factor_filtered,294.0,,,,,,,,,,,-1.0803087697694556,0.7578278837043715,0.008271081406851613,-1.0303056483071131,-1.000538710061874,0.36450623551689665,0.6063673096285934,,
factor_filtered,295.0,,,,,,,,,,,0.4963143292579037,0.1707322711271973,-0.07261850951416096,-0.9826280557145313,-1.1458750476904036,0.3791610559530623,0.5638666318234921,,
factor_filtered,296.0,,,,,,,,,,,0.35651623067877286,-1.0875144388672233,0.3458491899093203,-0.8944377696684245,-1.0973784706719953,0.38862997413896316,0.5777065516513484,,
factor_filtered,297.0,,,,,,,,,,,-0.09786221878023021,0.7013852852240955,0.36977062653664367,-0.9488622334009763,-1.1286322219894704,0.40219962523296965,0.5687489749554486,,
factor_filtered,298.0,,,,,,,,,,,-1.7883312596345045,0.09281207214726411,-1.8634642854135994,-1.0727561534292898,-0.5119182961795513,0.3221765482058213,0.7741735946164416,,
factor_filtered,299.0,,,,,,,,,,,-0.08430321373794589,0.955829453048073,0.12983500842830456,-1.1239920223073998,-0.6098882133890695,0.36642694947446525,0.7371645758049891,,
factor_filtered,300.0,,,,,,,,,,,0.006729642490530927,0.29269949674035095,-0.7018604190984634,-1.1039879512530244,-0.7031792545056419,0.37604578706064223,0.703568788198357,,
factor_filtered,301.0,,,,,,,,,,,0.10483311777423024,0.9819805269714251,0.193581647875983,-0.9320329967640031,-0.755997033577924,0.40070913600605784,0.6852315170080662,,
factor_filtered,302.0,,,,,,,,,,,-0.5487459601712653,0.7952268309417511,0.3935098238411141,-0.7941264020966493,-0.8200455464371326,0.4056398595540052,0.6636351368562111,,
factor_filtered,303.0,,,,,,,,,,,-0.2462890194254412,0.12804922248509368,0.44066045115476116,-1.3061328612590892,-0.970646912613921,0.4091983836198659,0.6154980778276878,,
factor_filtered,304.0,,,,,,,,,,,-0.6751701860506707,1.0853604832392807,0.07833014153715394,-1.3870813575752416,-0.9722986077249811,0.4026587472066622,0.6149899800792,,
factor_filtered,305.0,,,,,,,,,,,0.5613982323265915,-0.4770782581443475,-0.5497468097616083,-1.683342359392455,-1.018536149670293,0.3947945594774927,0.6009352575241103,,
factor_filtered,306.0,,,,,,,,,,,0.14964977926849546,-0.01738946658183637,-0.12193311879146843,-1.621131625109238,-1.197136007160681,0.41916718096385985,0.5495980953610141,,
factor_filtered,307.0,,,,,,,,,,,0.3325741133279917,0.9171202680338013,0.7595287406291604,-1.6181024514853277,-1.0575436014999242,0.40769797367991917,0.5893283379899599,,
factor_filtered,308.0,,,,,,,,,,,0.8285841810551318,0.32751596228445723,-0.13896382091784143,-1.743037422040222,-1.0605100637308327,0.39079095415606435,0.5884548757951198,,
factor_filtered,309.0,,,,,,,,,,,-0.04981367387723436,0.389705915637433,-0.35546387520763795,-1.6872116773131334,-1.1411353646077107,0.39483109782746295,0.5652044910223849,,
factor_filtered,310.0,,,,,,,,,,,0.1500311576135287,0.31287563755718395,0.1391230311351613,-1.6846276435853742,-1.2685346925481764,0.36290612295247676,0.5303238897920971,,
factor_filtered,311.0,,,,,,,,,,,0.6541129967019055,-0.0797315707038203,0.14044441199153457,-1.760412136227178,-1.3132007061387463,0.36114725425781535,0.5186114367124378,,
factor_filtered,312.0,,,,,,,,,,,0.5239281932539855,-0.16950344515209786,-0.31980705329225023,-1.7354180052461543,-1.3823332798064019,0.36738585155145975,0.5009912516114121,,
factor_filtered,313.0,,,,,,,,,,,0.7071684069678176,0.13746069527746363,0.0033490610522487947,-1.9555605879583164,-1.4244005116906373,0.3757265552721724,0.49056364362505617,,
factor_filtered,314.0,,,,,,,,,,,0.3580252343786313,0.3754001657156683,0.12259941348630449,-2.146224153866761,-1.4563607112812367,0.3472978607405585,0.48278669137567193,,
factor_filtered,315.0,,,,,,,,,,,0.06493843214610025,0.40630258330843294,0.09819442450766466,-2.1210554226760396,-1.5643232828918354,0.335170691061463,0.4574161720962924,,
factor_filtered,316.0,,,,,,,,,,,0.13591901176675067,-0.16358064676716472,0.13478101806255827,-2.1698536517138343,-1.652153378229489,0.32868827488450153,0.43776340354175003,,
factor_filtered,317.0,,,,,,,,,,,-0.42679746574549077,0.8501594051478057,-0.6696411121956543,-1.8487404756553443,-1.445335172518217,0.32164534599017913,0.4854555326599698,,
factor_filtered,318.0,,,,,,,,,,,0.7492065771265952,0.5449839316779962,-0.7477023814981837,-1.9720453621282679,-1.288535546234125,0.31042743801224304,0.5250468548092688,,
factor_filtered,319.0,,,,,,,,,,,-0.6690447164399056,0.20573244701540155,0.02214586965253061,-1.9105770296955078,-1.3459559117092263,0.3165727454746805,0.5101869989532394,,
factor_filtered,320.0,,,,,,,,,,,-0.039421923646947916,0.30157560346093987,0.1344025614124374,-1.7386606234151432,-1.4327193714337065,0.3174859205666551,0.48852741626004254,,
factor_filtered,321.0,,,,,,,,,,,0.26022051990346184,0.6010142941409482,0.6535712594237372,-1.7636886892447345,-1.329226277162313,0.32629710777776083,0.5144725187817373,,
factor_filtered,322.0,,,,,,,,,,,-0.06302988590468382,0.18399688352033108,0.14833372498758274,-1.7843406907588835,-1.419855371303254,0.33042825946742577,0.4916797516762603,,
factor_filtered,323.0,,,,,,,,,,,0.4636495280466133,-0.4037080321439092,0.3865261066184097,-1.556536417713959,-1.4182341437046468,0.31556774457196957,0.4920784756515522,,
factor_filtered,324.0,,,,,,,,,,,-0.3540856620570555,1.1147245375199073,-0.23867643624362575,-1.413277895474362,-1.3674517877827932,0.3405560139573617,0.5047329033459628,,
factor_filtered,325.0,,,,,,,,,,,0.4911540303209346,-0.6507977995683996,0.20056507496057643,-1.498901079423106,-1.380748716392604,0.36152063801175466,0.5013883350955994,,
factor_filtered,326.0,,,,,,,,,,,0.4573144371744257,0.7838321066526096,-0.6225340539354807,-1.4814431191548987,-1.2781344381318411,0.35950155850208587,0.5277845018275893,,
factor_filtered,327.0,,,,,,,,,,,0.050518213243380246,0.28840386149641806,0.1743385059852802,-1.3205713692293206,-1.3743589253488995,0.3598517405965677,0.5029927800944145,,
factor_filtered,328.0,,,,,,,,,,,0.5081916158892461,-0.3981442055473539,-0.09090180741727766,-0.9631628545902544,-1.4274944015985687,0.39168074133669756,0.48980535533828856,,
factor_filtered,329.0,,,,,,,,,,,0.09903332524220201,-0.336102454751371,0.4296265917396496,-1.025753775212394,-1.5052529483510297,0.3788780520568716,0.47112752204220393,,
factor_filtered,330.0,,,,,,,,,,,-0.8482771290571073,-2.369242015299496,0.08295540008667023,-1.0020744200605571,-1.1713592909592916,0.30361112896395415,0.556727355970971,,
factor_filtered,331.0,,,,,,,,,,,0.1629975953861161,-0.4887620368733639,0.7095187099789768,-1.0565472552437076,-1.1667683282009778,0.3092667916036639,0.558006781136392,,
factor_filtered,332.0,,,,,,,,,,,0.593165187590992,0.7668832336752295,0.8600971358612245,-1.1499594777226565,-1.0418966059239738,0.31743323472659607,0.5939570296088877,,
factor_filtered,333.0,,,,,,,,,,,-0.019347787560196065,-1.4744267468512537,-0.2869929288260243,-1.134904537991968,-1.060435160121934,0.3197146536426191,0.5884769149047551,,
factor_filtered,334.0,,,,,,,,,,,-0.0876178659826153,-0.3194618669930041,0.5631565455159241,-1.2530574865980093,-1.0984399289135425,0.3226014297323115,0.5774000273090177,,
factor_filtered,335.0,,,,,,,,,,,0.2315978073330585,-1.8008938625758133,0.026998967477475138,-1.6175785208699514,-1.1166143072770829,0.3345372080297516,0.5721768519613578,,
factor_filtered,336.0,,,,,,,,,,,-0.12098398803847266,-0.5671126756082617,-0.03463927582330654,-1.6782536425726444,-1.2460361974794938,0.35168119442749024,0.5363233157489715,,
factor_filtered,337.0,,,,,,,,,,,0.10462072361309613,0.0216840690346294,-0.42833703455925076,-1.5543719077606832,-1.3461923750804399,0.3867313656709573,0.5101266822501215,,
factor_filtered,338.0,,,,,,,,,,,-0.3084891229224335,-0.2998789770267278,-0.277175790717952,-1.3914285544687057,-1.4311468397980414,0.38425585615776453,0.48891167971533545,,
factor_filtered,339.0,,,,,,,,,,,-0.2879619828638874,-0.20377183422793257,-0.05848293309169328,-1.461953242904546,-1.5646807905306814,0.38965914703465876,0.4573344145159219,,
factor_filtered,340.0,,,,,,,,,,,-0.6718097115565577,0.2288623971830236,0.25061298115307196,-1.2092996238486111,-1.4856729300003124,0.3618454344979949,0.47576251610320713,,
factor_filtered,341.0,,,,,,,,,,,-0.04356621365204698,0.3461059122561058,-0.19314673225428702,-1.2200313618694092,-1.5703577065855923,0.3660909528207112,0.4560381305699234,,
factor_filtered,342.0,,,,,,,,,,,0.07631733385173602,-1.2143803646036961,-0.10261215921936594,-1.342782285873455,-1.5450878195702837,0.35476537937439806,0.4618367017557007,,
factor_filtered,343.0,,,,,,,,,,,0.06118351794287588,-0.44610268036645045,-0.11807128061125775,-1.3153674572090925,-1.6674762410266994,0.3645417467954019,0.4344223243240493,,
factor_filtered,344.0,,,,,,,,,,,0.09557546654013127,0.3366431516565901,-0.3148689795021727,-1.399467922485448,-1.7280993305210721,0.3471448970704213,0.42145188273856476,,
factor_filtered,345.0,,,,,,,,,,,0.0020331169477685387,-0.39101529084882247,-0.07827930145382075,-1.228372162262591,-1.8064884444034215,0.37894144538088353,0.40525279468035696,,
factor_filtered,346.0,,,,,,,,,,,0.4477029685374983,0.43643589183892556,0.1484306921444317,-1.0726481777747257,-1.7906545657198638,0.35852611213835506,0.4084738902587997,,
factor_filtered,347.0,,,,,,,,,,,0.11026091292295047,0.877642458618084,-0.40612369619795435,-1.3132407746388393,-1.7140373962499442,0.37169764423229423,0.42442553866377336,,
factor_filtered,348.0,,,,,,,,,,,0.5639643145358001,0.9839126170883296,-0.0941384968395772,-1.0308212413225482,-1.63265047714012,0.3630694599557407,0.4420531131747269,,
factor_filtered,349.0,,,,,,,,,,,-0.26037831505737263,-0.3961512590775182,0.19789036716365524,-1.0125707352513942,-1.7044493785194086,0.37163042125520035,0.42646512344630616,,
factor_filtered,350.0,,,,,,,,,,,0.24049400495505985,1.1627067467159273,0.428477837927214,-1.0232392674800772,-1.5851022903600582,0.3632668281223839,0.45268844695378146,,
factor_filtered,351.0,,,,,,,,,,,-0.030273839030296606,-1.0435589098720093,0.08285174939020601,-1.2226138519753431,-1.638446736307153,0.3425561177426935,0.4407738406141768,,
factor_filtered,352.0,,,,,,,,,,,-0.03437380989716329,-0.9676320719065291,-0.30888805338214304,-1.2846804876592963,-1.642944573508037,0.3527676421911993,0.4397836899268986,,
factor_filtered,353.0,,,,,,,,,,,-0.20229722504454306,1.458659311969071,0.28833207718130394,-1.1154729160414019,-1.6141939843020654,0.3584993566031718,0.44615136900665814,,
factor_filtered,354.0,,,,,,,,,,,0.30281662612766164,-0.7580686135597978,-0.04346033221074178,-0.9666033784663476,-1.664587328089858,0.372182254868875,0.43505028187993855,,
factor_filtered,355.0,,,,,,,,,,,0.06295253888045063,1.041745274521058,0.980531993877069,-0.7863139293680652,-1.342178775782034,0.3420275742684475,0.5111514321871071,,
factor_filtered,356.0,,,,,,,,,,,0.23667009449901857,-0.8718417630633262,-0.2211808173045177,-0.6444464061040717,-1.3620547408536918,0.3362649134404314,0.5060967763229414,,
factor_filtered,357.0,,,,,,,,,,,-0.10605638745852979,-0.07385141770068865,-0.12541310741236805,-0.8638530889637246,-1.4607474929332245,0.32897107880732707,0.48172891196180584,,
factor_filtered,358.0,,,,,,,,,,,0.24927193326446,1.3096108437953973,-0.21050144220549744,-0.7721477068281694,-1.4304861741929282,0.33976523048731744,0.48907320995859854,,
factor_filtered,359.0,,,,,,,,,,,-0.11596688080512536,0.3709109823243926,0.2847977780597711,-0.6870094834433192,-1.536668381113702,0.36256428434675086,0.4637850026219497,,
factor_filtered,360.0,,,,,,,,,,,-0.440436767539919,-0.0680139520418435,-0.2204298192214591,-0.7651668648167912,-1.5319238074489698,0.3578894892915051,0.4648865397411228,,
factor_filtered,361.0,,,,,,,,,,,-0.34414635346597133,0.22020980663295753,-0.6301483698742528,-0.6560754662429992,-1.4337890977058634,0.3472893058319415,0.48826619082027795,,
factor_filtered,362.0,,,,,,,,,,,1.0217653195802787,-0.7345035910128921,0.14181108938614073,-0.8202320160514802,-1.2222954432887345,0.3529460006759735,0.5427276112532393,,
factor_filtered,363.0,,,,,,,,,,,0.798334288589714,-0.47430055967908763,0.016891523684514402,-0.7595882205534239,-1.2248063818369745,0.32882154721476037,0.5420466609586233,,
factor_filtered,364.0,,,,,,,,,,,0.5969584970033273,0.35268144275222385,-0.09442823702857685,-0.6410434470681895,-1.297147453759925,0.3517060083190381,0.5227908878594928,,
factor_filtered,365.0,,,,,,,,,,,0.03679192800941871,1.5978979832942957,0.7456932812824857,-0.5436778098087649,-1.0201089127742864,0.39744159593377015,0.6004628788829165,,
factor_filtered,366.0,,,,,,,,,,,1.1420943102696328,-0.21049243495180275,-1.2697677000821714,-0.28377084464243246,-0.71567692606988,0.3854367010923793,0.6991860102707818,,
factor_filtered,367.0,,,,,,,,,,,0.21530974102763728,-2.1175805996316632,-0.08700588677638718,-0.594680179504131,-0.6521053891249546,0.3919141125940625,0.721767153225277,,
factor_filtered,368.0,,,,,,,,,,,0.5939821293904971,1.047632788701119,0.32813666231949273,-0.7951073067555549,-0.6854025877508083,0.39371875034798137,0.7098502165022599,,
factor_filtered,369.0,,,,,,,,,,,-0.6169868095768293,2.1497494769041805,-0.5652379906208487,-0.8176047435105553,-0.5816479636951694,0.3986280870610736,0.7476472659272279,,
factor_filtered,370.0,,,,,,,,,,,0.2995177847056973,2.229532769074359,0.4282309010383586,-0.8269694363439569,-0.628215483452082,0.40132951848814047,0.7304403250183075,,
factor_filtered,371.0,,,,,,,,,,,-0.23486598466460526,-1.5805250027953557,0.821214375255478,-0.9053456669959994,-0.6035531266961107,0.41153252768744775,0.7395032785681143,,
factor_filtered,372.0,,,,,,,,,,,-0.01613514077347752,-0.4349229757502401,-0.10682956891597464,-0.6871035510867467,-0.7993612809492865,0.423036473463971,0.670534153314158,,
factor_filtered,373.0,,,,,,,,,,,-0.4875349767912683,0.3757125570385557,0.6166114778109855,-0.8368331219191716,-0.7870119583279744,0.3999441083878241,0.674687283498904,,
factor_filtered,374.0,,,,,,,,,,,-1.200870839388106,-0.6330431822253731,0.6774720975266125,-0.9594256096275358,-0.6006046616755608,0.36789592195134624,0.7405942823418549,,
factor_filtered,375.0,,,,,,,,,,,0.8251416902466965,-0.4217572012523575,-0.8243523705046192,-1.3047360404621924,-0.5784440686246457,0.38265313567166315,0.7488459174542197,,
factor_filtered,376.0,,,,,,,,,,,-0.7113321431287414,0.3029221761081757,-0.3192500407709273,-1.0948311824539045,-0.6943926481245397,0.40164608458211754,0.706666578984828,,
factor_filtered,377.0,,,,,,,,,,,0.6128273413194362,-0.5804747428193487,-0.5957931738540456,-0.9807556414169616,-0.7199515471997839,0.385156751678202,0.6976932284615935,,
factor_filtered,378.0,,,,,,,,,,,0.1733131808320869,-1.244143759301015,-0.6425146744633077,-0.831502885680377,-0.6867835025181099,0.37738819768490944,0.709360264343997,,
factor_filtered,379.0,,,,,,,,,,,-0.3849872697074102,0.9522420706134309,-0.7544592705984556,-0.7627677236396643,-0.6758126314903651,0.36095956255086287,0.7132621061972307,,
factor_filtered,380.0,,,,,,,,,,,-0.2886294721321041,-0.39101684919735813,0.6653008089839103,-0.8766061069429699,-0.7744658975702681,0.39300688380098936,0.6789329199051332,,
factor_filtered,381.0,,,,,,,,,,,-0.607704835875807,-0.3556436882960058,0.5943624430004723,-0.547280391960053,-0.8068740688491629,0.40958707884518303,0.6680200877439958,,
factor_filtered,382.0,,,,,,,,,,,-0.41256695485870554,-2.358571546540244,0.1308306554213645,-0.39655174709820373,-0.6183776606016096,0.35477491091238866,0.7340421475390891,,
factor_filtered,383.0,,,,,,,,,,,0.3641544783191614,0.8599217144332887,1.01197204237141,-0.5081188538396969,-0.5768818729382674,0.3364776587777002,0.7494310678853433,,
factor_filtered,384.0,,,,,,,,,,,-0.5498045173405178,1.5439058240650807,-0.014206506558774024,-0.7357371148431893,-0.5883851684948813,0.35263752241709756,0.7451329767508269,,
factor_filtered,385.0,,,,,,,,,,,-0.4275776915197016,-0.587854466848356,0.3675694022731698,-0.7662780864119042,-0.6717485939234392,0.3813025942266986,0.7147129417578909,,
factor_filtered,386.0,,,,,,,,,,,-0.5245811682630128,-1.224287842354003,0.1254213046070013,-0.8108104814784269,-0.7127394824113723,0.3923022182842171,0.7002136745184973,,
factor_filtered,387.0,,,,,,,,,,,0.3330352543019559,-0.7185197114580163,-0.25263129787894084,-0.6078705671810398,-0.828796201264612,0.3991114717802271,0.6607378587413835,,
factor_filtered,388.0,,,,,,,,,,,0.20916711177031141,0.29681986881489514,0.4413557040257219,-0.8841331845054251,-0.9042104014989222,0.4067547324045701,0.6362872283107145,,
factor_filtered,389.0,,,,,,,,,,,0.30326656455666084,1.6640828168371793,0.5500356064735169,-0.9664328196282419,-0.7880138633575018,0.38653732583541794,0.6743493818509627,,
factor_filtered,390.0,,,,,,,,,,,0.838385534031442,0.8294471367439387,0.5831402284144167,-0.9946993356753339,-0.755471775816702,0.3726644712683865,0.6854115022279613,,
factor_filtered,391.0,,,,,,,,,,,-0.07358345901355264,0.04714203707805515,-0.3275879553783583,-1.080279659842626,-0.9425347056136107,0.3921252845002485,0.6242106716258096,,
factor_filtered,392.0,,,,,,,,,,,1.3834184184472829,-0.935336287039654,-0.1090447382798373,-0.9457476304551249,-0.7828242655556721,0.4041442340602109,0.6761014550415606,,
factor_filtered,393.0,,,,,,,,,,,-1.123506954147639,0.7706219799911795,-0.41445414858147295,-0.8904186339411866,-0.7597202875421383,0.40740584450961337,0.6839570581785556,,
factor_filtered,394.0,,,,,,,,,,,0.03588825142363196,0.17118867695711934,0.4361713105618941,-0.7470977578425599,-0.9086755751962386,0.40421584994583004,0.6348682464023953,,
factor_filtered,395.0,,,,,,,,,,,0.39285295988937424,-0.2528811686988039,-1.1025609509285894,-0.6288887529464858,-0.7678961056406066,0.37909337636189205,0.6811668109552276,,
factor_filtered,396.0,,,,,,,,,,,0.2780779460253884,-0.5988796290889242,0.668815660396346,-0.8298963070861183,-0.8182367228471548,0.3949625395224777,0.6642356077971235,,
factor_filtered,397.0,,,,,,,,,,,-0.21938085390664044,0.7869306121043684,-0.1920584907275339,-0.644868712629036,-0.9108175103380676,0.3707274371000278,0.6341886870566588,,
factor_filtered,398.0,,,,,,,,,,,-0.2902886382793389,-0.22948020045292283,-1.6287971490939364,-0.5341806797085217,-0.7143032989236383,0.34036873484243274,0.6996663856580567,,
factor_filtered,399.0,,,,,,,,,,,-0.48924056401350213,0.12410199628907649,-0.18938371279895325,-0.6984533328363093,-0.8166006059705602,0.3439666469638899,0.6647792136614658,,
factor_filtered,400.0,,,,,,,,,,,0.7793824176068278,0.716321483585145,-0.4861930666317706,-0.807839300897751,-0.795749064060091,0.35400457612616903,0.6717463050200599,,
factor_filtered,401.0,,,,,,,,,,,-1.0157807498064761,-0.08071219130868822,0.7282996845624093,-0.8186708346362631,-0.7495823633858852,0.33313158707086726,0.6874328123603249,,
factor_filtered,402.0,,,,,,,,,,,-0.6664240190169974,-0.23719581494371503,-0.0905104560718312,-0.8878742449520295,-0.8529833103809292,0.3915331982033031,0.6527953130053769,,
factor_filtered,403.0,,,,,,,,,,,-0.295401966256046,-0.5329112518491949,0.2919932147065022,-0.9035608164575218,-0.9642564730446754,0.40325952534854603,0.6174678747545413,,
factor_filtered,404.0,,,,,,,,,,,-0.2200405116325188,1.192653536035842,-0.7533261264544002,-0.9028224756045029,-0.8410403565128712,0.39515977189681156,0.6567051272241616,,
factor_filtered,405.0,,,,,,,,,,,0.023325154505391674,-0.2645495322225034,0.6100663548979203,-0.7786649033216664,-0.9547629413222766,0.38136198481438105,0.6204058175296242,,
factor_filtered,406.0,,,,,,,,,,,0.14702772276058504,-0.8226779463922845,1.6917697691549016,-0.8407390209677852,-0.6634558316603933,0.39769900861886165,0.7176825663571552,,
factor_filtered,407.0,,,,,,,,,,,0.77304579117546,-0.5661646930874074,0.4467934785336598,-0.7051846318546112,-0.6975314219753359,0.3879092577852055,0.7055584154912508,,
factor_filtered,408.0,,,,,,,,,,,1.0539228213084466,-0.9828551730670304,1.1956458379831343,-0.5399185601128147,-0.5289382548580962,0.34130802416265804,0.7676133466992741,,
factor_filtered,409.0,,,,,,,,,,,0.25540607569389473,-0.6498188745392438,-0.2558011474531482,-0.5789340006660346,-0.6273928734887704,0.35331774615363504,0.7307408205562094,,
factor_filtered,410.0,,,,,,,,,,,0.3637314319189109,0.9928889034171854,0.5097306371259755,-0.47631594452809206,-0.6702428147948103,0.3744427231093397,0.7152512442889722,,
factor_filtered,411.0,,,,,,,,,,,-0.08251473681357739,-1.4655513889789886,0.045172448742035534,-0.5484555643767237,-0.6919384712187144,0.36836562065881867,0.707534253631855,,
factor_filtered,412.0,,,,,,,,,,,0.11831647185925262,0.4991555928820633,0.6403415410881834,-0.5214967773701145,-0.7891119810204124,0.3564349854926553,0.6739792259953409,,
factor_filtered,413.0,,,,,,,,,,,0.7243832123553569,-0.5638529785520702,-0.28152807876396485,-0.4460279266191483,-0.7935921079946475,0.3515921404234351,0.6724711594531202,,
factor_filtered,414.0,,,,,,,,,,,-0.470209357924871,-1.7215798424316318,-0.9531880239813615,-0.6945084978889612,-0.6686658135186849,0.39678074915210715,0.7158154427576637,,
factor_filtered,415.0,,,,,,,,,,,0.1893456759089812,-0.5363022516299543,-0.2008410742465679,-0.7129153047624199,-0.792088925117595,0.3794504230517562,0.6729767730028272,,
factor_filtered,416.0,,,,,,,,,,,0.6315886628915964,-2.1542774190434586,0.6108832051696633,-0.5486897956481023,-0.6545160845845757,0.39351421215541627,0.720897696929538,,
factor_filtered,417.0,,,,,,,,,,,-0.21316090181454667,0.9859356765659314,0.04621669784612346,-0.6154724819684898,-0.7775807027025531,0.37824123320710307,0.6778763709829907,,
factor_filtered,418.0,,,,,,,,,,,-0.013246490860100274,0.006396224048040578,0.4594585727954681,-0.6925145277209506,-0.9017799382419791,0.37677713903852234,0.6370609346963689,,
factor_filtered,419.0,,,,,,,,,,,0.7568445188470331,0.26239560854920996,-0.3184510035611366,-0.5733635568662667,-0.8783928506460452,0.3731049306498046,0.6445541604354312,,
factor_filtered,420.0,,,,,,,,,,,0.11264740368459364,-0.890799592057803,-0.6854527223377105,-0.5769691053871271,-0.8683403487302417,0.3759676935866981,0.6478020068096346,,
factor_filtered,421.0,,,,,,,,,,,0.9587477571934271,-0.02887084420668223,1.1199463706814434,-0.5588180007624627,-0.6836048327924749,0.3339883019879467,0.7104885717340447,,
factor_filtered,422.0,,,,,,,,,,,-0.15567971469867103,-0.8424401325741365,-0.5710127231116969,-0.38985322410331696,-0.7479213374177902,0.34586035074674454,0.6880039713813121,,
factor_filtered,423.0,,,,,,,,,,,0.5651933556646898,-0.11180913332606182,0.44527960581933335,-0.6938910234944076,-0.7908462282785089,0.3275093839844034,0.673395055993402,,
factor_filtered,424.0,,,,,,,,,,,-1.079357465743246,-0.2908294951337027,0.5928787728236549,-0.5037954758378571,-0.7568208372343302,0.32364550028056593,0.684949327014745,,
factor_filtered,425.0,,,,,,,,,,,0.7743405786337727,0.5569443000150197,-0.12749356596017575,-0.6060551140182517,-0.8064040184584609,0.3410152834399862,0.6681771077467218,,
factor_filtered,426.0,,,,,,,,,,,0.33336874952794315,0.023301564070408665,0.4810268658215056,-0.9264228256037139,-0.8895261530796168,0.3627133102252939,0.6409761203241984,,
factor_filtered,427.0,,,,,,,,,,,-0.38514882862187233,-0.2928891019346194,-0.03188932040544459,-1.0101236256023625,-1.0454280036945853,0.37221537849782815,0.5929092056867861,,
factor_filtered,428.0,,,,,,,,,,,-1.050852534368671,-0.8412817095887568,0.11699304692608528,-0.9506117264808119,-0.934441558840817,0.3513443721420388,0.6267417034664071,,
factor_filtered,429.0,,,,,,,,,,,1.0611225012768788,-0.9304002579938192,0.30889282077637154,-0.7566304909672646,-0.8695671254639439,0.3353788730874332,0.647404774435948,,
factor_filtered,430.0,,,,,,,,,,,-0.07390141435127014,-0.06016684623053205,-0.2566780819022737,-0.5794986207134032,-1.018389221790991,0.3886375172732613,0.6009794062172518,,
factor_filtered,431.0,,,,,,,,,,,-0.11103861132355,0.20981510967831238,-0.5920580436258942,-0.4338086214783073,-1.0870680128115726,0.40339678167937754,0.5806924510642473,,
factor_filtered,432.0,,,,,,,,,,,0.759687118383647,0.7627184385900763,-0.10696406965861156,-0.5531816228530365,-1.0734051700227432,0.38548276551973526,0.5846729867760372,,
factor_filtered,433.0,,,,,,,,,,,-0.7346910748654141,1.1127887053499619,-0.3067475773658036,-0.4273118125810311,-0.9831139222105171,0.39655433840760884,0.6116733008737584,,
factor_filtered,434.0,,,,,,,,,,,0.5453302304599646,1.8877879478245663,0.6441070212143564,-0.24554151242320407,-0.7692800970123114,0.3887082222350537,0.6806956095141862,,
factor_filtered,435.0,,,,,,,,,,,-0.19890974881759174,0.3275260373783772,-0.654244634972448,-0.2813139299200983,-0.8207835612192218,0.3953346507156402,0.6633902957626191,,
factor_filtered,436.0,,,,,,,,,,,-0.5160911020700484,1.165137107523509,-0.09079195794279055,-0.10314762159609905,-0.889855918511503,0.38828576451144053,0.6408704431530335,,
factor_filtered,437.0,,,,,,,,,,,0.2564675860462473,-0.23910404317861753,0.3026087824973145,-0.10633152089155976,-1.0477894294370138,0.41659314985749746,0.5922095632758502,,
factor_filtered,438.0,,,,,,,,,,,-0.2052129130143991,-0.1291341503134816,-0.4543329189528577,-0.4422576239371654,-1.170968601769128,0.41026552794613214,0.5568361202738076,,
factor_filtered,439.0,,,,,,,,,,,-0.10125342391132332,-0.09957247405970793,0.4233381619675585,-0.570975610383423,-1.2701819700855994,0.4050245951186895,0.529887274307893,,
factor_filtered,440.0,,,,,,,,,,,0.3778865433946178,-0.050901178713157226,0.19892818471420154,-0.6239776737902044,-1.380769830401916,0.40611310338314394,0.5013830419645513,,
factor_filtered,441.0,,,,,,,,,,,0.7279750341348136,-1.2800520573412582,0.6138310209405315,-0.848022016952094,-1.0968712636170495,0.41959358071963615,0.577853078649788,,
factor_filtered,442.0,,,,,,,,,,,0.2607022395158084,-0.8146762461069447,-0.40121157438554195,-0.9120590221051609,-1.141674102536689,0.40752451211223895,0.5650522629775894,,
factor_filtered,443.0,,,,,,,,,,,-0.24976277837681268,0.3143937628190108,-0.3168560227333695,-1.036092638098673,-1.2651069445553054,0.3707423978202095,0.5312335774388279,,
factor_filtered,444.0,,,,,,,,,,,0.4022398436118077,2.281078168056165,0.471603803372655,-0.9763645736511511,-1.0736674915741335,0.3597263723289631,0.584596305642452,,
factor_filtered,445.0,,,,,,,,,,,0.4572102540359245,-0.5741406781594864,-0.19746398638558188,-0.8454053664172717,-1.1370001526047737,0.37481631224041023,0.5663743201762181,,
factor_filtered,446.0,,,,,,,,,,,0.5973971896073439,0.18089020928388122,0.0003860905112541742,-0.7537596139703179,-1.228145999950136,0.4018031393059308,0.5411423017987556,,
factor_filtered,447.0,,,,,,,,,,,-0.7057776734786916,0.43954999298686825,0.057679778215534515,-0.8170572415727416,-1.2860144150166124,0.4241894289257661,0.5257091281492277,,
factor_filtered,448.0,,,,,,,,,,,0.3039788947915025,-0.7267187869428581,0.4340809673070764,-0.8894999744559796,-1.2419598672784704,0.3907678706786079,0.5374175459458247,,
factor_filtered,449.0,,,,,,,,,,,-0.06012335889979406,1.597106678888055,-0.16335848608414802,-0.8575435228135412,-1.2594727527257223,0.4065368747927015,0.5327322233030939,,
factor_filtered,450.0,,,,,,,,,,,-1.10568118685638,-0.03155427771450517,-0.46719004071901016,-0.8367262804613427,-1.1063754743267484,0.4019670473530917,0.5751135743024633,,
factor_filtered,451.0,,,,,,,,,,,0.5856895973777974,0.3866930399242817,0.3534056360241242,-1.061704338164856,-1.1843979119325931,0.3916414098052477,0.5531096826617637,,
factor_filtered,452.0,,,,,,,,,,,-0.7701858830417324,0.40527231980866435,0.13442509119397275,-1.072444096321883,-1.281905409412937,0.37776156531698296,0.5267903092905001,,
factor_filtered,453.0,,,,,,,,,,,1.03885287039652,-0.14222333155461242,-0.33415063488797636,-1.1963748713627838,-1.2547546257842659,0.38103914825259305,0.533990455972608,,
factor_filtered,454.0,,,,,,,,,,,-0.19795225238339628,0.9520336782737281,0.23126163881271164,-1.0670561106345937,-1.2582629820954263,0.375310779760951,0.533054562681226,,
factor_filtered,455.0,,,,,,,,,,,0.27384036529364697,-0.5317420359394494,-0.2688044739762424,-1.0065419404261906,-1.3340115116867663,0.3863385366032987,0.5132430543577786,,
factor_filtered,456.0,,,,,,,,,,,-0.15567150701560972,-0.7895897546393362,-0.632863342672212,-0.8925816964515335,-1.248338655530688,0.36110447860767303,0.5357062400466589,,
factor_filtered,457.0,,,,,,,,,,,0.07228382728756988,0.20660883978545028,0.31313790660586455,-0.8719073501942047,-1.378554400234348,0.3863124276272103,0.5019387392431961,,
factor_filtered,458.0,,,,,,,,,,,-0.7233190418604616,0.37059012112478595,-0.9298799717847677,-0.6411650208928744,-1.1537621317038824,0.3460281586341719,0.5616473788095027,,
factor_filtered,459.0,,,,,,,,,,,-0.01124428207219303,-0.684016551224345,0.21065835445606967,-0.8555472491538751,-1.2229155476519142,0.35379660888629405,0.542559363457507,,
factor_filtered,460.0,,,,,,,,,,,0.7149450972725042,0.19424836436578533,-0.25613835795878925,-0.8031223954307183,-1.2719352527131529,0.3365435539440826,0.529422956781289,,
factor_filtered,461.0,,,,,,,,,,,1.3145992036896263,0.4488111487599187,0.3928512103729028,-1.0367835142523874,-1.1664014189405258,0.32412844452277373,0.5581091594546901,,
factor_filtered,462.0,,,,,,,,,,,0.2592479644579368,1.1650850071355887,-0.6240180105782026,-0.8051183711024672,-1.0602521864258478,0.3222013122192041,0.5885307552656507,,
factor_filtered,463.0,,,,,,,,,,,0.816892344964025,0.49723639783578016,-0.4005618730609704,-0.6933368012280792,-1.0753250775770908,0.3332607275725143,0.5841119970391583,,
factor_filtered,464.0,,,,,,,,,,,-0.3365377233622935,0.48005274874212966,0.2944047829724187,-0.8410750120021101,-1.1460898577257619,0.3380406047844216,0.563806072970153,,
factor_filtered,465.0,,,,,,,,,,,0.9661527969445767,0.06309063484249017,-0.051577787325602094,-0.9224771105089483,-1.1590517407935923,0.35138001358475274,0.5601638938979864,,
factor_filtered,466.0,,,,,,,,,,,0.19383126429721703,-0.36949821837305147,-0.46510986634834967,-0.8748712024542238,-1.2201903654842534,0.36620066286583425,0.543299153910079,,
factor_filtered,467.0,,,,,,,,,,,-0.3812059230409853,-0.6131243088898016,-0.21184387915706265,-0.9171941420787754,-1.284366422347056,0.36602868256430626,0.5261424890633646,,
factor_filtered,468.0,,,,,,,,,,,-1.1080795594302761,-1.5017254523021275,-0.23969203254681137,-0.9497441067472937,-1.0905319148178336,0.3421319157014118,0.5796875906268237,,
factor_filtered,469.0,,,,,,,,,,,0.24635612827564948,0.12577655131285273,-0.5737931756927506,-0.9515589759354114,-1.1012311839720657,0.3378885668951554,0.5765947539970179,,
factor_filtered,470.0,,,,,,,,,,,-1.0270100092612853,0.7516354211391605,1.042275867121442,-1.068122575232608,-0.903533482349888,0.2928159586637989,0.636502622264296,,
factor_filtered,471.0,,,,,,,,,,,-0.7987381696201795,-0.6955130863141444,0.6757752806003212,-1.0486076575931416,-0.8747996881334492,0.28481647901108104,0.6457131951970507,,
factor_filtered,472.0,,,,,,,,,,,0.14290276777983552,0.2938125384192322,-0.09395069866757308,-0.9718632325764022,-0.9924325632428601,0.32340683530483044,0.6088299481036747,,
factor_filtered,473.0,,,,,,,,,,,2.7483881085974646,0.11303637443231135,0.36756371747289873,-0.9664057922052576,-0.7188756933437295,0.3490959215308421,0.698068637398921,,
factor_filtered,474.0,,,,,,,,,,,0.46801209695051005,-0.5847084433486451,-0.3605325320598744,-0.6908541757582978,-0.7514278526152645,0.3327532273175851,0.686798780004717,,
factor_filtered,475.0,,,,,,,,,,,0.5079879006509386,0.4860114346877491,0.42755162176908745,-0.7617805657303622,-0.838418854489622,0.3308935963074119,0.6575664685126722,,
factor_filtered,476.0,,,,,,,,,,,1.213100792482221,0.485990405721475,-0.9982708438388282,-0.9766151233996959,-0.738655958978808,0.3086265972238369,0.691198674281667,,
factor_filtered,477.0,,,,,,,,,,,-1.7424861135477956,-0.654042114135493,-0.689796887017082,-0.8112242211669817,-0.6885589351312953,0.2861478641286182,0.7087308330896189,,
factor_filtered,478.0,,,,,,,,,,,0.36812314576023913,-0.35449171868113644,-0.6321295884358857,-0.7996133389300514,-0.7799943350102634,0.32362175756786143,0.6770587922610033,,
factor_filtered,479.0,,,,,,,,,,,1.0737341776571774,0.6634965090638855,0.540649586697498,-0.8517094900241461,-0.7622272953867324,0.32957592921358686,0.6831002524403124,,
factor_filtered,480.0,,,,,,,,,,,-0.5700618009161232,0.325332337026902,0.1407366948083901,-0.8408995151782512,-0.8913509743406004,0.3682485517770841,0.6403915536211142,,
factor_filtered,481.0,,,,,,,,,,,0.7263080808729295,0.04741722855718662,-0.5526443007870039,-0.8856506785361128,-0.9448041984325208,0.36539361205394094,0.623502752537723,,
factor_filtered,482.0,,,,,,,,,,,0.20024965820823332,-0.6825544517639834,0.06478598008901527,-0.7035443852028829,-1.017435443983747,0.3748115271288548,0.6012660749765243,,
factor_filtered,483.0,,,,,,,,,,,-0.7581422525998015,-0.2008839863948768,0.9063707777625253,-0.7714876781758757,-0.9247655343150119,0.35295788839804915,0.6297812342283056,,
factor_filtered,484.0,,,,,,,,,,,1.5983889015787327,0.7513924658447533,0.6915308165620481,-0.558326873265784,-0.8120648282322046,0.3485324972291384,0.6662885699197932,,
factor_filtered,485.0,,,,,,,,,,,0.10656412146057885,0.16593849576800174,0.16598834064042664,-0.6909127909765884,-0.9279490830524941,0.3651459557705648,0.6287795620313098,,
factor_filtered,486.0,,,,,,,,,,,0.001955787509932724,-0.8663163714062805,0.27978249931973065,-0.6692001008597221,-0.9864786795540992,0.3672405491097805,0.6106450999124663,,
factor_filtered,487.0,,,,,,,,,,,0.7074688684093664,-0.4161425132500942,-0.4007864825531534,-0.6572486023146652,-1.03859654199291,0.3720565310839748,0.5949378866941263,,
factor_filtered,488.0,,,,,,,,,,,-0.3804589031050949,0.0013872934063415645,-1.44672667137956,-0.5446658356951334,-0.8486309179171162,0.3757696882906265,0.6542174705914774,,
factor_filtered,489.0,,,,,,,,,,,0.8645567459589432,0.40350516810798454,0.8369184149230029,-0.5988697542414838,-0.8028777377754964,0.40858854419370944,0.6693562369403099,,
factor_filtered,490.0,,,,,,,,,,,0.668495626207429,-0.0336684107966559,1.2438441084527379,-0.6154310209066318,-0.7234158409855003,0.38777101868426395,0.6964857673556458,,
factor_filtered,491.0,,,,,,,,,,,0.26989619101973583,-0.46129689482818276,1.3363865824594703,-0.3612725519309713,-0.6430117062272884,0.3878993548409774,0.7250563861775948,,
factor_filtered,492.0,,,,,,,,,,,0.8874012602741669,-0.19084073373896676,-0.5064800546594758,-0.6481727610329298,-0.6959971012802839,0.39802525735509925,0.706099899606493,,
factor_filtered,493.0,,,,,,,,,,,1.440208881099868,-0.4189192222401423,0.9651115572011733,-1.0921243194564365,-0.5934435097063746,0.381312923182644,0.7432507895182838,,
factor_filtered,494.0,,,,,,,,,,,0.28405343819847145,0.08292772533377786,-0.27805877635904297,-1.2541718057622768,-0.7327672471424266,0.3902986928118951,0.6932368082123632,,
factor_filtered,495.0,,,,,,,,,,,-1.0009667877397463,-0.39630702491548303,-0.6582423612722318,-1.3555466054514609,-0.7299209616979876,0.39471438861558916,0.6942240854823455,,
factor_filtered,496.0,,,,,,,,,,,-0.6593752919645868,-0.26516144832160266,0.16404105548500345,-1.3297255093677751,-0.8462980941265468,0.3850587308988468,0.6549810028412612,,
factor_filtered,497.0,,,,,,,,,,,0.6899194810677539,-1.3162345321328304,0.16058490376404236,-1.2010327925514797,-0.7812551206529911,0.360469230966381,0.6766321137603826,,
factor_filtered,498.0,,,,,,,,,,,-0.15780394350474047,1.0354325193047496,0.30715010098942835,-1.3289486472942027,-0.8065693996644528,0.34921214403443473,0.6681218580631204,,
factor_filtered,499.0,,,,,,,,,,,-0.7785268191493765,-0.7921261981148557,0.28545262072877736,-0.980158321553196,-0.836414769229461,0.37162539941794914,0.6582257083842995,,
svj_parameters,,,,,,,,,,,,,,,,,,,mu,-1.0
svj_parameters,,,,,,,,,,,,,,,,,,,phi,0.97
svj_parameters,,,,,,,,,,,,,,,,,,,sigma,0.15
svj_parameters,,,,,,,,,,,,,,,,,,,lambda_jump,0.05
svj_parameters,,,,,,,,,,,,,,,,,,,mu_jump,-0.5
svj_parameters,,,,,,,,,,,,,,,,,,,sigma_jump,1.0
factor_parameters,,,,,,,,,,,,,,,,,,,mu,-1.0
factor_parameters,,,,,,,,,,,,,,,,,,,phi,0.97
factor_parameters,,,,,,,,,,,,,,,,,,,sigma,0.15
factor_parameters,,,,,,,,,,,,,,,,,,,phi_0,0.95
factor_parameters,,,,,,,,,,,,,,,,,,,sigma_0,0.2
factor_parameters,,,,,,,,,,,,,,,,,,,beta_0,1.0
factor_parameters,,,,,,,,,,,,,,,,,,,phi_1,0.9
factor_parameters,,,,,,,,,,,,,,,,,,,sigma_1,0.25
factor_parameters,,,,,,,,,,,,,,,,,,,beta_1,0.8
factor_parameters,,,,,,,,,,,,,,,,,,,phi_2,0.93
factor_parameters,,,,,,,,,,,,,,,,,,,sigma_2,0.18
factor_parameters,,,,,,,,,,,,,,,,,,,beta_2,1.2
svj_metrics,,,,,,,,,,,,,,,,,,,log_likelihood,-488.67199603269574
svj_metrics,,,,,,,,,,,,,,,,,,,n_jumps_true,29.0
svj_metrics,,,,,,,,,,,,,,,,,,,n_jumps_detected,7.0
svj_metrics,,,,,,,,,,,,,,,,,,,true_positives,4.0
svj_metrics,,,,,,,,,,,,,,,,,,,false_positives,3.0
svj_metrics,,,,,,,,,,,,,,,,,,,false_negatives,25.0
svj_metrics,,,,,,,,,,,,,,,,,,,precision,0.5714285714285714
svj_metrics,,,,,,,,,,,,,,,,,,,recall,0.13793103448275862
svj_metrics,,,,,,,,,,,,,,,,,,,f1,0.2222222222222222
svj_metrics,,,,,,,,,,,,,,,,,,,rmse_h,0.5191223041708777
factor_metrics,,,,,,,,,,,,,,,,,,,log_likelihood,-1527.8330282776249
factor_metrics,,,,,,,,,,,,,,,,,,,rmse_h_common,0.39096054071542663
factor_metrics,,,,,,,,,,,,,,,,,,,mean_offdiag_corr,-0.0030069271723049498
